code,term,dmd_id,dmd_type,bnf_code
42126711000001104,Chlordiazepoxide 5mg / Clidinium bromide 2.5mg capsules,42126711000001104,VMP,0102000D0AAAHAH
17634911000001106,Librax capsules,17634911000001106,AMP,0102000D0BHABAH
36088911000001104,Clomethiazole 157.5mg/5ml oral solution sugar free,36088911000001104,VMP,0401010D0AAACAC
22582711000001101,Clomethiazole 31.5mg/ml oral solution sugar free,22582711000001101,AMP,0401010D0AAACAC
22582211000001108,Clomethiazole 31.5mg/ml oral solution sugar free,22582211000001108,AMP,0401010D0AAACAC
22474211000001103,Clomethiazole 31.5mg/ml oral solution sugar free,22474211000001103,AMP,0401010D0AAACAC
20453611000001108,Clomethiazole 250mg/5ml oral solution,20453611000001108,VMP,0401010D0AAAEAE
20427811000001102,Clomethiazole 250mg/5ml oral solution,20427811000001102,AMP,0401010D0AAAEAE
600511000001104,Heminevrin 250mg/5ml syrup,600511000001104,AMP,0401010D0BBABAC
42127111000001102,Clomethiazole 192mg capsules,42127111000001102,VMP,0401010F0AAAAAA
19471711000001104,Clomethiazole 192mg capsules,19471711000001104,AMP,0401010F0AAAAAA
19489711000001107,Clomethiazole 192mg capsules,19489711000001107,AMP,0401010F0AAAAAA
39846611000001108,Clomethiazole 192mg capsules,39846611000001108,AMP,0401010F0AAAAAA
19309511000001106,Clomethiazole 192mg capsules,19309511000001106,AMP,0401010F0AAAAAA
29789711000001102,Clomethiazole 192mg capsules,29789711000001102,AMP,0401010F0AAAAAA
297311000001106,Heminevrin 192mg capsules,297311000001106,AMP,0401010F0BBAAAA
42129311000001105,Flurazepam 15mg capsules,42129311000001105,VMP,0401010L0AAAAAA
42129411000001103,Flurazepam 30mg capsules,42129411000001103,VMP,0401010L0AAABAB
4657511000001100,Dalmane 15mg capsules,4657511000001100,AMP,0401010L0BBAAAA
4657811000001102,Dalmane 30mg capsules,4657811000001102,AMP,0401010L0BBABAB
39699311000001107,Loprazolam 1mg tablets,39699311000001107,VMP,0401010N0AAAAAA
13774911000001109,Loprazolam 1mg tablets,13774911000001109,AMP,0401010N0AAAAAA
526811000001102,Loprazolam 1mg tablets,526811000001102,AMP,0401010N0AAAAAA
39029111000001106,Loprazolam 1mg tablets,39029111000001106,AMP,0401010N0AAAAAA
22073411000001107,Loprazolam 1mg tablets,22073411000001107,AMP,0401010N0AAAAAA
436211000001107,Loprazolam 1mg tablets,436211000001107,AMP,0401010N0AAAAAA
42131911000001109,Lormetazepam 500microgram tablets,42131911000001109,VMP,0401010P0AAABAB
898611000001106,Lormetazepam 500microgram tablets,898611000001106,AMP,0401010P0AAABAB
15434611000001103,Lormetazepam 500microgram tablets,15434611000001103,AMP,0401010P0AAABAB
437911000001100,Lormetazepam 500microgram tablets,437911000001100,AMP,0401010P0AAABAB
20535911000001107,Lormetazepam 500microgram tablets,20535911000001107,AMP,0401010P0AAABAB
24370811000001105,Lormetazepam 500microgram tablets,24370811000001105,AMP,0401010P0AAABAB
327611000001101,Lormetazepam 500microgram tablets,327611000001101,AMP,0401010P0AAABAB
635811000001103,Lormetazepam 500microgram tablets,635811000001103,AMP,0401010P0AAABAB
37119411000001107,Lormetazepam 500microgram tablets,37119411000001107,AMP,0401010P0AAABAB
39030711000001102,Lormetazepam 500microgram tablets,39030711000001102,AMP,0401010P0AAABAB
17938811000001108,Lormetazepam 500microgram tablets,17938811000001108,AMP,0401010P0AAABAB
29897511000001103,Lormetazepam 500microgram tablets,29897511000001103,AMP,0401010P0AAABAB
17527111000001109,Lormetazepam 500microgram tablets,17527111000001109,AMP,0401010P0AAABAB
195911000001100,Lormetazepam 500microgram tablets,195911000001100,AMP,0401010P0AAABAB
21788111000001104,Lormetazepam 500microgram tablets,21788111000001104,AMP,0401010P0AAABAB
22806311000001101,Lormetazepam 500microgram tablets,22806311000001101,AMP,0401010P0AAABAB
42131811000001104,Lormetazepam 1mg tablets,42131811000001104,VMP,0401010P0AAACAC
877811000001100,Lormetazepam 1mg tablets,877811000001100,AMP,0401010P0AAACAC
15434811000001104,Lormetazepam 1mg tablets,15434811000001104,AMP,0401010P0AAACAC
274511000001102,Lormetazepam 1mg tablets,274511000001102,AMP,0401010P0AAACAC
20536111000001103,Lormetazepam 1mg tablets,20536111000001103,AMP,0401010P0AAACAC
24371011000001108,Lormetazepam 1mg tablets,24371011000001108,AMP,0401010P0AAACAC
171511000001102,Lormetazepam 1mg tablets,171511000001102,AMP,0401010P0AAACAC
918311000001109,Lormetazepam 1mg tablets,918311000001109,AMP,0401010P0AAACAC
39030911000001100,Lormetazepam 1mg tablets,39030911000001100,AMP,0401010P0AAACAC
17939011000001107,Lormetazepam 1mg tablets,17939011000001107,AMP,0401010P0AAACAC
29897811000001100,Lormetazepam 1mg tablets,29897811000001100,AMP,0401010P0AAACAC
13925911000001100,Lormetazepam 1mg tablets,13925911000001100,AMP,0401010P0AAACAC
529711000001100,Lormetazepam 1mg tablets,529711000001100,AMP,0401010P0AAACAC
21788311000001102,Lormetazepam 1mg tablets,21788311000001102,AMP,0401010P0AAACAC
22810111000001103,Lormetazepam 1mg tablets,22810111000001103,AMP,0401010P0AAACAC
12818111000001102,Lormetazepam 2mg/5ml oral suspension,12818111000001102,VMP,0401010P0AAAEAE
12812011000001101,Lormetazepam 2mg/5ml oral suspension,12812011000001101,AMP,0401010P0AAAEAE
12818211000001108,Lormetazepam 500micrograms/5ml oral suspension,12818211000001108,VMP,0401010P0AAAFAF
12812311000001103,Lormetazepam 500micrograms/5ml oral suspension,12812311000001103,AMP,0401010P0AAAFAF
8660311000001101,Lormetazepam 1mg/5ml oral suspension,8660311000001101,VMP,0401010P0AAAGAG
8600111000001102,Lormetazepam 1mg/5ml oral suspension,8600111000001102,AMP,0401010P0AAAGAG
14796811000001102,Lormetazepam 125micrograms/5ml oral suspension,14796811000001102,VMP,0401010P0AAAHAH
14787411000001101,Lormetazepam 125micrograms/5ml oral suspension,14787411000001101,AMP,0401010P0AAAHAH
42132311000001104,Nitrazepam 2.5mg/5ml oral suspension,42132311000001104,VMP,0401010R0AAAAAA
31065311000001109,Nitrazepam 2.5mg/5ml oral suspension,31065311000001109,AMP,0401010R0AAAAAA
28040211000001108,Nitrazepam 2.5mg/5ml oral suspension,28040211000001108,AMP,0401010R0AAAAAA
24328411000001107,Nitrazepam 2.5mg/5ml oral suspension,24328411000001107,AMP,0401010R0AAAAAA
42132411000001106,Nitrazepam 5mg tablets,42132411000001106,VMP,0401010R0AAACAC
116211000001104,Nitrazepam 5mg tablets,116211000001104,AMP,0401010R0AAACAC
380111000001104,Nitrazepam 5mg tablets,380111000001104,AMP,0401010R0AAACAC
479011000001105,Nitrazepam 5mg tablets,479011000001105,AMP,0401010R0AAACAC
9799011000001102,Nitrazepam 5mg tablets,9799011000001102,AMP,0401010R0AAACAC
10397811000001102,Nitrazepam 5mg tablets,10397811000001102,AMP,0401010R0AAACAC
30064511000001107,Nitrazepam 5mg tablets,30064511000001107,AMP,0401010R0AAACAC
35995611000001105,Nitrazepam 5mg tablets,35995611000001105,AMP,0401010R0AAACAC
35842911000001105,Nitrazepam 5mg tablets,35842911000001105,AMP,0401010R0AAACAC
22600411000001102,Nitrazepam 5mg tablets,22600411000001102,AMP,0401010R0AAACAC
148911000001104,Nitrazepam 5mg tablets,148911000001104,AMP,0401010R0AAACAC
499911000001104,Nitrazepam 5mg tablets,499911000001104,AMP,0401010R0AAACAC
30850911000001102,Nitrazepam 5mg tablets,30850911000001102,AMP,0401010R0AAACAC
39058011000001101,Nitrazepam 5mg tablets,39058011000001101,AMP,0401010R0AAACAC
20480211000001105,Nitrazepam 5mg tablets,20480211000001105,AMP,0401010R0AAACAC
17946511000001105,Nitrazepam 5mg tablets,17946511000001105,AMP,0401010R0AAACAC
29929511000001106,Nitrazepam 5mg tablets,29929511000001106,AMP,0401010R0AAACAC
120111000001101,Nitrazepam 5mg tablets,120111000001101,AMP,0401010R0AAACAC
811211000001104,Nitrazepam 5mg tablets,811211000001104,AMP,0401010R0AAACAC
199211000001107,Nitrazepam 5mg tablets,199211000001107,AMP,0401010R0AAACAC
156511000001108,Nitrazepam 5mg tablets,156511000001108,AMP,0401010R0AAACAC
21820311000001105,Nitrazepam 5mg tablets,21820311000001105,AMP,0401010R0AAACAC
418911000001108,Nitrazepam 5mg tablets,418911000001108,AMP,0401010R0AAACAC
12141611000001102,Nitrazepam 6mg/5ml oral suspension,12141611000001102,VMP,0401010R0AAANAN
12134211000001101,Nitrazepam 6mg/5ml oral suspension,12134211000001101,AMP,0401010R0AAANAN
28772911000001103,Nitrazepam 2.5mg/5ml oral suspension sugar free,28772911000001103,VMP,0401010R0AAAQAQ
28713011000001101,Nitrazepam 2.5mg/5ml oral suspension sugar free,28713011000001101,AMP,0401010R0AAAQAQ
12141411000001100,Nitrazepam 450micrograms/5ml oral suspension,12141411000001100,VMP,0401010R0AAATAT
12135011000001105,Nitrazepam 450micrograms/5ml oral suspension,12135011000001105,AMP,0401010R0AAATAT
12144111000001108,Nitrazepam 10mg/5ml oral suspension,12144111000001108,VMP,0401010R0AAAUAU
12142311000001103,Nitrazepam 10mg/5ml oral suspension,12142311000001103,AMP,0401010R0AAAUAU
12141311000001107,Nitrazepam 2mg/5ml oral suspension,12141311000001107,VMP,0401010R0AAAVAV
12136811000001107,Nitrazepam 2mg/5ml oral suspension,12136811000001107,AMP,0401010R0AAAVAV
12141511000001101,Nitrazepam 4mg/5ml oral suspension,12141511000001101,VMP,0401010R0AAAWAW
12134511000001103,Nitrazepam 4mg/5ml oral suspension,12134511000001103,AMP,0401010R0AAAWAW
42132511000001105,Nitrazepam 5mg/5ml oral suspension,42132511000001105,VMP,0401010R0AAAXAX
8642211000001100,Nitrazepam 5mg/5ml oral suspension,8642211000001100,AMP,0401010R0AAAXAX
514911000001107,Mogadon 5mg tablets,514911000001107,AMP,0401010R0BDAAAC
3166211000001106,Somnite 2.5mg/5ml oral suspension,3166211000001106,AMP,0401010R0BFAAAA
35915311000001101,Temazepam 10mg/5ml oral solution sugar free,35915311000001101,VMP,0401010T0AAAEAE
909511000001106,Temazepam 10mg/5ml oral solution sugar free,909511000001106,AMP,0401010T0AAAEAE
13739311000001107,Temazepam 10mg/5ml oral solution sugar free,13739311000001107,AMP,0401010T0AAAEAE
613611000001107,Temazepam 10mg/5ml oral solution sugar free,613611000001107,AMP,0401010T0AAAEAE
38190711000001100,Temazepam 10mg/5ml oral solution sugar free,38190711000001100,AMP,0401010T0AAAEAE
29711000001100,Temazepam 10mg/5ml oral solution sugar free,29711000001100,AMP,0401010T0AAAEAE
39897111000001106,Temazepam 10mg/5ml oral solution sugar free,39897111000001106,AMP,0401010T0AAAEAE
844311000001101,Temazepam 10mg/5ml oral solution sugar free,844311000001101,AMP,0401010T0AAAEAE
17811511000001103,Temazepam 10mg/5ml oral solution sugar free,17811511000001103,AMP,0401010T0AAAEAE
852811000001101,Temazepam 10mg/5ml oral solution sugar free,852811000001101,AMP,0401010T0AAAEAE
713511000001104,Temazepam 10mg/5ml oral solution sugar free,713511000001104,AMP,0401010T0AAAEAE
35100011000001109,Temazepam 10mg/5ml oral solution sugar free,35100011000001109,AMP,0401010T0AAAEAE
21785011000001108,Temazepam 10mg/5ml oral solution sugar free,21785011000001108,AMP,0401010T0AAAEAE
42137211000001105,Temazepam 10mg tablets,42137211000001105,VMP,0401010T0AAAMAM
245211000001103,Temazepam 10mg tablets,245211000001103,AMP,0401010T0AAAMAM
652111000001102,Temazepam 10mg tablets,652111000001102,AMP,0401010T0AAAMAM
776711000001107,Temazepam 10mg tablets,776711000001107,AMP,0401010T0AAAMAM
34954011000001103,Temazepam 10mg tablets,34954011000001103,AMP,0401010T0AAAMAM
22067111000001100,Temazepam 10mg tablets,22067111000001100,AMP,0401010T0AAAMAM
21855811000001106,Temazepam 10mg tablets,21855811000001106,AMP,0401010T0AAAMAM
25605411000001107,Temazepam 10mg tablets,25605411000001107,AMP,0401010T0AAAMAM
21788811000001106,Temazepam 10mg tablets,21788811000001106,AMP,0401010T0AAAMAM
21790611000001108,Temazepam 10mg tablets,21790611000001108,AMP,0401010T0AAAMAM
22066511000001107,Temazepam 10mg tablets,22066511000001107,AMP,0401010T0AAAMAM
209411000001106,Temazepam 10mg tablets,209411000001106,AMP,0401010T0AAAMAM
104711000001104,Temazepam 10mg tablets,104711000001104,AMP,0401010T0AAAMAM
41082311000001100,Temazepam 10mg tablets,41082311000001100,AMP,0401010T0AAAMAM
614111000001102,Temazepam 10mg tablets,614111000001102,AMP,0401010T0AAAMAM
21772111000001105,Temazepam 10mg tablets,21772111000001105,AMP,0401010T0AAAMAM
39896711000001109,Temazepam 10mg tablets,39896711000001109,AMP,0401010T0AAAMAM
21905311000001100,Temazepam 10mg tablets,21905311000001100,AMP,0401010T0AAAMAM
22067711000001104,Temazepam 10mg tablets,22067711000001104,AMP,0401010T0AAAMAM
45789511000001104,Temazepam 10mg tablets,45789511000001104,AMP,0401010T0AAAMAM
17811711000001108,Temazepam 10mg tablets,17811711000001108,AMP,0401010T0AAAMAM
635511000001101,Temazepam 10mg tablets,635511000001101,AMP,0401010T0AAAMAM
15228611000001107,Temazepam 10mg tablets,15228611000001107,AMP,0401010T0AAAMAM
152611000001106,Temazepam 10mg tablets,152611000001106,AMP,0401010T0AAAMAM
938611000001107,Temazepam 10mg tablets,938611000001107,AMP,0401010T0AAAMAM
21785211000001103,Temazepam 10mg tablets,21785211000001103,AMP,0401010T0AAAMAM
42137311000001102,Temazepam 20mg tablets,42137311000001102,VMP,0401010T0AAANAN
415711000001104,Temazepam 20mg tablets,415711000001104,AMP,0401010T0AAANAN
185311000001100,Temazepam 20mg tablets,185311000001100,AMP,0401010T0AAANAN
426511000001108,Temazepam 20mg tablets,426511000001108,AMP,0401010T0AAANAN
34954411000001107,Temazepam 20mg tablets,34954411000001107,AMP,0401010T0AAANAN
22067411000001105,Temazepam 20mg tablets,22067411000001105,AMP,0401010T0AAANAN
21856111000001105,Temazepam 20mg tablets,21856111000001105,AMP,0401010T0AAANAN
21789511000001102,Temazepam 20mg tablets,21789511000001102,AMP,0401010T0AAANAN
21795611000001100,Temazepam 20mg tablets,21795611000001100,AMP,0401010T0AAANAN
22066811000001105,Temazepam 20mg tablets,22066811000001105,AMP,0401010T0AAANAN
473511000001104,Temazepam 20mg tablets,473511000001104,AMP,0401010T0AAANAN
730411000001100,Temazepam 20mg tablets,730411000001100,AMP,0401010T0AAANAN
58411000001102,Temazepam 20mg tablets,58411000001102,AMP,0401010T0AAANAN
21772311000001107,Temazepam 20mg tablets,21772311000001107,AMP,0401010T0AAANAN
39896911000001106,Temazepam 20mg tablets,39896911000001106,AMP,0401010T0AAANAN
21905611000001105,Temazepam 20mg tablets,21905611000001105,AMP,0401010T0AAANAN
22068011000001100,Temazepam 20mg tablets,22068011000001100,AMP,0401010T0AAANAN
45789711000001109,Temazepam 20mg tablets,45789711000001109,AMP,0401010T0AAANAN
17812511000001106,Temazepam 20mg tablets,17812511000001106,AMP,0401010T0AAANAN
267711000001107,Temazepam 20mg tablets,267711000001107,AMP,0401010T0AAANAN
15228811000001106,Temazepam 20mg tablets,15228811000001106,AMP,0401010T0AAANAN
616211000001103,Temazepam 20mg tablets,616211000001103,AMP,0401010T0AAANAN
305511000001104,Temazepam 20mg tablets,305511000001104,AMP,0401010T0AAANAN
377911000001108,Temazepam 20mg tablets,377911000001108,AMP,0401010T0AAANAN
21785511000001100,Temazepam 20mg tablets,21785511000001100,AMP,0401010T0AAANAN
4978211000001102,Temazepam 10mg/5ml oral solution unit dose vials sugar free,4978211000001102,VMP,0401010T0AABABA
4976911000001107,Temazepam 10mg/5ml oral solution unit dose vials sugar free,4976911000001107,AMP,0401010T0AABABA
4976511000001100,Temazepam 10mg/5ml oral solution unit dose vials sugar free,4976511000001100,AMP,0401010T0AABABA
13302211000001103,Temazepam 14mg/5ml oral solution,13302211000001103,VMP,0401010T0AABCBC
13302311000001106,Temazepam 14mg/5ml oral suspension,13302311000001106,VMP,0401010T0AABCBC
13286311000001103,Temazepam 14mg/5ml oral solution,13286311000001103,AMP,0401010T0AABCBC
13286011000001101,Temazepam 14mg/5ml oral suspension,13286011000001101,AMP,0401010T0AABCBC
42138711000001102,Zaleplon 5mg capsules,42138711000001102,VMP,0401010W0AAAAAA
42138611000001106,Zaleplon 10mg capsules,42138611000001106,VMP,0401010W0AAABAB
846011000001109,Sonata 5mg capsules,846011000001109,AMP,0401010W0BBAAAA
435711000001108,Sonata 10mg capsules,435711000001108,AMP,0401010W0BBABAB
42138911000001100,Zolpidem 5mg tablets,42138911000001100,VMP,0401010Y0AAAAAA
3206911000001104,Zolpidem 5mg tablets,3206911000001104,AMP,0401010Y0AAAAAA
3660911000001101,Zolpidem 5mg tablets,3660911000001101,AMP,0401010Y0AAAAAA
3211011000001107,Zolpidem 5mg tablets,3211011000001107,AMP,0401010Y0AAAAAA
18560111000001105,Zolpidem 5mg tablets,18560111000001105,AMP,0401010Y0AAAAAA
22656311000001100,Zolpidem 5mg tablets,22656311000001100,AMP,0401010Y0AAAAAA
4821611000001102,Zolpidem 5mg tablets,4821611000001102,AMP,0401010Y0AAAAAA
4231011000001104,Zolpidem 5mg tablets,4231011000001104,AMP,0401010Y0AAAAAA
3208711000001102,Zolpidem 5mg tablets,3208711000001102,AMP,0401010Y0AAAAAA
42316411000001106,Zolpidem 5mg tablets,42316411000001106,AMP,0401010Y0AAAAAA
37273011000001108,Zolpidem 5mg tablets,37273011000001108,AMP,0401010Y0AAAAAA
39903411000001100,Zolpidem 5mg tablets,39903411000001100,AMP,0401010Y0AAAAAA
45502411000001109,Zolpidem 5mg tablets,45502411000001109,AMP,0401010Y0AAAAAA
17877311000001106,Zolpidem 5mg tablets,17877311000001106,AMP,0401010Y0AAAAAA
3210511000001106,Zolpidem 5mg tablets,3210511000001106,AMP,0401010Y0AAAAAA
3207711000001103,Zolpidem 5mg tablets,3207711000001103,AMP,0401010Y0AAAAAA
21921411000001103,Zolpidem 5mg tablets,21921411000001103,AMP,0401010Y0AAAAAA
20920011000001105,Zolpidem 5mg tablets,20920011000001105,AMP,0401010Y0AAAAAA
42138811000001105,Zolpidem 10mg tablets,42138811000001105,VMP,0401010Y0AAABAB
3200311000001103,Zolpidem 10mg tablets,3200311000001103,AMP,0401010Y0AAABAB
3660211000001105,Zolpidem 10mg tablets,3660211000001105,AMP,0401010Y0AAABAB
3204411000001104,Zolpidem 10mg tablets,3204411000001104,AMP,0401010Y0AAABAB
18560311000001107,Zolpidem 10mg tablets,18560311000001107,AMP,0401010Y0AAABAB
45747111000001105,Zolpidem 10mg tablets,45747111000001105,AMP,0401010Y0AAABAB
22711611000001103,Zolpidem 10mg tablets,22711611000001103,AMP,0401010Y0AAABAB
4821911000001108,Zolpidem 10mg tablets,4821911000001108,AMP,0401010Y0AAABAB
4231211000001109,Zolpidem 10mg tablets,4231211000001109,AMP,0401010Y0AAABAB
3201511000001102,Zolpidem 10mg tablets,3201511000001102,AMP,0401010Y0AAABAB
42316811000001108,Zolpidem 10mg tablets,42316811000001108,AMP,0401010Y0AAABAB
30946511000001101,Zolpidem 10mg tablets,30946511000001101,AMP,0401010Y0AAABAB
39903611000001102,Zolpidem 10mg tablets,39903611000001102,AMP,0401010Y0AAABAB
45503011000001109,Zolpidem 10mg tablets,45503011000001109,AMP,0401010Y0AAABAB
17877511000001100,Zolpidem 10mg tablets,17877511000001100,AMP,0401010Y0AAABAB
3203211000001101,Zolpidem 10mg tablets,3203211000001101,AMP,0401010Y0AAABAB
3201011000001105,Zolpidem 10mg tablets,3201011000001105,AMP,0401010Y0AAABAB
13763711000001102,Zolpidem 10mg tablets,13763711000001102,AMP,0401010Y0AAABAB
5334411000001106,Zolpidem 10mg tablets,5334411000001106,AMP,0401010Y0AAABAB
21921611000001100,Zolpidem 10mg tablets,21921611000001100,AMP,0401010Y0AAABAB
20920211000001100,Zolpidem 10mg tablets,20920211000001100,AMP,0401010Y0AAABAB
15857711000001109,Zolpidem 5mg oral powder sachets,15857711000001109,VMP,0401010Y0AAACAC
15854511000001107,Zolpidem 5mg oral powder sachets,15854511000001107,AMP,0401010Y0AAACAC
45165811000001107,Zolpidem 5mg orodispersible tablets sugar free,45165811000001107,VMP,0401010Y0AAADAD
45165711000001104,Zolpidem 10mg orodispersible tablets sugar free,45165711000001104,VMP,0401010Y0AAAEAE
3206111000001102,Stilnoct 5mg tablets,3206111000001102,AMP,0401010Y0BBAAAA
3199611000001102,Stilnoct 10mg tablets,3199611000001102,AMP,0401010Y0BBABAB
44926211000001103,Zalzo 5mg orodispersible tablets,44926211000001103,AMP,0401010Y0BCAAAD
44926511000001100,Zalzo 10mg orodispersible tablets,44926511000001100,AMP,0401010Y0BCABAE
42139411000001100,Zopiclone 7.5mg tablets,42139411000001100,VMP,0401010Z0AAAAAA
466711000001108,Zopiclone 7.5mg tablets,466711000001108,AMP,0401010Z0AAAAAA
591711000001108,Zopiclone 7.5mg tablets,591711000001108,AMP,0401010Z0AAAAAA
88411000001105,Zopiclone 7.5mg tablets,88411000001105,AMP,0401010Z0AAAAAA
9796711000001105,Zopiclone 7.5mg tablets,9796711000001105,AMP,0401010Z0AAAAAA
13771411000001103,Zopiclone 7.5mg tablets,13771411000001103,AMP,0401010Z0AAAAAA
37333411000001109,Zopiclone 7.5mg tablets,37333411000001109,AMP,0401010Z0AAAAAA
10418811000001108,Zopiclone 7.5mg tablets,10418811000001108,AMP,0401010Z0AAAAAA
21040511000001100,Zopiclone 7.5mg tablets,21040511000001100,AMP,0401010Z0AAAAAA
45747611000001102,Zopiclone 7.5mg tablets,45747611000001102,AMP,0401010Z0AAAAAA
22656111000001102,Zopiclone 7.5mg tablets,22656111000001102,AMP,0401010Z0AAAAAA
45519411000001100,Zopiclone 7.5mg tablets,45519411000001100,AMP,0401010Z0AAAAAA
878811000001101,Zopiclone 7.5mg tablets,878811000001101,AMP,0401010Z0AAAAAA
254811000001101,Zopiclone 7.5mg tablets,254811000001101,AMP,0401010Z0AAAAAA
30946911000001108,Zopiclone 7.5mg tablets,30946911000001108,AMP,0401010Z0AAAAAA
39902211000001105,Zopiclone 7.5mg tablets,39902211000001105,AMP,0401010Z0AAAAAA
38714911000001104,Zopiclone 7.5mg tablets,38714911000001104,AMP,0401010Z0AAAAAA
35196111000001105,Zopiclone 7.5mg tablets,35196111000001105,AMP,0401010Z0AAAAAA
42655111000001106,Zopiclone 7.5mg tablets,42655111000001106,AMP,0401010Z0AAAAAA
11415811000001106,Zopiclone 7.5mg tablets,11415811000001106,AMP,0401010Z0AAAAAA
17877911000001107,Zopiclone 7.5mg tablets,17877911000001107,AMP,0401010Z0AAAAAA
37101011000001104,Zopiclone 7.5mg tablets,37101011000001104,AMP,0401010Z0AAAAAA
7378411000001104,Zopiclone 7.5mg tablets,7378411000001104,AMP,0401010Z0AAAAAA
15203611000001105,Zopiclone 7.5mg tablets,15203611000001105,AMP,0401010Z0AAAAAA
286011000001109,Zopiclone 7.5mg tablets,286011000001109,AMP,0401010Z0AAAAAA
20411000001101,Zopiclone 7.5mg tablets,20411000001101,AMP,0401010Z0AAAAAA
21922011000001104,Zopiclone 7.5mg tablets,21922011000001104,AMP,0401010Z0AAAAAA
742511000001104,Zopiclone 7.5mg tablets,742511000001104,AMP,0401010Z0AAAAAA
13018211000001103,Zopiclone 5mg/5ml oral suspension,13018211000001103,VMP,0401010Z0AAABAB
12973611000001102,Zopiclone 5mg/5ml oral suspension,12973611000001102,AMP,0401010Z0AAABAB
42139311000001107,Zopiclone 3.75mg tablets,42139311000001107,VMP,0401010Z0AAACAC
733311000001101,Zopiclone 3.75mg tablets,733311000001101,AMP,0401010Z0AAACAC
300111000001100,Zopiclone 3.75mg tablets,300111000001100,AMP,0401010Z0AAACAC
879711000001100,Zopiclone 3.75mg tablets,879711000001100,AMP,0401010Z0AAACAC
9797111000001107,Zopiclone 3.75mg tablets,9797111000001107,AMP,0401010Z0AAACAC
37333011000001100,Zopiclone 3.75mg tablets,37333011000001100,AMP,0401010Z0AAACAC
13469511000001102,Zopiclone 3.75mg tablets,13469511000001102,AMP,0401010Z0AAACAC
21040311000001106,Zopiclone 3.75mg tablets,21040311000001106,AMP,0401010Z0AAACAC
22655011000001107,Zopiclone 3.75mg tablets,22655011000001107,AMP,0401010Z0AAACAC
45519211000001104,Zopiclone 3.75mg tablets,45519211000001104,AMP,0401010Z0AAACAC
328811000001103,Zopiclone 3.75mg tablets,328811000001103,AMP,0401010Z0AAACAC
467411000001100,Zopiclone 3.75mg tablets,467411000001100,AMP,0401010Z0AAACAC
30946711000001106,Zopiclone 3.75mg tablets,30946711000001106,AMP,0401010Z0AAACAC
39902611000001107,Zopiclone 3.75mg tablets,39902611000001107,AMP,0401010Z0AAACAC
41523211000001106,Zopiclone 3.75mg tablets,41523211000001106,AMP,0401010Z0AAACAC
35195911000001101,Zopiclone 3.75mg tablets,35195911000001101,AMP,0401010Z0AAACAC
42654911000001105,Zopiclone 3.75mg tablets,42654911000001105,AMP,0401010Z0AAACAC
17877711000001105,Zopiclone 3.75mg tablets,17877711000001105,AMP,0401010Z0AAACAC
37100811000001102,Zopiclone 3.75mg tablets,37100811000001102,AMP,0401010Z0AAACAC
15203311000001100,Zopiclone 3.75mg tablets,15203311000001100,AMP,0401010Z0AAACAC
105911000001103,Zopiclone 3.75mg tablets,105911000001103,AMP,0401010Z0AAACAC
916611000001100,Zopiclone 3.75mg tablets,916611000001100,AMP,0401010Z0AAACAC
21921811000001101,Zopiclone 3.75mg tablets,21921811000001101,AMP,0401010Z0AAACAC
13018111000001109,Zopiclone 1.88mg/5ml oral suspension,13018111000001109,VMP,0401010Z0AAAGAG
12972711000001103,Zopiclone 1.88mg/5ml oral suspension,12972711000001103,AMP,0401010Z0AAAGAG
19609611000001101,Zopiclone 3.75mg/5ml oral solution,19609611000001101,VMP,0401010Z0AAAJAJ
19608811000001109,Zopiclone 3.75mg/5ml oral solution,19608811000001109,AMP,0401010Z0AAAJAJ
8799011000001104,Zopiclone 3.75mg/5ml oral suspension,8799011000001104,VMP,0401010Z0AAAKAK
8733811000001100,Zopiclone 3.75mg/5ml oral suspension,8733811000001100,AMP,0401010Z0AAAKAK
8798911000001108,Zopiclone 7.5mg/5ml oral suspension,8798911000001108,VMP,0401010Z0AAALAL
8734511000001100,Zopiclone 7.5mg/5ml oral suspension,8734511000001100,AMP,0401010Z0AAALAL
24510911000001105,Zopiclone 7.5mg/5ml oral solution,24510911000001105,VMP,0401010Z0AAAMAM
24441211000001107,Zopiclone 7.5mg/5ml oral solution,24441211000001107,AMP,0401010Z0AAAMAM
810511000001108,Zimovane 7.5mg tablets,810511000001108,AMP,0401010Z0BBAAAA
178011000001104,Zimovane LS 3.75mg tablets,178011000001104,AMP,0401010Z0BBABAC
224011000001106,Zileze 3.75 tablets,224011000001106,AMP,0401010Z0BCAAAC
562111000001100,Zileze 7.5 tablets,562111000001100,AMP,0401010Z0BCABAA
42122111000001104,Alprazolam 250microgram tablets,42122111000001104,VMP,0401020A0AAAAAA
42125211000001100,Alprazolam 500microgram tablets,42125211000001100,VMP,0401020A0AAABAB
4658511000001101,Xanax 250microgram tablets,4658511000001101,AMP,0401020A0BBAAAA
4659411000001108,Xanax 500microgram tablets,4659411000001108,AMP,0401020A0BBABAB
39734411000001104,Buspirone 5mg tablets,39734411000001104,VMP,0401020B0AAAAAA
741811000001105,Buspirone 5mg tablets,741811000001105,AMP,0401020B0AAAAAA
741511000001107,Buspirone 5mg tablets,741511000001107,AMP,0401020B0AAAAAA
32707711000001100,Buspirone 5mg tablets,32707711000001100,AMP,0401020B0AAAAAA
261111000001104,Buspirone 5mg tablets,261111000001104,AMP,0401020B0AAAAAA
19817311000001106,Buspirone 5mg tablets,19817311000001106,AMP,0401020B0AAAAAA
44457511000001104,Buspirone 5mg tablets,44457511000001104,AMP,0401020B0AAAAAA
22624511000001104,Buspirone 5mg tablets,22624511000001104,AMP,0401020B0AAAAAA
444511000001100,Buspirone 5mg tablets,444511000001100,AMP,0401020B0AAAAAA
30004911000001101,Buspirone 5mg tablets,30004911000001101,AMP,0401020B0AAAAAA
38813311000001104,Buspirone 5mg tablets,38813311000001104,AMP,0401020B0AAAAAA
22204211000001107,Buspirone 5mg tablets,22204211000001107,AMP,0401020B0AAAAAA
44986711000001103,Buspirone 5mg tablets,44986711000001103,AMP,0401020B0AAAAAA
15062211000001107,Buspirone 5mg tablets,15062211000001107,AMP,0401020B0AAAAAA
42145811000001102,Buspirone 5mg tablets,42145811000001102,AMP,0401020B0AAAAAA
34564611000001106,Buspirone 5mg tablets,34564611000001106,AMP,0401020B0AAAAAA
16630211000001109,Buspirone 5mg tablets,16630211000001109,AMP,0401020B0AAAAAA
21806311000001100,Buspirone 5mg tablets,21806311000001100,AMP,0401020B0AAAAAA
40304911000001101,Buspirone 5mg tablets,40304911000001101,AMP,0401020B0AAAAAA
39734311000001106,Buspirone 10mg tablets,39734311000001106,VMP,0401020B0AAABAB
302511000001105,Buspirone 10mg tablets,302511000001105,AMP,0401020B0AAABAB
67611000001106,Buspirone 10mg tablets,67611000001106,AMP,0401020B0AAABAB
32709711000001108,Buspirone 10mg tablets,32709711000001108,AMP,0401020B0AAABAB
292211000001101,Buspirone 10mg tablets,292211000001101,AMP,0401020B0AAABAB
19817111000001109,Buspirone 10mg tablets,19817111000001109,AMP,0401020B0AAABAB
44458111000001109,Buspirone 10mg tablets,44458111000001109,AMP,0401020B0AAABAB
22624311000001105,Buspirone 10mg tablets,22624311000001105,AMP,0401020B0AAABAB
737311000001108,Buspirone 10mg tablets,737311000001108,AMP,0401020B0AAABAB
30005911000001102,Buspirone 10mg tablets,30005911000001102,AMP,0401020B0AAABAB
38813111000001101,Buspirone 10mg tablets,38813111000001101,AMP,0401020B0AAABAB
22204411000001106,Buspirone 10mg tablets,22204411000001106,AMP,0401020B0AAABAB
44986911000001101,Buspirone 10mg tablets,44986911000001101,AMP,0401020B0AAABAB
15062011000001102,Buspirone 10mg tablets,15062011000001102,AMP,0401020B0AAABAB
42145611000001101,Buspirone 10mg tablets,42145611000001101,AMP,0401020B0AAABAB
34819211000001108,Buspirone 10mg tablets,34819211000001108,AMP,0401020B0AAABAB
16627711000001104,Buspirone 10mg tablets,16627711000001104,AMP,0401020B0AAABAB
21807311000001102,Buspirone 10mg tablets,21807311000001102,AMP,0401020B0AAABAB
40305111000001100,Buspirone 10mg tablets,40305111000001100,AMP,0401020B0AAABAB
8304411000001106,Buspirone 5mg/5ml oral solution,8304411000001106,VMP,0401020B0AAACAC
8299111000001107,Buspirone 5mg/5ml oral solution,8299111000001107,AMP,0401020B0AAACAC
37236111000001102,Buspirone 7.5mg tablets,37236111000001102,VMP,0401020B0AAADAD
37227511000001106,Buspirone 7.5mg tablets,37227511000001106,AMP,0401020B0AAADAD
40548711000001102,Buspirone 15mg tablets,40548711000001102,VMP,0401020B0AAAEAE
40730011000001104,Buspirone 15mg tablets,40730011000001104,AMP,0401020B0AAAEAE
40818911000001109,Buspirone 15mg tablets,40818911000001109,AMP,0401020B0AAAEAE
40305411000001105,Buspirone 15mg tablets,40305411000001105,AMP,0401020B0AAAEAE
40548611000001106,Buspirone 30mg tablets,40548611000001106,VMP,0401020B0AAAFAF
40730211000001109,Buspirone 30mg tablets,40730211000001109,AMP,0401020B0AAAFAF
40819111000001104,Buspirone 30mg tablets,40819111000001104,AMP,0401020B0AAAFAF
40305711000001104,Buspirone 30mg tablets,40305711000001104,AMP,0401020B0AAAFAF
8304311000001104,Buspirone 5mg/5ml oral suspension,8304311000001104,VMP,0401020B0AAAGAG
8300111000001105,Buspirone 5mg/5ml oral suspension,8300111000001105,AMP,0401020B0AAAGAG
365311000001106,Buspar 5mg tablets,365311000001106,AMP,0401020B0BBAAAA
737211000001100,Buspar 10mg tablets,737211000001100,AMP,0401020B0BBABAB
42126911000001102,Chlordiazepoxide 5mg tablets,42126911000001102,VMP,0401020E0AAAAAA
8425311000001103,Chlordiazepoxide 5mg tablets,8425311000001103,AMP,0401020E0AAAAAA
257511000001107,Chlordiazepoxide 5mg tablets,257511000001107,AMP,0401020E0AAAAAA
11014511000001102,Chlordiazepoxide 5mg tablets,11014511000001102,AMP,0401020E0AAAAAA
28879611000001104,Chlordiazepoxide 5mg tablets,28879611000001104,AMP,0401020E0AAAAAA
17855611000001106,Chlordiazepoxide 5mg tablets,17855611000001106,AMP,0401020E0AAAAAA
21836511000001100,Chlordiazepoxide 5mg tablets,21836511000001100,AMP,0401020E0AAAAAA
42126611000001108,Chlordiazepoxide 10mg tablets,42126611000001108,VMP,0401020E0AAABAB
8425711000001104,Chlordiazepoxide 10mg tablets,8425711000001104,AMP,0401020E0AAABAB
33311000001100,Chlordiazepoxide 10mg tablets,33311000001100,AMP,0401020E0AAABAB
23817311000001108,Chlordiazepoxide 10mg tablets,23817311000001108,AMP,0401020E0AAABAB
11014911000001109,Chlordiazepoxide 10mg tablets,11014911000001109,AMP,0401020E0AAABAB
17855811000001105,Chlordiazepoxide 10mg tablets,17855811000001105,AMP,0401020E0AAABAB
21837211000001101,Chlordiazepoxide 10mg tablets,21837211000001101,AMP,0401020E0AAABAB
42126811000001107,Chlordiazepoxide 5mg capsules,42126811000001107,VMP,0401020E0AAADAD
299111000001103,Chlordiazepoxide 5mg capsules,299111000001103,AMP,0401020E0AAADAD
620311000001103,Chlordiazepoxide 5mg capsules,620311000001103,AMP,0401020E0AAADAD
202211000001104,Chlordiazepoxide 5mg capsules,202211000001104,AMP,0401020E0AAADAD
28923011000001103,Chlordiazepoxide 5mg capsules,28923011000001103,AMP,0401020E0AAADAD
23816311000001105,Chlordiazepoxide 5mg capsules,23816311000001105,AMP,0401020E0AAADAD
11012911000001100,Chlordiazepoxide 5mg capsules,11012911000001100,AMP,0401020E0AAADAD
47111000001109,Chlordiazepoxide 5mg capsules,47111000001109,AMP,0401020E0AAADAD
38829911000001105,Chlordiazepoxide 5mg capsules,38829911000001105,AMP,0401020E0AAADAD
17855011000001104,Chlordiazepoxide 5mg capsules,17855011000001104,AMP,0401020E0AAADAD
7487311000001107,Chlordiazepoxide 5mg capsules,7487311000001107,AMP,0401020E0AAADAD
15075311000001103,Chlordiazepoxide 5mg capsules,15075311000001103,AMP,0401020E0AAADAD
3696011000001104,Chlordiazepoxide 5mg capsules,3696011000001104,AMP,0401020E0AAADAD
21834311000001100,Chlordiazepoxide 5mg capsules,21834311000001100,AMP,0401020E0AAADAD
42126511000001109,Chlordiazepoxide 10mg capsules,42126511000001109,VMP,0401020E0AAAEAE
610411000001101,Chlordiazepoxide 10mg capsules,610411000001101,AMP,0401020E0AAAEAE
805211000001104,Chlordiazepoxide 10mg capsules,805211000001104,AMP,0401020E0AAAEAE
679411000001104,Chlordiazepoxide 10mg capsules,679411000001104,AMP,0401020E0AAAEAE
28923211000001108,Chlordiazepoxide 10mg capsules,28923211000001108,AMP,0401020E0AAAEAE
23815311000001100,Chlordiazepoxide 10mg capsules,23815311000001100,AMP,0401020E0AAAEAE
11013611000001101,Chlordiazepoxide 10mg capsules,11013611000001101,AMP,0401020E0AAAEAE
688011000001105,Chlordiazepoxide 10mg capsules,688011000001105,AMP,0401020E0AAAEAE
30013111000001104,Chlordiazepoxide 10mg capsules,30013111000001104,AMP,0401020E0AAAEAE
38829611000001104,Chlordiazepoxide 10mg capsules,38829611000001104,AMP,0401020E0AAAEAE
17855311000001101,Chlordiazepoxide 10mg capsules,17855311000001101,AMP,0401020E0AAAEAE
7487911000001108,Chlordiazepoxide 10mg capsules,7487911000001108,AMP,0401020E0AAAEAE
15075111000001100,Chlordiazepoxide 10mg capsules,15075111000001100,AMP,0401020E0AAAEAE
3696311000001101,Chlordiazepoxide 10mg capsules,3696311000001101,AMP,0401020E0AAAEAE
21836311000001106,Chlordiazepoxide 10mg capsules,21836311000001106,AMP,0401020E0AAAEAE
12423711000001105,Chlordiazepoxide 4mg/5ml oral solution,12423711000001105,VMP,0401020E0AAASAS
12423811000001102,Chlordiazepoxide 4mg/5ml oral suspension,12423811000001102,VMP,0401020E0AAASAS
12406911000001106,Chlordiazepoxide 4mg/5ml oral solution,12406911000001106,AMP,0401020E0AAASAS
12405811000001109,Chlordiazepoxide 4mg/5ml oral suspension,12405811000001109,AMP,0401020E0AAASAS
8358211000001107,Chlordiazepoxide 5mg/5ml oral suspension,8358211000001107,VMP,0401020E0AAAUAU
8337411000001108,Chlordiazepoxide 5mg/5ml oral suspension,8337411000001108,AMP,0401020E0AAAUAU
12423511000001100,Chlordiazepoxide 10mg/5ml oral solution,12423511000001100,VMP,0401020E0AAAVAV
12423611000001101,Chlordiazepoxide 10mg/5ml oral suspension,12423611000001101,VMP,0401020E0AAAVAV
12404111000001101,Chlordiazepoxide 10mg/5ml oral solution,12404111000001101,AMP,0401020E0AAAVAV
12402811000001102,Chlordiazepoxide 10mg/5ml oral suspension,12402811000001102,AMP,0401020E0AAAVAV
16174011000001109,Chlordiazepoxide 2.5mg/5ml oral solution,16174011000001109,VMP,0401020E0AAAYAY
16174111000001105,Chlordiazepoxide 2.5mg/5ml oral suspension,16174111000001105,VMP,0401020E0AAAYAY
16133911000001109,Chlordiazepoxide 2.5mg/5ml oral solution,16133911000001109,AMP,0401020E0AAAYAY
16134611000001100,Chlordiazepoxide 2.5mg/5ml oral suspension,16134611000001100,AMP,0401020E0AAAYAY
849211000001108,Librium 5mg capsules,849211000001108,AMP,0401020E0BBABAD
218811000001104,Librium 10mg capsules,218811000001104,AMP,0401020E0BBACAE
204011000001103,Tropium 5mg tablets,204011000001103,AMP,0401020E0BCAAAA
153811000001102,Tropium 10mg tablets,153811000001102,AMP,0401020E0BCABAB
511311000001108,Tropium 10mg capsules,511311000001108,AMP,0401020E0BCADAE
307711000001103,Tropium 5mg capsules,307711000001103,AMP,0401020E0BCAEAD
42125511000001102,Bromazepam 3mg tablets,42125511000001102,VMP,0401020G0AAAAAA
18503911000001101,Bromazepam 3mg tablets,18503911000001101,AMP,0401020G0AAAAAA
8792711000001108,Diazepam 10mg/5ml oral solution,8792711000001108,VMP,0401020K0AAA1A1
22328211000001103,Diazepam 10mg/5ml oral solution,22328211000001103,AMP,0401020K0AAA1A1
8781111000001101,Diazepam 10mg/5ml oral solution,8781111000001101,AMP,0401020K0AAA1A1
42128211000001107,Diazepam 2mg/5ml oral solution,42128211000001107,VMP,0401020K0AAA6A6
753911000001101,Diazepam 2mg/5ml oral solution,753911000001101,AMP,0401020K0AAA6A6
8892111000001109,Diazepam 2mg/5ml oral solution,8892111000001109,AMP,0401020K0AAA6A6
11248711000001102,Diazepam 2mg/5ml oral solution,11248711000001102,AMP,0401020K0AAA6A6
182011000001108,Diazepam 2mg/5ml oral solution,182011000001108,AMP,0401020K0AAA6A6
15106611000001102,Diazepam 2mg/5ml oral solution,15106611000001102,AMP,0401020K0AAA6A6
36097611000001105,Diazepam 10mg/2ml solution for injection ampoules,36097611000001105,VMP,0401020K0AAACAC
434211000001102,Diazepam 10mg/2ml solution for injection ampoules,434211000001102,AMP,0401020K0AAACAC
155811000001103,Diazepam 10mg/2ml solution for injection ampoules,155811000001103,AMP,0401020K0AAACAC
687511000001101,Diazepam 10mg/2ml solution for injection ampoules,687511000001101,AMP,0401020K0AAACAC
5083111000001106,Diazepam 10mg/2ml solution for injection ampoules,5083111000001106,AMP,0401020K0AAACAC
39709411000001106,Diazepam 5mg/2.5ml rectal solution tube,39709411000001106,VMP,0401020K0AAADAD
636111000001104,Diazepam 5mg/2.5ml rectal solution tube,636111000001104,AMP,0401020K0AAADAD
40612111000001103,Diazepam 5mg/2.5ml rectal solution tube,40612111000001103,AMP,0401020K0AAADAD
463611000001105,Diazepam 5mg/2.5ml rectal solution tube,463611000001105,AMP,0401020K0AAADAD
22198211000001101,Diazepam 5mg/2.5ml rectal solution tube,22198211000001101,AMP,0401020K0AAADAD
707111000001103,Diazepam 5mg/2.5ml rectal solution tube,707111000001103,AMP,0401020K0AAADAD
29804711000001104,Diazepam 5mg/2.5ml rectal solution tube,29804711000001104,AMP,0401020K0AAADAD
121611000001104,Diazepam 5mg/2.5ml rectal solution tube,121611000001104,AMP,0401020K0AAADAD
42127811000001109,Diazepam 10mg/2.5ml rectal solution tube,42127811000001109,VMP,0401020K0AAAEAE
343011000001104,Diazepam 10mg/2.5ml rectal solution tube,343011000001104,AMP,0401020K0AAAEAE
40611011000001107,Diazepam 10mg/2.5ml rectal solution tube,40611011000001107,AMP,0401020K0AAAEAE
885611000001101,Diazepam 10mg/2.5ml rectal solution tube,885611000001101,AMP,0401020K0AAAEAE
22198411000001102,Diazepam 10mg/2.5ml rectal solution tube,22198411000001102,AMP,0401020K0AAAEAE
75811000001106,Diazepam 10mg/2.5ml rectal solution tube,75811000001106,AMP,0401020K0AAAEAE
29804511000001109,Diazepam 10mg/2.5ml rectal solution tube,29804511000001109,AMP,0401020K0AAAEAE
42128111000001101,Diazepam 2mg tablets,42128111000001101,VMP,0401020K0AAAHAH
889411000001101,Diazepam 2mg tablets,889411000001101,AMP,0401020K0AAAHAH
790811000001109,Diazepam 2mg tablets,790811000001109,AMP,0401020K0AAAHAH
28611000001100,Diazepam 2mg tablets,28611000001100,AMP,0401020K0AAAHAH
9790311000001108,Diazepam 2mg tablets,9790311000001108,AMP,0401020K0AAAHAH
10400111000001101,Diazepam 2mg tablets,10400111000001101,AMP,0401020K0AAAHAH
28922011000001107,Diazepam 2mg tablets,28922011000001107,AMP,0401020K0AAAHAH
13577011000001103,Diazepam 2mg tablets,13577011000001103,AMP,0401020K0AAAHAH
11019911000001105,Diazepam 2mg tablets,11019911000001105,AMP,0401020K0AAAHAH
52211000001103,Diazepam 2mg tablets,52211000001103,AMP,0401020K0AAAHAH
708811000001109,Diazepam 2mg tablets,708811000001109,AMP,0401020K0AAAHAH
30021611000001103,Diazepam 2mg tablets,30021611000001103,AMP,0401020K0AAAHAH
38868111000001106,Diazepam 2mg tablets,38868111000001106,AMP,0401020K0AAAHAH
18107111000001104,Diazepam 2mg tablets,18107111000001104,AMP,0401020K0AAAHAH
125411000001104,Diazepam 2mg tablets,125411000001104,AMP,0401020K0AAAHAH
15081411000001104,Diazepam 2mg tablets,15081411000001104,AMP,0401020K0AAAHAH
17196711000001107,Diazepam 2mg tablets,17196711000001107,AMP,0401020K0AAAHAH
463011000001103,Diazepam 2mg tablets,463011000001103,AMP,0401020K0AAAHAH
223511000001101,Diazepam 2mg tablets,223511000001101,AMP,0401020K0AAAHAH
790211000001108,Diazepam 2mg tablets,790211000001108,AMP,0401020K0AAAHAH
849711000001101,Diazepam 2mg tablets,849711000001101,AMP,0401020K0AAAHAH
21925411000001100,Diazepam 2mg tablets,21925411000001100,AMP,0401020K0AAAHAH
13937911000001108,Diazepam 2mg tablets,13937911000001108,AMP,0401020K0AAAHAH
42128311000001104,Diazepam 5mg tablets,42128311000001104,VMP,0401020K0AAAIAI
224211000001101,Diazepam 5mg tablets,224211000001101,AMP,0401020K0AAAIAI
61811000001103,Diazepam 5mg tablets,61811000001103,AMP,0401020K0AAAIAI
521111000001100,Diazepam 5mg tablets,521111000001100,AMP,0401020K0AAAIAI
9790611000001103,Diazepam 5mg tablets,9790611000001103,AMP,0401020K0AAAIAI
10400411000001106,Diazepam 5mg tablets,10400411000001106,AMP,0401020K0AAAIAI
28921811000001105,Diazepam 5mg tablets,28921811000001105,AMP,0401020K0AAAIAI
13577211000001108,Diazepam 5mg tablets,13577211000001108,AMP,0401020K0AAAIAI
11020111000001108,Diazepam 5mg tablets,11020111000001108,AMP,0401020K0AAAIAI
833711000001100,Diazepam 5mg tablets,833711000001100,AMP,0401020K0AAAIAI
644911000001105,Diazepam 5mg tablets,644911000001105,AMP,0401020K0AAAIAI
30022111000001101,Diazepam 5mg tablets,30022111000001101,AMP,0401020K0AAAIAI
38869111000001104,Diazepam 5mg tablets,38869111000001104,AMP,0401020K0AAAIAI
18107311000001102,Diazepam 5mg tablets,18107311000001102,AMP,0401020K0AAAIAI
10286311000001104,Diazepam 5mg tablets,10286311000001104,AMP,0401020K0AAAIAI
213011000001103,Diazepam 5mg tablets,213011000001103,AMP,0401020K0AAAIAI
15081611000001101,Diazepam 5mg tablets,15081611000001101,AMP,0401020K0AAAIAI
17197011000001108,Diazepam 5mg tablets,17197011000001108,AMP,0401020K0AAAIAI
924411000001103,Diazepam 5mg tablets,924411000001103,AMP,0401020K0AAAIAI
647011000001103,Diazepam 5mg tablets,647011000001103,AMP,0401020K0AAAIAI
606511000001102,Diazepam 5mg tablets,606511000001102,AMP,0401020K0AAAIAI
21925611000001102,Diazepam 5mg tablets,21925611000001102,AMP,0401020K0AAAIAI
13938111000001106,Diazepam 5mg tablets,13938111000001106,AMP,0401020K0AAAIAI
42127711000001101,Diazepam 10mg tablets,42127711000001101,VMP,0401020K0AAAJAJ
734911000001103,Diazepam 10mg tablets,734911000001103,AMP,0401020K0AAAJAJ
486211000001103,Diazepam 10mg tablets,486211000001103,AMP,0401020K0AAAJAJ
433011000001105,Diazepam 10mg tablets,433011000001105,AMP,0401020K0AAAJAJ
9790811000001104,Diazepam 10mg tablets,9790811000001104,AMP,0401020K0AAAJAJ
10400711000001100,Diazepam 10mg tablets,10400711000001100,AMP,0401020K0AAAJAJ
28922211000001102,Diazepam 10mg tablets,28922211000001102,AMP,0401020K0AAAJAJ
23861111000001100,Diazepam 10mg tablets,23861111000001100,AMP,0401020K0AAAJAJ
11020311000001105,Diazepam 10mg tablets,11020311000001105,AMP,0401020K0AAAJAJ
230211000001106,Diazepam 10mg tablets,230211000001106,AMP,0401020K0AAAJAJ
305211000001102,Diazepam 10mg tablets,305211000001102,AMP,0401020K0AAAJAJ
37057611000001101,Diazepam 10mg tablets,37057611000001101,AMP,0401020K0AAAJAJ
38867711000001106,Diazepam 10mg tablets,38867711000001106,AMP,0401020K0AAAJAJ
18107511000001108,Diazepam 10mg tablets,18107511000001108,AMP,0401020K0AAAJAJ
29804111000001100,Diazepam 10mg tablets,29804111000001100,AMP,0401020K0AAAJAJ
17197311000001106,Diazepam 10mg tablets,17197311000001106,AMP,0401020K0AAAJAJ
253911000001109,Diazepam 10mg tablets,253911000001109,AMP,0401020K0AAAJAJ
366511000001107,Diazepam 10mg tablets,366511000001107,AMP,0401020K0AAAJAJ
878511000001104,Diazepam 10mg tablets,878511000001104,AMP,0401020K0AAAJAJ
21925811000001103,Diazepam 10mg tablets,21925811000001103,AMP,0401020K0AAAJAJ
13938311000001108,Diazepam 10mg tablets,13938311000001108,AMP,0401020K0AAAJAJ
36097511000001106,Diazepam 10mg/2ml emulsion for injection ampoules,36097511000001106,VMP,0401020K0AAAQAQ
38894311000001101,Diazepam 2mg/5ml oral solution sugar free,38894311000001101,VMP,0401020K0AAAWAW
19571011000001105,Diazepam 2mg/5ml oral solution sugar free,19571011000001105,AMP,0401020K0AAAWAW
9765211000001106,Diazepam 2mg/5ml oral solution sugar free,9765211000001106,AMP,0401020K0AAAWAW
28972511000001100,Diazepam 2mg/5ml oral solution sugar free,28972511000001100,AMP,0401020K0AAAWAW
30762111000001108,Diazepam 2mg/5ml oral solution sugar free,30762111000001108,AMP,0401020K0AAAWAW
37297811000001102,Diazepam 2mg/5ml oral solution sugar free,37297811000001102,AMP,0401020K0AAAWAW
30850511000001109,Diazepam 2mg/5ml oral solution sugar free,30850511000001109,AMP,0401020K0AAAWAW
38869411000001109,Diazepam 2mg/5ml oral solution sugar free,38869411000001109,AMP,0401020K0AAAWAW
42127611000001105,Diazepam 10mg suppositories,42127611000001105,VMP,0401020K0AABBBB
27320211000001103,Diazepam 10mg suppositories,27320211000001103,AMP,0401020K0AABBBB
8792811000001100,Diazepam 1mg/5ml oral solution,8792811000001100,VMP,0401020K0AABKBK
8781511000001105,Diazepam 1mg/5ml oral solution,8781511000001105,AMP,0401020K0AABKBK
42128011000001102,Diazepam 25mg/5ml oral solution,42128011000001102,VMP,0401020K0AABMBM
8780811000001100,Diazepam 25mg/5ml oral solution,8780811000001100,AMP,0401020K0AABMBM
42127911000001104,Diazepam 2.5mg/1.25ml rectal solution tube,42127911000001104,VMP,0401020K0AABQBQ
42128411000001106,Diazepam 5mg/5ml oral solution,42128411000001106,VMP,0401020K0AABWBW
109111000001104,Diazepam 5mg/5ml oral solution,109111000001104,AMP,0401020K0AABWBW
22326511000001101,Diazepam 5mg/5ml oral solution,22326511000001101,AMP,0401020K0AABWBW
798311000001103,Diazepam 5mg/5ml oral solution,798311000001103,AMP,0401020K0AABWBW
8792911000001105,Diazepam 2.5mg/5ml oral solution,8792911000001105,VMP,0401020K0AACBCB
8780511000001103,Diazepam 2.5mg/5ml oral solution,8780511000001103,AMP,0401020K0AACBCB
22374911000001101,Diazepam 15mg/5ml oral solution,22374911000001101,VMP,0401020K0AACHCH
22371411000001107,Diazepam 15mg/5ml oral solution,22371411000001107,AMP,0401020K0AACHCH
19677811000001102,Diazepam 2mg/5ml oral suspension,19677811000001102,VMP,0401020K0AACICI
32903011000001104,Diazepam 2mg/5ml oral suspension,32903011000001104,AMP,0401020K0AACICI
32782211000001108,Diazepam 2mg/5ml oral suspension,32782211000001108,AMP,0401020K0AACICI
40337711000001100,Diazepam 2mg/5ml oral suspension,40337711000001100,AMP,0401020K0AACICI
32635111000001108,Diazepam 2mg/5ml oral suspension,32635111000001108,AMP,0401020K0AACICI
19674911000001101,Diazepam 2mg/5ml oral suspension,19674911000001101,AMP,0401020K0AACICI
32654611000001100,Diazepam 5mg/5ml oral suspension,32654611000001100,VMP,0401020K0AACJCJ
32903211000001109,Diazepam 5mg/5ml oral suspension,32903211000001109,AMP,0401020K0AACJCJ
32635511000001104,Diazepam 5mg/5ml oral suspension,32635511000001104,AMP,0401020K0AACJCJ
13893211000001109,Diazepam 10mg/5ml oral suspension,13893211000001109,VMP,0401020K0AACKCK
13883811000001109,Diazepam 10mg/5ml oral suspension,13883811000001109,AMP,0401020K0AACKCK
13893311000001101,Diazepam 2.5mg/5ml oral suspension,13893311000001101,VMP,0401020K0AACLCL
13892111000001109,Diazepam 2.5mg/5ml oral suspension,13892111000001109,AMP,0401020K0AACLCL
42501311000001108,Diazepam 2mg/5ml oral suspension sugar free,42501311000001108,VMP,0401020K0AACMCM
42495311000001104,Diazepam 2mg/5ml oral suspension sugar free,42495311000001104,AMP,0401020K0AACMCM
3971111000001102,Diazemuls 10mg/2ml emulsion for injection ampoules,3971111000001102,AMP,0401020K0BBAAAQ
82011000001104,Stesolid 5mg rectal tube,82011000001104,AMP,0401020K0BDABAD
142611000001108,Stesolid 10mg rectal tube,142611000001108,AMP,0401020K0BDACAE
3824311000001107,Valclair 10mg suppositories,3824311000001107,AMP,0401020K0BKAABB
603811000001108,Diazepam 5mg RecTubes,603811000001108,AMP,0401020K0BLAAAD
26811000001102,Diazepam 10mg RecTubes,26811000001102,AMP,0401020K0BLABAE
283311000001103,Diazepam 2.5mg RecTubes,283311000001103,AMP,0401020K0BLACBQ
9106811000001108,Tensium 10mg tablets,9106811000001108,AMP,0401020K0BMABAJ
9107211000001109,Tensium 2mg tablets,9107211000001109,AMP,0401020K0BMACAH
36040511000001101,Lorazepam 4mg/1ml solution for injection ampoules,36040511000001101,VMP,0401020P0AAAAAA
39502711000001107,Lorazepam 4mg/1ml solution for injection ampoules,39502711000001107,AMP,0401020P0AAAAAA
42131511000001102,Lorazepam 1mg tablets,42131511000001102,VMP,0401020P0AAABAB
295711000001104,Lorazepam 1mg tablets,295711000001104,AMP,0401020P0AAABAB
15434211000001100,Lorazepam 1mg tablets,15434211000001100,AMP,0401020P0AAABAB
44642711000001107,Lorazepam 1mg tablets,44642711000001107,AMP,0401020P0AAABAB
814311000001105,Lorazepam 1mg tablets,814311000001105,AMP,0401020P0AAABAB
13403911000001105,Lorazepam 1mg tablets,13403911000001105,AMP,0401020P0AAABAB
37899711000001106,Lorazepam 1mg tablets,37899711000001106,AMP,0401020P0AAABAB
10387311000001105,Lorazepam 1mg tablets,10387311000001105,AMP,0401020P0AAABAB
24370411000001108,Lorazepam 1mg tablets,24370411000001108,AMP,0401020P0AAABAB
20324811000001104,Lorazepam 1mg tablets,20324811000001104,AMP,0401020P0AAABAB
917211000001100,Lorazepam 1mg tablets,917211000001100,AMP,0401020P0AAABAB
701811000001103,Lorazepam 1mg tablets,701811000001103,AMP,0401020P0AAABAB
45589911000001105,Lorazepam 1mg tablets,45589911000001105,AMP,0401020P0AAABAB
37119211000001108,Lorazepam 1mg tablets,37119211000001108,AMP,0401020P0AAABAB
39029911000001109,Lorazepam 1mg tablets,39029911000001109,AMP,0401020P0AAABAB
24134311000001103,Lorazepam 1mg tablets,24134311000001103,AMP,0401020P0AAABAB
44891911000001101,Lorazepam 1mg tablets,44891911000001101,AMP,0401020P0AAABAB
44577211000001108,Lorazepam 1mg tablets,44577211000001108,AMP,0401020P0AAABAB
17938411000001106,Lorazepam 1mg tablets,17938411000001106,AMP,0401020P0AAABAB
44766911000001106,Lorazepam 1mg tablets,44766911000001106,AMP,0401020P0AAABAB
12533011000001103,Lorazepam 1mg tablets,12533011000001103,AMP,0401020P0AAABAB
29896911000001107,Lorazepam 1mg tablets,29896911000001107,AMP,0401020P0AAABAB
842411000001101,Lorazepam 1mg tablets,842411000001101,AMP,0401020P0AAABAB
9480811000001109,Lorazepam 1mg tablets,9480811000001109,AMP,0401020P0AAABAB
22073811000001109,Lorazepam 1mg tablets,22073811000001109,AMP,0401020P0AAABAB
42131611000001103,Lorazepam 2.5mg tablets,42131611000001103,VMP,0401020P0AAACAC
771611000001105,Lorazepam 2.5mg tablets,771611000001105,AMP,0401020P0AAACAC
15434411000001101,Lorazepam 2.5mg tablets,15434411000001101,AMP,0401020P0AAACAC
44642911000001109,Lorazepam 2.5mg tablets,44642911000001109,AMP,0401020P0AAACAC
115511000001108,Lorazepam 2.5mg tablets,115511000001108,AMP,0401020P0AAACAC
13403411000001102,Lorazepam 2.5mg tablets,13403411000001102,AMP,0401020P0AAACAC
37904511000001107,Lorazepam 2.5mg tablets,37904511000001107,AMP,0401020P0AAACAC
10389311000001100,Lorazepam 2.5mg tablets,10389311000001100,AMP,0401020P0AAACAC
24370611000001106,Lorazepam 2.5mg tablets,24370611000001106,AMP,0401020P0AAACAC
20325111000001105,Lorazepam 2.5mg tablets,20325111000001105,AMP,0401020P0AAACAC
845311000001102,Lorazepam 2.5mg tablets,845311000001102,AMP,0401020P0AAACAC
585511000001101,Lorazepam 2.5mg tablets,585511000001101,AMP,0401020P0AAACAC
39030511000001107,Lorazepam 2.5mg tablets,39030511000001107,AMP,0401020P0AAACAC
24134611000001108,Lorazepam 2.5mg tablets,24134611000001108,AMP,0401020P0AAACAC
44891711000001103,Lorazepam 2.5mg tablets,44891711000001103,AMP,0401020P0AAACAC
17938611000001109,Lorazepam 2.5mg tablets,17938611000001109,AMP,0401020P0AAACAC
12533211000001108,Lorazepam 2.5mg tablets,12533211000001108,AMP,0401020P0AAACAC
15108811000001102,Lorazepam 2.5mg tablets,15108811000001102,AMP,0401020P0AAACAC
478511000001108,Lorazepam 2.5mg tablets,478511000001108,AMP,0401020P0AAACAC
9481211000001102,Lorazepam 2.5mg tablets,9481211000001102,AMP,0401020P0AAACAC
22074011000001101,Lorazepam 2.5mg tablets,22074011000001101,AMP,0401020P0AAACAC
42131711000001107,Lorazepam 500microgram tablets,42131711000001107,VMP,0401020P0AAADAD
37480811000001104,Lorazepam 500microgram tablets,37480811000001104,AMP,0401020P0AAADAD
44952711000001105,Lorazepam 500microgram tablets,44952711000001105,AMP,0401020P0AAADAD
37230311000001103,Lorazepam 500microgram tablets,37230311000001103,AMP,0401020P0AAADAD
42876511000001102,Lorazepam 500microgram tablets,42876511000001102,AMP,0401020P0AAADAD
37660711000001108,Lorazepam 500microgram tablets,37660711000001108,AMP,0401020P0AAADAD
45386211000001107,Lorazepam 500microgram tablets,45386211000001107,AMP,0401020P0AAADAD
40361211000001107,Lorazepam 500microgram tablets,40361211000001107,AMP,0401020P0AAADAD
41542111000001108,Lorazepam 500microgram tablets,41542111000001108,AMP,0401020P0AAADAD
40325611000001100,Lorazepam 500microgram tablets,40325611000001100,AMP,0401020P0AAADAD
44892111000001109,Lorazepam 500microgram tablets,44892111000001109,AMP,0401020P0AAADAD
44462011000001103,Lorazepam 500microgram tablets,44462011000001103,AMP,0401020P0AAADAD
8659111000001104,Lorazepam 250micrograms/5ml oral solution,8659111000001104,VMP,0401020P0AABHBH
8659211000001105,Lorazepam 250micrograms/5ml oral suspension,8659211000001105,VMP,0401020P0AABHBH
8597211000001104,Lorazepam 250micrograms/5ml oral solution,8597211000001104,AMP,0401020P0AABHBH
8597711000001106,Lorazepam 250micrograms/5ml oral suspension,8597711000001106,AMP,0401020P0AABHBH
8659911000001101,Lorazepam 5mg/5ml oral solution,8659911000001101,VMP,0401020P0AABJBJ
8660011000001104,Lorazepam 5mg/5ml oral suspension,8660011000001104,VMP,0401020P0AABJBJ
8599111000001104,Lorazepam 5mg/5ml oral solution,8599111000001104,AMP,0401020P0AABJBJ
8599811000001106,Lorazepam 5mg/5ml oral suspension,8599811000001106,AMP,0401020P0AABJBJ
8659411000001109,Lorazepam 2mg/5ml oral solution,8659411000001109,VMP,0401020P0AABRBR
8659511000001108,Lorazepam 2mg/5ml oral suspension,8659511000001108,VMP,0401020P0AABRBR
8597411000001100,Lorazepam 2mg/5ml oral solution,8597411000001100,AMP,0401020P0AABRBR
8598011000001105,Lorazepam 2mg/5ml oral suspension,8598011000001105,AMP,0401020P0AABRBR
12817711000001102,Lorazepam 400micrograms/5ml oral solution,12817711000001102,VMP,0401020P0AABSBS
12817811000001105,Lorazepam 400micrograms/5ml oral suspension,12817811000001105,VMP,0401020P0AABSBS
12810811000001106,Lorazepam 400micrograms/5ml oral solution,12810811000001106,AMP,0401020P0AABSBS
12810311000001102,Lorazepam 400micrograms/5ml oral suspension,12810311000001102,AMP,0401020P0AABSBS
12817911000001100,Lorazepam 4mg/5ml oral solution,12817911000001100,VMP,0401020P0AABXBX
12818011000001103,Lorazepam 4mg/5ml oral suspension,12818011000001103,VMP,0401020P0AABXBX
12811411000001100,Lorazepam 4mg/5ml oral solution,12811411000001100,AMP,0401020P0AABXBX
12811111000001105,Lorazepam 4mg/5ml oral suspension,12811111000001105,AMP,0401020P0AABXBX
12813511000001102,Lorazepam 3.75mg/5ml oral solution,12813511000001102,VMP,0401020P0AABZBZ
12813611000001103,Lorazepam 3.75mg/5ml oral suspension,12813611000001103,VMP,0401020P0AABZBZ
12809611000001104,Lorazepam 3.75mg/5ml oral solution,12809611000001104,AMP,0401020P0AABZBZ
12808711000001104,Lorazepam 3.75mg/5ml oral suspension,12808711000001104,AMP,0401020P0AABZBZ
12813311000001108,Lorazepam 1.125mg/5ml oral solution,12813311000001108,VMP,0401020P0AACACA
12813411000001101,Lorazepam 1.125mg/5ml oral suspension,12813411000001101,VMP,0401020P0AACACA
12807211000001107,Lorazepam 1.125mg/5ml oral solution,12807211000001107,AMP,0401020P0AACACA
12806911000001101,Lorazepam 1.125mg/5ml oral suspension,12806911000001101,AMP,0401020P0AACACA
8624311000001104,Lorazepam 1mg/5ml oral solution,8624311000001104,VMP,0401020P0AACDCD
8596311000001109,Lorazepam 1mg/5ml oral solution,8596311000001109,AMP,0401020P0AACDCD
8624511000001105,Lorazepam 1mg/5ml oral suspension,8624511000001105,VMP,0401020P0AACECE
8596811000001100,Lorazepam 1mg/5ml oral suspension,8596811000001100,AMP,0401020P0AACECE
8659611000001107,Lorazepam 500micrograms/5ml oral solution,8659611000001107,VMP,0401020P0AACFCF
8598611000001103,Lorazepam 500micrograms/5ml oral solution,8598611000001103,AMP,0401020P0AACFCF
8659811000001106,Lorazepam 500micrograms/5ml oral suspension,8659811000001106,VMP,0401020P0AACGCG
8599511000001108,Lorazepam 500micrograms/5ml oral suspension,8599511000001108,AMP,0401020P0AACGCG
23675911000001104,Lorazepam 2mg/1ml solution for injection ampoules,23675911000001104,VMP,0401020P0AACHCH
23670011000001109,Lorazepam 2mg/1ml solution for injection ampoules,23670011000001109,AMP,0401020P0AACHCH
34697811000001107,Lorazepam 1mg/ml oral solution sugar free,34697811000001107,VMP,0401020P0AACICI
35108511000001103,Lorazepam 1mg/ml oral solution sugar free,35108511000001103,AMP,0401020P0AACICI
34979011000001104,Lorazepam 1mg/ml oral solution sugar free,34979011000001104,AMP,0401020P0AACICI
34612211000001107,Lorazepam 1mg/ml oral solution sugar free,34612211000001107,AMP,0401020P0AACICI
36108111000001105,Lorazepam 2mg/1ml solution for injection vials,36108111000001105,VMP,0401020P0AACJCJ
36011311000001105,Lorazepam 2mg/1ml solution for injection vials,36011311000001105,AMP,0401020P0AACJCJ
37600511000001104,Lorazepam 1mg orodispersible tablets,37600511000001104,VMP,0401020P0AACKCK
45838611000001102,Lorazepam 1mg orodispersible tablets,45838611000001102,AMP,0401020P0AACKCK
37364611000001102,Lorazepam 1mg orodispersible tablets,37364611000001102,AMP,0401020P0AACKCK
37600611000001100,Lorazepam 2.5mg orodispersible tablets,37600611000001100,VMP,0401020P0AACLCL
37367111000001100,Lorazepam 2.5mg orodispersible tablets,37367111000001100,AMP,0401020P0AACLCL
41556811000001102,Lorazepam 250microgram tablets,41556811000001102,VMP,0401020P0AACMCM
41935911000001108,Lorazepam 250microgram tablets,41935911000001108,AMP,0401020P0AACMCM
41939111000001107,Lorazepam 250microgram tablets,41939111000001107,AMP,0401020P0AACMCM
41551211000001106,Lorazepam 250microgram tablets,41551211000001106,AMP,0401020P0AACMCM
3925811000001106,Ativan 4mg/1ml solution for injection ampoules,3925811000001106,AMP,0401020P0BCAAAA
42132011000001102,Meprobamate 400mg tablets,42132011000001102,VMP,0401020R0AAABAB
3641811000001109,Meprobamate 400mg tablets,3641811000001109,AMP,0401020R0AAABAB
3643011000001102,Meprobamate 400mg tablets,3643011000001102,AMP,0401020R0AAABAB
3642611000001104,Meprobamate 400mg tablets,3642611000001104,AMP,0401020R0AAABAB
29905711000001108,Meprobamate 400mg tablets,29905711000001108,AMP,0401020R0AAABAB
3642111000001107,Meprobamate 400mg tablets,3642111000001107,AMP,0401020R0AAABAB
12701311000001107,Meprobamate 5mg/5ml oral solution,12701311000001107,VMP,0401020R0AAAEAE
12701411000001100,Meprobamate 5mg/5ml oral suspension,12701411000001100,VMP,0401020R0AAAEAE
12694711000001100,Meprobamate 5mg/5ml oral solution,12694711000001100,AMP,0401020R0AAAEAE
12694111000001101,Meprobamate 5mg/5ml oral suspension,12694111000001101,AMP,0401020R0AAAEAE
42132611000001109,Oxazepam 10mg tablets,42132611000001109,VMP,0401020T0AAABAB
498511000001100,Oxazepam 10mg tablets,498511000001100,AMP,0401020T0AAABAB
214711000001104,Oxazepam 10mg tablets,214711000001104,AMP,0401020T0AAABAB
682511000001104,Oxazepam 10mg tablets,682511000001104,AMP,0401020T0AAABAB
19819411000001108,Oxazepam 10mg tablets,19819411000001108,AMP,0401020T0AAABAB
30069511000001106,Oxazepam 10mg tablets,30069511000001106,AMP,0401020T0AAABAB
616111000001109,Oxazepam 10mg tablets,616111000001109,AMP,0401020T0AAABAB
384111000001108,Oxazepam 10mg tablets,384111000001108,AMP,0401020T0AAABAB
39068111000001105,Oxazepam 10mg tablets,39068111000001105,AMP,0401020T0AAABAB
17950111000001102,Oxazepam 10mg tablets,17950111000001102,AMP,0401020T0AAABAB
29974111000001104,Oxazepam 10mg tablets,29974111000001104,AMP,0401020T0AAABAB
39490011000001104,Oxazepam 10mg tablets,39490011000001104,AMP,0401020T0AAABAB
21828411000001100,Oxazepam 10mg tablets,21828411000001100,AMP,0401020T0AAABAB
42132711000001100,Oxazepam 15mg tablets,42132711000001100,VMP,0401020T0AAACAC
647511000001106,Oxazepam 15mg tablets,647511000001106,AMP,0401020T0AAACAC
191811000001107,Oxazepam 15mg tablets,191811000001107,AMP,0401020T0AAACAC
37611000001102,Oxazepam 15mg tablets,37611000001102,AMP,0401020T0AAACAC
19819611000001106,Oxazepam 15mg tablets,19819611000001106,AMP,0401020T0AAACAC
30069711000001101,Oxazepam 15mg tablets,30069711000001101,AMP,0401020T0AAACAC
500711000001102,Oxazepam 15mg tablets,500711000001102,AMP,0401020T0AAACAC
762211000001107,Oxazepam 15mg tablets,762211000001107,AMP,0401020T0AAACAC
39068311000001107,Oxazepam 15mg tablets,39068311000001107,AMP,0401020T0AAACAC
17950311000001100,Oxazepam 15mg tablets,17950311000001100,AMP,0401020T0AAACAC
29974311000001102,Oxazepam 15mg tablets,29974311000001102,AMP,0401020T0AAACAC
39490511000001107,Oxazepam 15mg tablets,39490511000001107,AMP,0401020T0AAACAC
21828611000001102,Oxazepam 15mg tablets,21828611000001102,AMP,0401020T0AAACAC
12141911000001108,Oxazepam 2.5mg/5ml oral suspension,12141911000001108,VMP,0401020T0AAAHAH
12132911000001101,Oxazepam 2.5mg/5ml oral suspension,12132911000001101,AMP,0401020T0AAAHAH
12141811000001103,Oxazepam 12.5mg/5ml oral suspension,12141811000001103,VMP,0401020T0AAAIAI
12133211000001104,Oxazepam 12.5mg/5ml oral suspension,12133211000001104,AMP,0401020T0AAAIAI
12141711000001106,Oxazepam 10mg/5ml oral suspension,12141711000001106,VMP,0401020T0AAAJAJ
12133911000001108,Oxazepam 10mg/5ml oral suspension,12133911000001108,AMP,0401020T0AAAJAJ
12142011000001101,Oxazepam 2mg/5ml oral suspension,12142011000001101,VMP,0401020T0AAAKAK
12132611000001107,Oxazepam 2mg/5ml oral suspension,12132611000001107,AMP,0401020T0AAAKAK
42128611000001109,Dipotassium clorazepate 7.5mg capsules,42128611000001109,VMP,0401020V0AAAAAA
42128511000001105,Dipotassium clorazepate 15mg capsules,42128511000001105,VMP,0401020V0AAABAB
4902211000001109,Tranxene 7.5mg capsules,4902211000001109,AMP,0401020V0BBAAAA
4902711000001102,Tranxene 15mg capsules,4902711000001102,AMP,0401020V0BBABAB
42125311000001108,Amobarbital 50mg tablets,42125311000001108,VMP,0401030C0AAACAC
3709611000001105,Amytal 50mg tablets,3709611000001105,AMP,0401030C0BBACAC
42125411000001101,Amobarbital sodium 60mg capsules,42125411000001101,VMP,0401030E0AAAAAA
3682911000001100,Amobarbital sodium 200mg capsules,3682911000001100,VMP,0401030E0AAABAB
3797411000001100,Sodium Amytal 60mg capsules,3797411000001100,AMP,0401030E0BBAAAA
3681911000001106,Sodium Amytal 200mg capsules,3681911000001106,AMP,0401030E0BBABAB
42125611000001103,Butobarbital 100mg tablets,42125611000001103,VMP,0401030H0AAABAB
3681311000001105,Soneryl 100mg tablets,3681311000001105,AMP,0401030H0BBAAAB
42136911000001104,Secobarbital sodium 50mg capsules,42136911000001104,VMP,0401030T0AAAAAA
20551211000001100,Secobarbital sodium 50mg capsules,20551211000001100,AMP,0401030T0AAAAAA
42136811000001109,Secobarbital sodium 100mg capsules,42136811000001109,VMP,0401030T0AAABAB
19739211000001101,Secobarbital sodium 100mg capsules,19739211000001101,AMP,0401030T0AAABAB
15374911000001100,Amobarbital 50mg / Secobarbital sodium 50mg capsules,15374911000001100,VMP,0401030T0AAACAC
15244711000001109,Amobarbital 50mg / Secobarbital sodium 50mg capsules,15244711000001109,AMP,0401030T0AAACAC
12425811000001103,Secobarbital sodium 25mg capsules,12425811000001103,VMP,0401030T0AAADAD
12361911000001105,Secobarbital sodium 25mg capsules,12361911000001105,AMP,0401030T0AAADAD
4085511000001105,Seconal Sodium 50mg capsules,4085511000001105,AMP,0401030T0BBAAAA
3840711000001103,Seconal Sodium 100mg capsules,3840711000001103,AMP,0401030T0BBABAB
3717611000001103,Tuinal 100mg Pulvules,3717611000001103,AMP,0401030T0BCAAAC
42278311000001100,Quetiapine 25mg tablets,42278311000001100,VMP,0402010ABAAABAB
20365611000001109,Quetiapine 25mg tablets,20365611000001109,AMP,0402010ABAAABAB
21286911000001106,Quetiapine 25mg tablets,21286911000001106,AMP,0402010ABAAABAB
20354811000001100,Quetiapine 25mg tablets,20354811000001100,AMP,0402010ABAAABAB
20360511000001100,Quetiapine 25mg tablets,20360511000001100,AMP,0402010ABAAABAB
41973311000001108,Quetiapine 25mg tablets,41973311000001108,AMP,0402010ABAAABAB
39156911000001109,Quetiapine 25mg tablets,39156911000001109,AMP,0402010ABAAABAB
20437411000001102,Quetiapine 25mg tablets,20437411000001102,AMP,0402010ABAAABAB
40201411000001103,Quetiapine 25mg tablets,40201411000001103,AMP,0402010ABAAABAB
30082611000001100,Quetiapine 25mg tablets,30082611000001100,AMP,0402010ABAAABAB
20415911000001108,Quetiapine 25mg tablets,20415911000001108,AMP,0402010ABAAABAB
37904411000001108,Quetiapine 25mg tablets,37904411000001108,AMP,0402010ABAAABAB
32449611000001100,Quetiapine 25mg tablets,32449611000001100,AMP,0402010ABAAABAB
35657411000001106,Quetiapine 25mg tablets,35657411000001106,AMP,0402010ABAAABAB
27479111000001107,Quetiapine 25mg tablets,27479111000001107,AMP,0402010ABAAABAB
37136211000001106,Quetiapine 25mg tablets,37136211000001106,AMP,0402010ABAAABAB
39203111000001106,Quetiapine 25mg tablets,39203111000001106,AMP,0402010ABAAABAB
35178711000001103,Quetiapine 25mg tablets,35178711000001103,AMP,0402010ABAAABAB
20522711000001104,Quetiapine 25mg tablets,20522711000001104,AMP,0402010ABAAABAB
44956311000001105,Quetiapine 25mg tablets,44956311000001105,AMP,0402010ABAAABAB
21705911000001108,Quetiapine 25mg tablets,21705911000001108,AMP,0402010ABAAABAB
20160911000001104,Quetiapine 25mg tablets,20160911000001104,AMP,0402010ABAAABAB
36883311000001109,Quetiapine 25mg tablets,36883311000001109,AMP,0402010ABAAABAB
33611211000001102,Quetiapine 25mg tablets,33611211000001102,AMP,0402010ABAAABAB
21871311000001101,Quetiapine 25mg tablets,21871311000001101,AMP,0402010ABAAABAB
20917511000001108,Quetiapine 25mg tablets,20917511000001108,AMP,0402010ABAAABAB
42278011000001103,Quetiapine 100mg tablets,42278011000001103,VMP,0402010ABAAACAC
20365811000001108,Quetiapine 100mg tablets,20365811000001108,AMP,0402010ABAAACAC
21287111000001106,Quetiapine 100mg tablets,21287111000001106,AMP,0402010ABAAACAC
20355011000001105,Quetiapine 100mg tablets,20355011000001105,AMP,0402010ABAAACAC
20360711000001105,Quetiapine 100mg tablets,20360711000001105,AMP,0402010ABAAACAC
41972511000001109,Quetiapine 100mg tablets,41972511000001109,AMP,0402010ABAAACAC
39153511000001105,Quetiapine 100mg tablets,39153511000001105,AMP,0402010ABAAACAC
20437611000001104,Quetiapine 100mg tablets,20437611000001104,AMP,0402010ABAAACAC
38747211000001108,Quetiapine 100mg tablets,38747211000001108,AMP,0402010ABAAACAC
30082811000001101,Quetiapine 100mg tablets,30082811000001101,AMP,0402010ABAAACAC
20416111000001104,Quetiapine 100mg tablets,20416111000001104,AMP,0402010ABAAACAC
37901611000001109,Quetiapine 100mg tablets,37901611000001109,AMP,0402010ABAAACAC
32449811000001101,Quetiapine 100mg tablets,32449811000001101,AMP,0402010ABAAACAC
35657611000001109,Quetiapine 100mg tablets,35657611000001109,AMP,0402010ABAAACAC
27483311000001103,Quetiapine 100mg tablets,27483311000001103,AMP,0402010ABAAACAC
30860611000001103,Quetiapine 100mg tablets,30860611000001103,AMP,0402010ABAAACAC
39199611000001101,Quetiapine 100mg tablets,39199611000001101,AMP,0402010ABAAACAC
35178911000001101,Quetiapine 100mg tablets,35178911000001101,AMP,0402010ABAAACAC
20522411000001105,Quetiapine 100mg tablets,20522411000001105,AMP,0402010ABAAACAC
44957611000001103,Quetiapine 100mg tablets,44957611000001103,AMP,0402010ABAAACAC
21706111000001104,Quetiapine 100mg tablets,21706111000001104,AMP,0402010ABAAACAC
20161111000001108,Quetiapine 100mg tablets,20161111000001108,AMP,0402010ABAAACAC
36883511000001103,Quetiapine 100mg tablets,36883511000001103,AMP,0402010ABAAACAC
33611411000001103,Quetiapine 100mg tablets,33611411000001103,AMP,0402010ABAAACAC
21871511000001107,Quetiapine 100mg tablets,21871511000001107,AMP,0402010ABAAACAC
20917711000001103,Quetiapine 100mg tablets,20917711000001103,AMP,0402010ABAAACAC
42278211000001108,Quetiapine 200mg tablets,42278211000001108,VMP,0402010ABAAADAD
20366211000001101,Quetiapine 200mg tablets,20366211000001101,AMP,0402010ABAAADAD
21287511000001102,Quetiapine 200mg tablets,21287511000001102,AMP,0402010ABAAADAD
20355411000001101,Quetiapine 200mg tablets,20355411000001101,AMP,0402010ABAAADAD
20361111000001103,Quetiapine 200mg tablets,20361111000001103,AMP,0402010ABAAADAD
41972911000001102,Quetiapine 200mg tablets,41972911000001102,AMP,0402010ABAAADAD
39154111000001104,Quetiapine 200mg tablets,39154111000001104,AMP,0402010ABAAADAD
20438111000001108,Quetiapine 200mg tablets,20438111000001108,AMP,0402010ABAAADAD
38747611000001105,Quetiapine 200mg tablets,38747611000001105,AMP,0402010ABAAADAD
30083211000001108,Quetiapine 200mg tablets,30083211000001108,AMP,0402010ABAAADAD
20416511000001108,Quetiapine 200mg tablets,20416511000001108,AMP,0402010ABAAADAD
37904211000001109,Quetiapine 200mg tablets,37904211000001109,AMP,0402010ABAAADAD
32450211000001107,Quetiapine 200mg tablets,32450211000001107,AMP,0402010ABAAADAD
35658011000001101,Quetiapine 200mg tablets,35658011000001101,AMP,0402010ABAAADAD
27486711000001106,Quetiapine 200mg tablets,27486711000001106,AMP,0402010ABAAADAD
30861011000001101,Quetiapine 200mg tablets,30861011000001101,AMP,0402010ABAAADAD
39202511000001109,Quetiapine 200mg tablets,39202511000001109,AMP,0402010ABAAADAD
35179311000001108,Quetiapine 200mg tablets,35179311000001108,AMP,0402010ABAAADAD
20521411000001100,Quetiapine 200mg tablets,20521411000001100,AMP,0402010ABAAADAD
44957911000001109,Quetiapine 200mg tablets,44957911000001109,AMP,0402010ABAAADAD
21706511000001108,Quetiapine 200mg tablets,21706511000001108,AMP,0402010ABAAADAD
20161711000001109,Quetiapine 200mg tablets,20161711000001109,AMP,0402010ABAAADAD
36884111000001109,Quetiapine 200mg tablets,36884111000001109,AMP,0402010ABAAADAD
33611811000001101,Quetiapine 200mg tablets,33611811000001101,AMP,0402010ABAAADAD
21872411000001103,Quetiapine 200mg tablets,21872411000001103,AMP,0402010ABAAADAD
20918111000001103,Quetiapine 200mg tablets,20918111000001103,AMP,0402010ABAAADAD
13011811000001108,Quetiapine 125mg/5ml oral solution,13011811000001108,VMP,0402010ABAAAEAE
13011911000001103,Quetiapine 125mg/5ml oral suspension,13011911000001103,VMP,0402010ABAAAEAE
12990211000001103,Quetiapine 125mg/5ml oral solution,12990211000001103,AMP,0402010ABAAAEAE
12989811000001105,Quetiapine 125mg/5ml oral suspension,12989811000001105,AMP,0402010ABAAAEAE
39703111000001104,Quetiapine 150mg tablets,39703111000001104,VMP,0402010ABAAAFAF
20366011000001106,Quetiapine 150mg tablets,20366011000001106,AMP,0402010ABAAAFAF
21287311000001108,Quetiapine 150mg tablets,21287311000001108,AMP,0402010ABAAAFAF
20355211000001100,Quetiapine 150mg tablets,20355211000001100,AMP,0402010ABAAAFAF
20360911000001107,Quetiapine 150mg tablets,20360911000001107,AMP,0402010ABAAAFAF
41972711000001104,Quetiapine 150mg tablets,41972711000001104,AMP,0402010ABAAAFAF
39153711000001100,Quetiapine 150mg tablets,39153711000001100,AMP,0402010ABAAAFAF
20437811000001100,Quetiapine 150mg tablets,20437811000001100,AMP,0402010ABAAAFAF
38747411000001107,Quetiapine 150mg tablets,38747411000001107,AMP,0402010ABAAAFAF
30083011000001103,Quetiapine 150mg tablets,30083011000001103,AMP,0402010ABAAAFAF
20416311000001102,Quetiapine 150mg tablets,20416311000001102,AMP,0402010ABAAAFAF
37901811000001108,Quetiapine 150mg tablets,37901811000001108,AMP,0402010ABAAAFAF
35657811000001108,Quetiapine 150mg tablets,35657811000001108,AMP,0402010ABAAAFAF
27485511000001108,Quetiapine 150mg tablets,27485511000001108,AMP,0402010ABAAAFAF
30860811000001104,Quetiapine 150mg tablets,30860811000001104,AMP,0402010ABAAAFAF
39202211000001106,Quetiapine 150mg tablets,39202211000001106,AMP,0402010ABAAAFAF
35179111000001106,Quetiapine 150mg tablets,35179111000001106,AMP,0402010ABAAAFAF
21610811000001102,Quetiapine 150mg tablets,21610811000001102,AMP,0402010ABAAAFAF
44957711000001107,Quetiapine 150mg tablets,44957711000001107,AMP,0402010ABAAAFAF
21706311000001102,Quetiapine 150mg tablets,21706311000001102,AMP,0402010ABAAAFAF
20161411000001103,Quetiapine 150mg tablets,20161411000001103,AMP,0402010ABAAAFAF
36883911000001105,Quetiapine 150mg tablets,36883911000001105,AMP,0402010ABAAAFAF
33611611000001100,Quetiapine 150mg tablets,33611611000001100,AMP,0402010ABAAAFAF
21872211000001102,Quetiapine 150mg tablets,21872211000001102,AMP,0402010ABAAAFAF
20917911000001101,Quetiapine 150mg tablets,20917911000001101,AMP,0402010ABAAAFAF
13012211000001100,Quetiapine 25mg/5ml oral solution,13012211000001100,VMP,0402010ABAAAHAH
12992011000001107,Quetiapine 25mg/5ml oral solution,12992011000001107,AMP,0402010ABAAAHAH
13011611000001109,Quetiapine 12.5mg/5ml oral solution,13011611000001109,VMP,0402010ABAAAIAI
12989111000001103,Quetiapine 12.5mg/5ml oral solution,12989111000001103,AMP,0402010ABAAAIAI
13012011000001105,Quetiapine 150mg/5ml oral solution,13012011000001105,VMP,0402010ABAAAJAJ
13012111000001106,Quetiapine 150mg/5ml oral suspension,13012111000001106,VMP,0402010ABAAAJAJ
12991411000001108,Quetiapine 150mg/5ml oral solution,12991411000001108,AMP,0402010ABAAAJAJ
12990911000001107,Quetiapine 150mg/5ml oral suspension,12990911000001107,AMP,0402010ABAAAJAJ
42278511000001106,Quetiapine 300mg tablets,42278511000001106,VMP,0402010ABAAAKAK
20366611000001104,Quetiapine 300mg tablets,20366611000001104,AMP,0402010ABAAAKAK
21287811000001104,Quetiapine 300mg tablets,21287811000001104,AMP,0402010ABAAAKAK
20355611000001103,Quetiapine 300mg tablets,20355611000001103,AMP,0402010ABAAAKAK
20361311000001101,Quetiapine 300mg tablets,20361311000001101,AMP,0402010ABAAAKAK
41973111000001106,Quetiapine 300mg tablets,41973111000001106,AMP,0402010ABAAAKAK
39154311000001102,Quetiapine 300mg tablets,39154311000001102,AMP,0402010ABAAAKAK
20438511000001104,Quetiapine 300mg tablets,20438511000001104,AMP,0402010ABAAAKAK
38747811000001109,Quetiapine 300mg tablets,38747811000001109,AMP,0402010ABAAAKAK
30083411000001107,Quetiapine 300mg tablets,30083411000001107,AMP,0402010ABAAAKAK
20416711000001103,Quetiapine 300mg tablets,20416711000001103,AMP,0402010ABAAAKAK
37904811000001105,Quetiapine 300mg tablets,37904811000001105,AMP,0402010ABAAAKAK
32450511000001105,Quetiapine 300mg tablets,32450511000001105,AMP,0402010ABAAAKAK
35658211000001106,Quetiapine 300mg tablets,35658211000001106,AMP,0402010ABAAAKAK
27487611000001100,Quetiapine 300mg tablets,27487611000001100,AMP,0402010ABAAAKAK
30861311000001103,Quetiapine 300mg tablets,30861311000001103,AMP,0402010ABAAAKAK
39203411000001101,Quetiapine 300mg tablets,39203411000001101,AMP,0402010ABAAAKAK
35179511000001102,Quetiapine 300mg tablets,35179511000001102,AMP,0402010ABAAAKAK
20521211000001104,Quetiapine 300mg tablets,20521211000001104,AMP,0402010ABAAAKAK
44958111000001107,Quetiapine 300mg tablets,44958111000001107,AMP,0402010ABAAAKAK
21706711000001103,Quetiapine 300mg tablets,21706711000001103,AMP,0402010ABAAAKAK
20161911000001106,Quetiapine 300mg tablets,20161911000001106,AMP,0402010ABAAAKAK
36884311000001106,Quetiapine 300mg tablets,36884311000001106,AMP,0402010ABAAAKAK
33612011000001104,Quetiapine 300mg tablets,33612011000001104,AMP,0402010ABAAAKAK
21872611000001100,Quetiapine 300mg tablets,21872611000001100,AMP,0402010ABAAAKAK
20918311000001101,Quetiapine 300mg tablets,20918311000001101,AMP,0402010ABAAAKAK
15452011000001103,Quetiapine 50mg/5ml oral solution,15452011000001103,VMP,0402010ABAAALAL
15450011000001102,Quetiapine 50mg/5ml oral solution,15450011000001102,AMP,0402010ABAAALAL
14018611000001104,Quetiapine 100mg/5ml oral solution,14018611000001104,VMP,0402010ABAAAMAM
14018711000001108,Quetiapine 100mg/5ml oral suspension,14018711000001108,VMP,0402010ABAAAMAM
14015611000001105,Quetiapine 100mg/5ml oral solution,14015611000001105,AMP,0402010ABAAAMAM
14016211000001102,Quetiapine 100mg/5ml oral suspension,14016211000001102,AMP,0402010ABAAAMAM
15534711000001102,Quetiapine 50mg oral powder sachets,15534711000001102,VMP,0402010ABAAANAN
15523211000001108,Quetiapine 50mg oral powder sachets,15523211000001108,AMP,0402010ABAAANAN
16110511000001104,Quetiapine 100mg oral powder sachets,16110511000001104,VMP,0402010ABAAAPAP
16104611000001109,Quetiapine 100mg oral powder sachets,16104611000001109,AMP,0402010ABAAAPAP
14160111000001100,Quetiapine 25mg oral powder sachets,14160111000001100,VMP,0402010ABAAAQAQ
14153711000001103,Quetiapine 25mg oral powder sachets,14153711000001103,AMP,0402010ABAAAQAQ
22635511000001100,Quetiapine 200mg/5ml oral suspension,22635511000001100,VMP,0402010ABAAARAR
22632711000001101,Quetiapine 200mg/5ml oral suspension,22632711000001101,AMP,0402010ABAAARAR
13587011000001108,Quetiapine 400mg/5ml oral solution,13587011000001108,VMP,0402010ABAAATAT
13587111000001109,Quetiapine 400mg/5ml oral suspension,13587111000001109,VMP,0402010ABAAATAT
13574011000001106,Quetiapine 400mg/5ml oral solution,13574011000001106,AMP,0402010ABAAATAT
13574311000001109,Quetiapine 400mg/5ml oral suspension,13574311000001109,AMP,0402010ABAAATAT
13844511000001103,Quetiapine 75mg/5ml oral solution,13844511000001103,VMP,0402010ABAAAUAU
13844611000001104,Quetiapine 75mg/5ml oral suspension,13844611000001104,VMP,0402010ABAAAUAU
13841111000001109,Quetiapine 75mg/5ml oral solution,13841111000001109,AMP,0402010ABAAAUAU
13841611000001101,Quetiapine 75mg/5ml oral suspension,13841611000001101,AMP,0402010ABAAAUAU
14042811000001105,Quetiapine 50mg modified-release tablets,14042811000001105,VMP,0402010ABAAAVAV
43169311000001106,Quetiapine 50mg modified-release tablets,43169311000001106,AMP,0402010ABAAAVAV
44616911000001103,Quetiapine 50mg modified-release tablets,44616911000001103,AMP,0402010ABAAAVAV
42411911000001101,Quetiapine 50mg modified-release tablets,42411911000001101,AMP,0402010ABAAAVAV
42278111000001102,Quetiapine 200mg modified-release tablets,42278111000001102,VMP,0402010ABAAAWAW
43169111000001109,Quetiapine 200mg modified-release tablets,43169111000001109,AMP,0402010ABAAAWAW
44617711000001102,Quetiapine 200mg modified-release tablets,44617711000001102,AMP,0402010ABAAAWAW
42413211000001109,Quetiapine 200mg modified-release tablets,42413211000001109,AMP,0402010ABAAAWAW
42278411000001107,Quetiapine 300mg modified-release tablets,42278411000001107,VMP,0402010ABAAAXAX
43168911000001104,Quetiapine 300mg modified-release tablets,43168911000001104,AMP,0402010ABAAAXAX
44618011000001103,Quetiapine 300mg modified-release tablets,44618011000001103,AMP,0402010ABAAAXAX
42413411000001108,Quetiapine 300mg modified-release tablets,42413411000001108,AMP,0402010ABAAAXAX
42278611000001105,Quetiapine 400mg modified-release tablets,42278611000001105,VMP,0402010ABAAAYAY
43169811000001102,Quetiapine 400mg modified-release tablets,43169811000001102,AMP,0402010ABAAAYAY
44618311000001100,Quetiapine 400mg modified-release tablets,44618311000001100,AMP,0402010ABAAAYAY
42413611000001106,Quetiapine 400mg modified-release tablets,42413611000001106,AMP,0402010ABAAAYAY
16110611000001100,Quetiapine 6.25mg/5ml oral solution,16110611000001100,VMP,0402010ABAAAZAZ
16110711000001109,Quetiapine 6.25mg/5ml oral suspension,16110711000001109,VMP,0402010ABAAAZAZ
16109011000001101,Quetiapine 6.25mg/5ml oral solution,16109011000001101,AMP,0402010ABAAAZAZ
16108811000001100,Quetiapine 6.25mg/5ml oral suspension,16108811000001100,AMP,0402010ABAAAZAZ
17828611000001101,Quetiapine 150mg modified-release tablets,17828611000001101,VMP,0402010ABAABABA
43170011000001106,Quetiapine 150mg modified-release tablets,43170011000001106,AMP,0402010ABAABABA
44617411000001108,Quetiapine 150mg modified-release tablets,44617411000001108,AMP,0402010ABAABABA
42412111000001109,Quetiapine 150mg modified-release tablets,42412111000001109,AMP,0402010ABAABABA
13011711000001100,Quetiapine 12.5mg/5ml oral suspension,13011711000001100,VMP,0402010ABAABBBB
12988711000001106,Quetiapine 12.5mg/5ml oral suspension,12988711000001106,AMP,0402010ABAABBBB
13012311000001108,Quetiapine 25mg/5ml oral suspension,13012311000001108,VMP,0402010ABAABDBD
12991711000001102,Quetiapine 25mg/5ml oral suspension,12991711000001102,AMP,0402010ABAABDBD
15452111000001102,Quetiapine 50mg/5ml oral suspension,15452111000001102,VMP,0402010ABAABEBE
15450311000001104,Quetiapine 50mg/5ml oral suspension,15450311000001104,AMP,0402010ABAABEBE
33391011000001100,Quetiapine 20mg/ml oral suspension sugar free,33391011000001100,VMP,0402010ABAABFBF
38743811000001103,Quetiapine 20mg/ml oral suspension sugar free,38743811000001103,AMP,0402010ABAABFBF
34464911000001109,Quetiapine 20mg/ml oral suspension sugar free,34464911000001109,AMP,0402010ABAABFBF
33261411000001104,Quetiapine 20mg/ml oral suspension sugar free,33261411000001104,AMP,0402010ABAABFBF
39027411000001105,Quetiapine 600mg modified-release tablets,39027411000001105,VMP,0402010ABAABGBG
42684111000001102,Quetiapine 50mg tablets,42684111000001102,VMP,0402010ABAABHBH
42744411000001107,Quetiapine 50mg tablets,42744411000001107,AMP,0402010ABAABHBH
42677311000001103,Quetiapine 50mg tablets,42677311000001103,AMP,0402010ABAABHBH
45660211000001101,Quetiapine 50mg tablets,45660211000001101,AMP,0402010ABAABHBH
42684011000001103,Quetiapine 400mg tablets,42684011000001103,VMP,0402010ABAABIBI
42804011000001107,Quetiapine 400mg tablets,42804011000001107,AMP,0402010ABAABIBI
42677011000001101,Quetiapine 400mg tablets,42677011000001101,AMP,0402010ABAABIBI
45660511000001103,Quetiapine 400mg tablets,45660511000001103,AMP,0402010ABAABIBI
596211000001109,Seroquel 25mg tablets,596211000001109,AMP,0402010ABBBABAB
340911000001108,Seroquel 100mg tablets,340911000001108,AMP,0402010ABBBACAC
476411000001108,Seroquel 200mg tablets,476411000001108,AMP,0402010ABBBADAD
4111000001106,Seroquel 150mg tablets,4111000001106,AMP,0402010ABBBAEAF
4989111000001106,Seroquel 300mg tablets,4989111000001106,AMP,0402010ABBBAGAK
14026511000001105,Seroquel XL 50mg tablets,14026511000001105,AMP,0402010ABBBAHAV
14025311000001109,Seroquel XL 200mg tablets,14025311000001109,AMP,0402010ABBBAIAW
14026011000001102,Seroquel XL 300mg tablets,14026011000001102,AMP,0402010ABBBAJAX
14025711000001108,Seroquel XL 400mg tablets,14025711000001108,AMP,0402010ABBBAKAY
17689811000001108,Seroquel XL 150mg tablets,17689811000001108,AMP,0402010ABBBALBA
20356011000001101,Sondate XL 50mg tablets,20356011000001101,AMP,0402010ABBCAAAV
20356211000001106,Sondate XL 200mg tablets,20356211000001106,AMP,0402010ABBCABAW
20356411000001105,Sondate XL 300mg tablets,20356411000001105,AMP,0402010ABBCACAX
20356611000001108,Sondate XL 400mg tablets,20356611000001108,AMP,0402010ABBCADAY
21714411000001103,Sondate XL 150mg tablets,21714411000001103,AMP,0402010ABBCAEBA
21248811000001109,Tenprolide XL 50mg tablets,21248811000001109,AMP,0402010ABBDAAAV
21249311000001106,Tenprolide XL 200mg tablets,21249311000001106,AMP,0402010ABBDABAW
21249511000001100,Tenprolide XL 300mg tablets,21249511000001100,AMP,0402010ABBDACAX
22409511000001108,Tenprolide XL 400mg tablets,22409511000001108,AMP,0402010ABBDADAY
22221211000001102,Seotiapim XL 200mg tablets,22221211000001102,AMP,0402010ABBEAAAW
22221411000001103,Seotiapim XL 400mg tablets,22221411000001103,AMP,0402010ABBEABAY
22221611000001100,Seotiapim XL 300mg tablets,22221611000001100,AMP,0402010ABBEACAX
25803211000001100,Ebesque XL 50mg tablets,25803211000001100,AMP,0402010ABBFAAAV
25804311000001105,Ebesque XL 200mg tablets,25804311000001105,AMP,0402010ABBFABAW
25804911000001106,Ebesque XL 300mg tablets,25804911000001106,AMP,0402010ABBFACAX
25806011000001102,Ebesque XL 400mg tablets,25806011000001102,AMP,0402010ABBFADAY
27842211000001101,Atrolak XL 50mg tablets,27842211000001101,AMP,0402010ABBGAAAV
27842411000001102,Atrolak XL 200mg tablets,27842411000001102,AMP,0402010ABBGABAW
27842611000001104,Atrolak XL 300mg tablets,27842611000001104,AMP,0402010ABBGACAX
27842811000001100,Atrolak XL 400mg tablets,27842811000001100,AMP,0402010ABBGADAY
34936811000001101,Atrolak XL 150mg tablets,34936811000001101,AMP,0402010ABBGAEBA
28411511000001102,Zaluron XL 50mg tablets,28411511000001102,AMP,0402010ABBHAAAV
28411711000001107,Zaluron XL 150mg tablets,28411711000001107,AMP,0402010ABBHABBA
28411911000001109,Zaluron XL 200mg tablets,28411911000001109,AMP,0402010ABBHACAW
28412111000001101,Zaluron XL 300mg tablets,28412111000001101,AMP,0402010ABBHADAX
28412311000001104,Zaluron XL 400mg tablets,28412311000001104,AMP,0402010ABBHAEAY
28400211000001109,Biquelle XL 50mg tablets,28400211000001109,AMP,0402010ABBIAAAV
28400411000001108,Biquelle XL 150mg tablets,28400411000001108,AMP,0402010ABBIABBA
28401011000001108,Biquelle XL 200mg tablets,28401011000001108,AMP,0402010ABBIACAW
28400611000001106,Biquelle XL 300mg tablets,28400611000001106,AMP,0402010ABBIADAX
28400811000001105,Biquelle XL 400mg tablets,28400811000001105,AMP,0402010ABBIAEAY
39005011000001102,Biquelle XL 600mg tablets,39005011000001102,AMP,0402010ABBIAFBG
28994711000001109,Mintreleq XL 50mg tablets,28994711000001109,AMP,0402010ABBJAAAV
28994911000001106,Mintreleq XL 150mg tablets,28994911000001106,AMP,0402010ABBJABBA
28995111000001107,Mintreleq XL 200mg tablets,28995111000001107,AMP,0402010ABBJACAW
28995611000001104,Mintreleq XL 300mg tablets,28995611000001104,AMP,0402010ABBJADAX
28995811000001100,Mintreleq XL 400mg tablets,28995811000001100,AMP,0402010ABBJAEAY
32503211000001102,Psyquet XL 50mg tablets,32503211000001102,AMP,0402010ABBKAAAV
32503411000001103,Psyquet XL 150mg tablets,32503411000001103,AMP,0402010ABBKABBA
32503611000001100,Psyquet XL 200mg tablets,32503611000001100,AMP,0402010ABBKACAW
32503811000001101,Psyquet XL 300mg tablets,32503811000001101,AMP,0402010ABBKADAX
32504011000001109,Psyquet XL 400mg tablets,32504011000001109,AMP,0402010ABBKAEAY
33568811000001104,Brancico XL 300mg tablets,33568811000001104,AMP,0402010ABBLAAAX
33569011000001100,Brancico XL 200mg tablets,33569011000001100,AMP,0402010ABBLABAW
33569711000001103,Brancico XL 150mg tablets,33569711000001103,AMP,0402010ABBLACBA
33569911000001101,Brancico XL 50mg tablets,33569911000001101,AMP,0402010ABBLADAV
33570111000001101,Brancico XL 400mg tablets,33570111000001101,AMP,0402010ABBLAEAY
39692411000001106,Flupentixol 3mg tablets,39692411000001106,VMP,0402010H0AAAAAA
3679611000001105,Depixol 3mg tablets,3679611000001105,AMP,0402010H0BBAAAA
11711711000001107,Amitriptyline 75mg/5ml oral solution,11711711000001107,VMP,0403010B0AAA1A1
11683811000001108,Amitriptyline 75mg/5ml oral solution,11683811000001108,AMP,0403010B0AAA1A1
11711311000001108,Amitriptyline 100mg/5ml oral solution,11711311000001108,VMP,0403010B0AAA2A2
11682611000001104,Amitriptyline 100mg/5ml oral solution,11682611000001104,AMP,0403010B0AAA2A2
33678311000001108,Amitriptyline 25mg/5ml oral suspension,33678311000001108,VMP,0403010B0AAA5A5
33670911000001107,Amitriptyline 25mg/5ml oral suspension,33670911000001107,AMP,0403010B0AAA5A5
13892411000001104,Amitriptyline 10mg/5ml oral solution,13892411000001104,VMP,0403010B0AAA6A6
8277811000001102,Amitriptyline 10mg/5ml oral suspension,8277811000001102,VMP,0403010B0AAA6A6
13879011000001108,Amitriptyline 10mg/5ml oral solution,13879011000001108,AMP,0403010B0AAA6A6
8242611000001100,Amitriptyline 10mg/5ml oral suspension,8242611000001100,AMP,0403010B0AAA6A6
11711811000001104,Amitriptyline 80mg/5ml oral solution,11711811000001104,VMP,0403010B0AAA7A7
11684511000001108,Amitriptyline 80mg/5ml oral solution,11684511000001108,AMP,0403010B0AAA7A7
39731811000001104,Amitriptyline 25mg / Perphenazine 2mg tablets,39731811000001104,VMP,0403010B0AAA8A8
39731711000001107,Amitriptyline 10mg / Perphenazine 2mg tablets,39731711000001107,VMP,0403010B0AAA9A9
35901211000001108,Amitriptyline 25mg modified-release capsules,35901211000001108,VMP,0403010B0AAAAAA
35901511000001106,Amitriptyline 50mg modified-release capsules,35901511000001106,VMP,0403010B0AAABAB
35901611000001105,Amitriptyline 50mg/5ml oral solution sugar free,35901611000001105,VMP,0403010B0AAAFAF
686711000001108,Amitriptyline 50mg/5ml oral solution sugar free,686711000001108,AMP,0403010B0AAAFAF
28379411000001104,Amitriptyline 50mg/5ml oral solution sugar free,28379411000001104,AMP,0403010B0AAAFAF
895511000001104,Amitriptyline 50mg/5ml oral solution sugar free,895511000001104,AMP,0403010B0AAAFAF
22589311000001108,Amitriptyline 50mg/5ml oral solution sugar free,22589311000001108,AMP,0403010B0AAAFAF
38784411000001105,Amitriptyline 50mg/5ml oral solution sugar free,38784411000001105,AMP,0403010B0AAAFAF
22201311000001102,Amitriptyline 50mg/5ml oral solution sugar free,22201311000001102,AMP,0403010B0AAAFAF
563711000001107,Amitriptyline 50mg/5ml oral solution sugar free,563711000001107,AMP,0403010B0AAAFAF
29763611000001107,Amitriptyline 50mg/5ml oral solution sugar free,29763611000001107,AMP,0403010B0AAAFAF
29501411000001107,Amitriptyline 50mg/5ml oral solution sugar free,29501411000001107,AMP,0403010B0AAAFAF
21762411000001109,Amitriptyline 50mg/5ml oral solution sugar free,21762411000001109,AMP,0403010B0AAAFAF
18146311000001105,Amitriptyline 50mg/5ml oral solution sugar free,18146311000001105,AMP,0403010B0AAAFAF
42291111000001104,Amitriptyline 10mg tablets,42291111000001104,VMP,0403010B0AAAGAG
310911000001104,Amitriptyline 10mg tablets,310911000001104,AMP,0403010B0AAAGAG
42755711000001104,Amitriptyline 10mg tablets,42755711000001104,AMP,0403010B0AAAGAG
18457211000001101,Amitriptyline 10mg tablets,18457211000001101,AMP,0403010B0AAAGAG
268711000001108,Amitriptyline 10mg tablets,268711000001108,AMP,0403010B0AAAGAG
179011000001109,Amitriptyline 10mg tablets,179011000001109,AMP,0403010B0AAAGAG
9784511000001105,Amitriptyline 10mg tablets,9784511000001105,AMP,0403010B0AAAGAG
45278411000001105,Amitriptyline 10mg tablets,45278411000001105,AMP,0403010B0AAAGAG
20438711000001109,Amitriptyline 10mg tablets,20438711000001109,AMP,0403010B0AAAGAG
36612511000001100,Amitriptyline 10mg tablets,36612511000001100,AMP,0403010B0AAAGAG
41543311000001100,Amitriptyline 10mg tablets,41543311000001100,AMP,0403010B0AAAGAG
22589711000001107,Amitriptyline 10mg tablets,22589711000001107,AMP,0403010B0AAAGAG
40091911000001100,Amitriptyline 10mg tablets,40091911000001100,AMP,0403010B0AAAGAG
34103511000001100,Amitriptyline 10mg tablets,34103511000001100,AMP,0403010B0AAAGAG
105411000001106,Amitriptyline 10mg tablets,105411000001106,AMP,0403010B0AAAGAG
47511000001100,Amitriptyline 10mg tablets,47511000001100,AMP,0403010B0AAAGAG
29991511000001104,Amitriptyline 10mg tablets,29991511000001104,AMP,0403010B0AAAGAG
38784611000001108,Amitriptyline 10mg tablets,38784611000001108,AMP,0403010B0AAAGAG
34966211000001108,Amitriptyline 10mg tablets,34966211000001108,AMP,0403010B0AAAGAG
17778011000001106,Amitriptyline 10mg tablets,17778011000001106,AMP,0403010B0AAAGAG
29763811000001106,Amitriptyline 10mg tablets,29763811000001106,AMP,0403010B0AAAGAG
42141111000001107,Amitriptyline 10mg tablets,42141111000001107,AMP,0403010B0AAAGAG
865611000001103,Amitriptyline 10mg tablets,865611000001103,AMP,0403010B0AAAGAG
21762711000001103,Amitriptyline 10mg tablets,21762711000001103,AMP,0403010B0AAAGAG
13059111000001107,Amitriptyline 10mg tablets,13059111000001107,AMP,0403010B0AAAGAG
42291211000001105,Amitriptyline 25mg tablets,42291211000001105,VMP,0403010B0AAAHAH
190511000001102,Amitriptyline 25mg tablets,190511000001102,AMP,0403010B0AAAHAH
42755911000001102,Amitriptyline 25mg tablets,42755911000001102,AMP,0403010B0AAAHAH
18457411000001102,Amitriptyline 25mg tablets,18457411000001102,AMP,0403010B0AAAHAH
78811000001102,Amitriptyline 25mg tablets,78811000001102,AMP,0403010B0AAAHAH
735211000001108,Amitriptyline 25mg tablets,735211000001108,AMP,0403010B0AAAHAH
9784711000001100,Amitriptyline 25mg tablets,9784711000001100,AMP,0403010B0AAAHAH
45278611000001108,Amitriptyline 25mg tablets,45278611000001108,AMP,0403010B0AAAHAH
20438911000001106,Amitriptyline 25mg tablets,20438911000001106,AMP,0403010B0AAAHAH
36613511000001107,Amitriptyline 25mg tablets,36613511000001107,AMP,0403010B0AAAHAH
41544011000001101,Amitriptyline 25mg tablets,41544011000001101,AMP,0403010B0AAAHAH
28978311000001109,Amitriptyline 25mg tablets,28978311000001109,AMP,0403010B0AAAHAH
22589911000001109,Amitriptyline 25mg tablets,22589911000001109,AMP,0403010B0AAAHAH
42543811000001105,Amitriptyline 25mg tablets,42543811000001105,AMP,0403010B0AAAHAH
34103711000001105,Amitriptyline 25mg tablets,34103711000001105,AMP,0403010B0AAAHAH
788611000001109,Amitriptyline 25mg tablets,788611000001109,AMP,0403010B0AAAHAH
440811000001107,Amitriptyline 25mg tablets,440811000001107,AMP,0403010B0AAAHAH
29991711000001109,Amitriptyline 25mg tablets,29991711000001109,AMP,0403010B0AAAHAH
38784011000001101,Amitriptyline 25mg tablets,38784011000001101,AMP,0403010B0AAAHAH
34966411000001107,Amitriptyline 25mg tablets,34966411000001107,AMP,0403010B0AAAHAH
17778711000001108,Amitriptyline 25mg tablets,17778711000001108,AMP,0403010B0AAAHAH
5162711000001107,Amitriptyline 25mg tablets,5162711000001107,AMP,0403010B0AAAHAH
15051511000001109,Amitriptyline 25mg tablets,15051511000001109,AMP,0403010B0AAAHAH
42142311000001100,Amitriptyline 25mg tablets,42142311000001100,AMP,0403010B0AAAHAH
666511000001101,Amitriptyline 25mg tablets,666511000001101,AMP,0403010B0AAAHAH
40611000001100,Amitriptyline 25mg tablets,40611000001100,AMP,0403010B0AAAHAH
21763111000001105,Amitriptyline 25mg tablets,21763111000001105,AMP,0403010B0AAAHAH
11176611000001109,Amitriptyline 25mg tablets,11176611000001109,AMP,0403010B0AAAHAH
42291311000001102,Amitriptyline 50mg tablets,42291311000001102,VMP,0403010B0AAAIAI
771511000001106,Amitriptyline 50mg tablets,771511000001106,AMP,0403010B0AAAIAI
42841211000001109,Amitriptyline 50mg tablets,42841211000001109,AMP,0403010B0AAAIAI
743811000001109,Amitriptyline 50mg tablets,743811000001109,AMP,0403010B0AAAIAI
698011000001106,Amitriptyline 50mg tablets,698011000001106,AMP,0403010B0AAAIAI
9784911000001103,Amitriptyline 50mg tablets,9784911000001103,AMP,0403010B0AAAIAI
45278811000001107,Amitriptyline 50mg tablets,45278811000001107,AMP,0403010B0AAAIAI
20439111000001101,Amitriptyline 50mg tablets,20439111000001101,AMP,0403010B0AAAIAI
36613711000001102,Amitriptyline 50mg tablets,36613711000001102,AMP,0403010B0AAAIAI
41544211000001106,Amitriptyline 50mg tablets,41544211000001106,AMP,0403010B0AAAIAI
22590111000001100,Amitriptyline 50mg tablets,22590111000001100,AMP,0403010B0AAAIAI
40092111000001108,Amitriptyline 50mg tablets,40092111000001108,AMP,0403010B0AAAIAI
778911000001108,Amitriptyline 50mg tablets,778911000001108,AMP,0403010B0AAAIAI
55411000001107,Amitriptyline 50mg tablets,55411000001107,AMP,0403010B0AAAIAI
29991911000001106,Amitriptyline 50mg tablets,29991911000001106,AMP,0403010B0AAAIAI
38784211000001106,Amitriptyline 50mg tablets,38784211000001106,AMP,0403010B0AAAIAI
34966611000001105,Amitriptyline 50mg tablets,34966611000001105,AMP,0403010B0AAAIAI
17778911000001105,Amitriptyline 50mg tablets,17778911000001105,AMP,0403010B0AAAIAI
29764011000001103,Amitriptyline 50mg tablets,29764011000001103,AMP,0403010B0AAAIAI
42141911000001105,Amitriptyline 50mg tablets,42141911000001105,AMP,0403010B0AAAIAI
540811000001101,Amitriptyline 50mg tablets,540811000001101,AMP,0403010B0AAAIAI
21763411000001100,Amitriptyline 50mg tablets,21763411000001100,AMP,0403010B0AAAIAI
11176811000001108,Amitriptyline 50mg tablets,11176811000001108,AMP,0403010B0AAAIAI
35901411000001107,Amitriptyline 25mg/5ml oral solution sugar free,35901411000001107,VMP,0403010B0AAANAN
375811000001108,Amitriptyline 25mg/5ml oral solution sugar free,375811000001108,AMP,0403010B0AAANAN
28379211000001103,Amitriptyline 25mg/5ml oral solution sugar free,28379211000001103,AMP,0403010B0AAANAN
111111000001101,Amitriptyline 25mg/5ml oral solution sugar free,111111000001101,AMP,0403010B0AAANAN
22589511000001102,Amitriptyline 25mg/5ml oral solution sugar free,22589511000001102,AMP,0403010B0AAANAN
323711000001100,Amitriptyline 25mg/5ml oral solution sugar free,323711000001100,AMP,0403010B0AAANAN
38783111000001102,Amitriptyline 25mg/5ml oral solution sugar free,38783111000001102,AMP,0403010B0AAANAN
75911000001101,Amitriptyline 25mg/5ml oral solution sugar free,75911000001101,AMP,0403010B0AAANAN
29763411000001109,Amitriptyline 25mg/5ml oral solution sugar free,29763411000001109,AMP,0403010B0AAANAN
29500111000001108,Amitriptyline 25mg/5ml oral solution sugar free,29500111000001108,AMP,0403010B0AAANAN
21762111000001104,Amitriptyline 25mg/5ml oral solution sugar free,21762111000001104,AMP,0403010B0AAANAN
18148011000001106,Amitriptyline 25mg/5ml oral solution sugar free,18148011000001106,AMP,0403010B0AAANAN
29686711000001103,Amitriptyline 10mg/5ml oral solution sugar free,29686711000001103,VMP,0403010B0AABCBC
30125611000001108,Amitriptyline 10mg/5ml oral solution sugar free,30125611000001108,AMP,0403010B0AABCBC
30800511000001103,Amitriptyline 10mg/5ml oral solution sugar free,30800511000001103,AMP,0403010B0AABCBC
37105611000001109,Amitriptyline 10mg/5ml oral solution sugar free,37105611000001109,AMP,0403010B0AABCBC
38783611000001105,Amitriptyline 10mg/5ml oral solution sugar free,38783611000001105,AMP,0403010B0AABCBC
32871411000001108,Amitriptyline 10mg/5ml oral solution sugar free,32871411000001108,AMP,0403010B0AABCBC
29496211000001107,Amitriptyline 10mg/5ml oral solution sugar free,29496211000001107,AMP,0403010B0AABCBC
29681411000001103,Amitriptyline 10mg/5ml oral solution sugar free,29681411000001103,AMP,0403010B0AABCBC
8277911000001107,Amitriptyline 5mg/5ml oral solution,8277911000001107,VMP,0403010B0AABDBD
8278011000001109,Amitriptyline 5mg/5ml oral suspension,8278011000001109,VMP,0403010B0AABDBD
8241611000001106,Amitriptyline 5mg/5ml oral solution,8241611000001106,AMP,0403010B0AABDBD
8242711000001109,Amitriptyline 5mg/5ml oral suspension,8242711000001109,AMP,0403010B0AABDBD
11711511000001102,Amitriptyline 15mg/5ml oral solution,11711511000001102,VMP,0403010B0AABEBE
11683211000001107,Amitriptyline 15mg/5ml oral solution,11683211000001107,AMP,0403010B0AABEBE
11711411000001101,Amitriptyline 150mg/5ml oral solution,11711411000001101,VMP,0403010B0AABFBF
11682911000001105,Amitriptyline 150mg/5ml oral solution,11682911000001105,AMP,0403010B0AABFBF
4534311000001106,Lentizol 25mg modified-release capsules,4534311000001106,AMP,0403010B0BDAAAA
4533611000001104,Lentizol 50mg modified-release capsules,4533611000001104,AMP,0403010B0BDABAB
514611000001101,Triptafen tablets,514611000001101,AMP,0403010B0BIAAA8
479411000001101,Triptafen-M tablets,479411000001101,AMP,0403010B0BIABA9
42268011000001108,Amoxapine 50mg tablets,42268011000001108,VMP,0403010C0AAABAB
42206311000001108,Amoxapine 100mg tablets,42206311000001108,VMP,0403010C0AAACAC
32248411000001107,Amoxapine 100mg tablets,32248411000001107,AMP,0403010C0AAACAC
3798611000001103,Asendis 50mg tablets,3798611000001103,AMP,0403010C0BBABAB
3934511000001105,Asendis 100mg tablets,3934511000001105,AMP,0403010C0BBACAC
28802211000001104,Defanyl 100mg tablets,28802211000001104,AMP,0403010C0BCAAAC
42269711000001101,Clomipramine 10mg capsules,42269711000001101,VMP,0403010F0AAAAAA
730311000001107,Clomipramine 10mg capsules,730311000001107,AMP,0403010F0AAAAAA
244311000001107,Clomipramine 10mg capsules,244311000001107,AMP,0403010F0AAAAAA
543911000001103,Clomipramine 10mg capsules,543911000001103,AMP,0403010F0AAAAAA
17965811000001107,Clomipramine 10mg capsules,17965811000001107,AMP,0403010F0AAAAAA
23821811000001103,Clomipramine 10mg capsules,23821811000001103,AMP,0403010F0AAAAAA
312211000001109,Clomipramine 10mg capsules,312211000001109,AMP,0403010F0AAAAAA
643411000001100,Clomipramine 10mg capsules,643411000001100,AMP,0403010F0AAAAAA
30014711000001101,Clomipramine 10mg capsules,30014711000001101,AMP,0403010F0AAAAAA
38844211000001103,Clomipramine 10mg capsules,38844211000001103,AMP,0403010F0AAAAAA
17860411000001105,Clomipramine 10mg capsules,17860411000001105,AMP,0403010F0AAAAAA
29789911000001100,Clomipramine 10mg capsules,29789911000001100,AMP,0403010F0AAAAAA
16411000001107,Clomipramine 10mg capsules,16411000001107,AMP,0403010F0AAAAAA
286811000001103,Clomipramine 10mg capsules,286811000001103,AMP,0403010F0AAAAAA
21859211000001108,Clomipramine 10mg capsules,21859211000001108,AMP,0403010F0AAAAAA
42269811000001109,Clomipramine 25mg capsules,42269811000001109,VMP,0403010F0AAABAB
235711000001109,Clomipramine 25mg capsules,235711000001109,AMP,0403010F0AAABAB
890811000001107,Clomipramine 25mg capsules,890811000001107,AMP,0403010F0AAABAB
537611000001102,Clomipramine 25mg capsules,537611000001102,AMP,0403010F0AAABAB
17966011000001105,Clomipramine 25mg capsules,17966011000001105,AMP,0403010F0AAABAB
23823111000001106,Clomipramine 25mg capsules,23823111000001106,AMP,0403010F0AAABAB
299811000001105,Clomipramine 25mg capsules,299811000001105,AMP,0403010F0AAABAB
364511000001101,Clomipramine 25mg capsules,364511000001101,AMP,0403010F0AAABAB
30014911000001104,Clomipramine 25mg capsules,30014911000001104,AMP,0403010F0AAABAB
38844411000001104,Clomipramine 25mg capsules,38844411000001104,AMP,0403010F0AAABAB
17860611000001108,Clomipramine 25mg capsules,17860611000001108,AMP,0403010F0AAABAB
29790111000001109,Clomipramine 25mg capsules,29790111000001109,AMP,0403010F0AAABAB
149111000001109,Clomipramine 25mg capsules,149111000001109,AMP,0403010F0AAABAB
68511000001106,Clomipramine 25mg capsules,68511000001106,AMP,0403010F0AAABAB
21859411000001107,Clomipramine 25mg capsules,21859411000001107,AMP,0403010F0AAABAB
42269911000001104,Clomipramine 50mg capsules,42269911000001104,VMP,0403010F0AAACAC
636911000001101,Clomipramine 50mg capsules,636911000001101,AMP,0403010F0AAACAC
218611000001103,Clomipramine 50mg capsules,218611000001103,AMP,0403010F0AAACAC
769011000001109,Clomipramine 50mg capsules,769011000001109,AMP,0403010F0AAACAC
17966211000001100,Clomipramine 50mg capsules,17966211000001100,AMP,0403010F0AAACAC
23824711000001109,Clomipramine 50mg capsules,23824711000001109,AMP,0403010F0AAACAC
404711000001100,Clomipramine 50mg capsules,404711000001100,AMP,0403010F0AAACAC
45729811000001109,Clomipramine 50mg capsules,45729811000001109,AMP,0403010F0AAACAC
920211000001105,Clomipramine 50mg capsules,920211000001105,AMP,0403010F0AAACAC
30015111000001103,Clomipramine 50mg capsules,30015111000001103,AMP,0403010F0AAACAC
38844811000001102,Clomipramine 50mg capsules,38844811000001102,AMP,0403010F0AAACAC
17860811000001107,Clomipramine 50mg capsules,17860811000001107,AMP,0403010F0AAACAC
29790311000001106,Clomipramine 50mg capsules,29790311000001106,AMP,0403010F0AAACAC
627711000001103,Clomipramine 50mg capsules,627711000001103,AMP,0403010F0AAACAC
172911000001103,Clomipramine 50mg capsules,172911000001103,AMP,0403010F0AAACAC
21859711000001101,Clomipramine 50mg capsules,21859711000001101,AMP,0403010F0AAACAC
36089011000001108,Clomipramine 25mg/2ml solution for injection ampoules,36089011000001108,VMP,0403010F0AAADAD
4557811000001105,Clomipramine 25mg/5ml oral solution,4557811000001105,VMP,0403010F0AAAKAK
8377211000001106,Clomipramine 25mg/5ml oral suspension,8377211000001106,VMP,0403010F0AAAKAK
8372211000001108,Clomipramine 25mg/5ml oral solution,8372211000001108,AMP,0403010F0AAAKAK
8371411000001102,Clomipramine 25mg/5ml oral suspension,8371411000001102,AMP,0403010F0AAAKAK
12025411000001106,Clomipramine 10mg/5ml oral solution,12025411000001106,VMP,0403010F0AAALAL
12025611000001109,Clomipramine 10mg/5ml oral suspension,12025611000001109,VMP,0403010F0AAALAL
11958511000001106,Clomipramine 10mg/5ml oral solution,11958511000001106,AMP,0403010F0AAALAL
11958211000001108,Clomipramine 10mg/5ml oral suspension,11958211000001108,AMP,0403010F0AAALAL
8370211000001107,Clomipramine 5mg/5ml oral solution,8370211000001107,VMP,0403010F0AAAMAM
8370311000001104,Clomipramine 5mg/5ml oral suspension,8370311000001104,VMP,0403010F0AAAMAM
8369211000001105,Clomipramine 5mg/5ml oral solution,8369211000001105,AMP,0403010F0AAAMAM
8370011000001102,Clomipramine 5mg/5ml oral suspension,8370011000001102,AMP,0403010F0AAAMAM
8377511000001109,Clomipramine 50mg/5ml oral solution,8377511000001109,VMP,0403010F0AAANAN
8370611000001109,Clomipramine 50mg/5ml oral solution,8370611000001109,AMP,0403010F0AAANAN
8368311000001108,Clomipramine 37.5mg/5ml oral solution,8368311000001108,VMP,0403010F0AAAPAP
8370111000001101,Clomipramine 37.5mg/5ml oral suspension,8370111000001101,VMP,0403010F0AAAPAP
8369011000001100,Clomipramine 37.5mg/5ml oral solution,8369011000001100,AMP,0403010F0AAAPAP
8369611000001107,Clomipramine 37.5mg/5ml oral suspension,8369611000001107,AMP,0403010F0AAAPAP
8377611000001108,Clomipramine 50mg/5ml oral suspension,8377611000001108,VMP,0403010F0AAAQAQ
8371311000001109,Clomipramine 50mg/5ml oral suspension,8371311000001109,AMP,0403010F0AAAQAQ
36089111000001109,Clomipramine 75mg modified-release tablets,36089111000001109,VMP,0403010F0AAARAR
35992611000001101,Clomipramine 75mg modified-release tablets,35992611000001101,AMP,0403010F0AAARAR
36977811000001108,Clomipramine 250mg/5ml oral suspension,36977811000001108,VMP,0403010F0AAASAS
36959611000001101,Clomipramine 250mg/5ml oral suspension,36959611000001101,AMP,0403010F0AAASAS
701211000001104,Anafranil 10mg capsules,701211000001104,AMP,0403010F0BBAAAA
647111000001102,Anafranil 25mg capsules,647111000001102,AMP,0403010F0BBABAB
5511000001101,Anafranil 50mg capsules,5511000001101,AMP,0403010F0BBACAC
4534911000001107,Anafranil 25mg/5ml syrup,4534911000001107,AMP,0403010F0BBADAK
4551211000001104,Anafranil 25mg/2ml solution for injection ampoules,4551211000001104,AMP,0403010F0BBAEAD
119411000001107,Anafranil SR 75mg tablets,119411000001107,AMP,0403010F0BBAFAR
12083111000001107,Dosulepin 50mg/5ml oral solution,12083111000001107,VMP,0403010J0AAA5A5
12061011000001107,Dosulepin 50mg/5ml oral solution,12061011000001107,AMP,0403010J0AAA5A5
8454211000001109,Dosulepin 25mg/5ml oral suspension,8454211000001109,VMP,0403010J0AAA6A6
8449911000001102,Dosulepin 25mg/5ml oral suspension,8449911000001102,AMP,0403010J0AAA6A6
8454011000001104,Dosulepin 75mg/5ml oral suspension,8454011000001104,VMP,0403010J0AAA7A7
8449411000001105,Dosulepin 75mg/5ml oral suspension,8449411000001105,AMP,0403010J0AAA7A7
12082411000001106,Dosulepin 100mg/5ml oral solution,12082411000001106,VMP,0403010J0AAA8A8
12057211000001103,Dosulepin 100mg/5ml oral solution,12057211000001103,AMP,0403010J0AAA8A8
42270611000001107,Dosulepin 25mg capsules,42270611000001107,VMP,0403010J0AAAAAA
254111000001108,Dosulepin 25mg capsules,254111000001108,AMP,0403010J0AAAAAA
397111000001102,Dosulepin 25mg capsules,397111000001102,AMP,0403010J0AAAAAA
459411000001103,Dosulepin 25mg capsules,459411000001103,AMP,0403010J0AAAAAA
9792111000001105,Dosulepin 25mg capsules,9792111000001105,AMP,0403010J0AAAAAA
23880011000001107,Dosulepin 25mg capsules,23880011000001107,AMP,0403010J0AAAAAA
32797711000001103,Dosulepin 25mg capsules,32797711000001103,AMP,0403010J0AAAAAA
496511000001101,Dosulepin 25mg capsules,496511000001101,AMP,0403010J0AAAAAA
619511000001105,Dosulepin 25mg capsules,619511000001105,AMP,0403010J0AAAAAA
30122811000001100,Dosulepin 25mg capsules,30122811000001100,AMP,0403010J0AAAAAA
39328011000001101,Dosulepin 25mg capsules,39328011000001101,AMP,0403010J0AAAAAA
42301811000001101,Dosulepin 25mg capsules,42301811000001101,AMP,0403010J0AAAAAA
17893611000001101,Dosulepin 25mg capsules,17893611000001101,AMP,0403010J0AAAAAA
45271911000001106,Dosulepin 25mg capsules,45271911000001106,AMP,0403010J0AAAAAA
543311000001104,Dosulepin 25mg capsules,543311000001104,AMP,0403010J0AAAAAA
29834411000001102,Dosulepin 25mg capsules,29834411000001102,AMP,0403010J0AAAAAA
17197611000001101,Dosulepin 25mg capsules,17197611000001101,AMP,0403010J0AAAAAA
408611000001104,Dosulepin 25mg capsules,408611000001104,AMP,0403010J0AAAAAA
18281511000001104,Dosulepin 25mg capsules,18281511000001104,AMP,0403010J0AAAAAA
148811000001109,Dosulepin 25mg capsules,148811000001109,AMP,0403010J0AAAAAA
582911000001100,Dosulepin 25mg capsules,582911000001100,AMP,0403010J0AAAAAA
21932811000001107,Dosulepin 25mg capsules,21932811000001107,AMP,0403010J0AAAAAA
42270711000001103,Dosulepin 75mg tablets,42270711000001103,VMP,0403010J0AAAIAI
62611000001108,Dosulepin 75mg tablets,62611000001108,AMP,0403010J0AAAIAI
600711000001109,Dosulepin 75mg tablets,600711000001109,AMP,0403010J0AAAIAI
918611000001104,Dosulepin 75mg tablets,918611000001104,AMP,0403010J0AAAIAI
9792411000001100,Dosulepin 75mg tablets,9792411000001100,AMP,0403010J0AAAIAI
23880411000001103,Dosulepin 75mg tablets,23880411000001103,AMP,0403010J0AAAIAI
32799511000001101,Dosulepin 75mg tablets,32799511000001101,AMP,0403010J0AAAIAI
344311000001104,Dosulepin 75mg tablets,344311000001104,AMP,0403010J0AAAIAI
161411000001107,Dosulepin 75mg tablets,161411000001107,AMP,0403010J0AAAIAI
30123011000001102,Dosulepin 75mg tablets,30123011000001102,AMP,0403010J0AAAIAI
39237511000001102,Dosulepin 75mg tablets,39237511000001102,AMP,0403010J0AAAIAI
41745711000001101,Dosulepin 75mg tablets,41745711000001101,AMP,0403010J0AAAIAI
17893811000001102,Dosulepin 75mg tablets,17893811000001102,AMP,0403010J0AAAIAI
407811000001104,Dosulepin 75mg tablets,407811000001104,AMP,0403010J0AAAIAI
29834711000001108,Dosulepin 75mg tablets,29834711000001108,AMP,0403010J0AAAIAI
17197811000001102,Dosulepin 75mg tablets,17197811000001102,AMP,0403010J0AAAIAI
566611000001109,Dosulepin 75mg tablets,566611000001109,AMP,0403010J0AAAIAI
18281711000001109,Dosulepin 75mg tablets,18281711000001109,AMP,0403010J0AAAIAI
241511000001103,Dosulepin 75mg tablets,241511000001103,AMP,0403010J0AAAIAI
851011000001104,Dosulepin 75mg tablets,851011000001104,AMP,0403010J0AAAIAI
21933011000001105,Dosulepin 75mg tablets,21933011000001105,AMP,0403010J0AAAIAI
12082511000001105,Dosulepin 10mg/5ml oral solution,12082511000001105,VMP,0403010J0AABABA
12057711000001105,Dosulepin 10mg/5ml oral solution,12057711000001105,AMP,0403010J0AABABA
12082711000001100,Dosulepin 150mg/5ml oral solution,12082711000001100,VMP,0403010J0AABBBB
12058711000001106,Dosulepin 150mg/5ml oral solution,12058711000001106,AMP,0403010J0AABBBB
12082611000001109,Dosulepin 125mg/5ml oral solution,12082611000001109,VMP,0403010J0AABCBC
12058211000001104,Dosulepin 125mg/5ml oral solution,12058211000001104,AMP,0403010J0AABCBC
12082911000001103,Dosulepin 250mg/5ml oral solution,12082911000001103,VMP,0403010J0AABDBD
12059911000001100,Dosulepin 250mg/5ml oral solution,12059911000001100,AMP,0403010J0AABDBD
12083211000001101,Dosulepin 5mg/5ml oral solution,12083211000001101,VMP,0403010J0AABEBE
12061711000001109,Dosulepin 5mg/5ml oral solution,12061711000001109,AMP,0403010J0AABEBE
12083011000001106,Dosulepin 37.5mg/5ml oral solution,12083011000001106,VMP,0403010J0AABFBF
12060511000001106,Dosulepin 37.5mg/5ml oral solution,12060511000001106,AMP,0403010J0AABFBF
12082811000001108,Dosulepin 20mg/5ml oral solution,12082811000001108,VMP,0403010J0AABHBH
12059311000001101,Dosulepin 20mg/5ml oral solution,12059311000001101,AMP,0403010J0AABHBH
8454311000001101,Dosulepin 25mg/5ml oral solution,8454311000001101,VMP,0403010J0AABJBJ
8449011000001101,Dosulepin 25mg/5ml oral solution,8449011000001101,AMP,0403010J0AABJBJ
8454111000001103,Dosulepin 75mg/5ml oral solution,8454111000001103,VMP,0403010J0AABKBK
8448611000001104,Dosulepin 75mg/5ml oral solution,8448611000001104,AMP,0403010J0AABKBK
208811000001101,Prothiaden 25mg capsules,208811000001101,AMP,0403010J0BBAAAA
733111000001103,Prothiaden 75mg tablets,733111000001103,AMP,0403010J0BBABAI
14911000001107,Dothapax 25 capsules,14911000001107,AMP,0403010J0BCAAAA
927011000001104,Dothapax 75 tablets,927011000001104,AMP,0403010J0BCABAI
329511000001107,Prepadine 75mg tablets,329511000001107,AMP,0403010J0BDAAAI
397711000001101,Prepadine 25mg capsules,397711000001101,AMP,0403010J0BDABAA
398211000001107,Thaden 25mg capsules,398211000001107,AMP,0403010J0BFAAAA
709611000001101,Thaden 75mg tablets,709611000001101,AMP,0403010J0BFABAI
42270811000001106,Doxepin 10mg capsules,42270811000001106,VMP,0403010L0AAAAAA
40607611000001107,Doxepin 10mg capsules,40607611000001107,AMP,0403010L0AAAAAA
40721911000001105,Doxepin 10mg capsules,40721911000001105,AMP,0403010L0AAAAAA
40547511000001108,Doxepin 10mg capsules,40547511000001108,AMP,0403010L0AAAAAA
28417811000001106,Doxepin 10mg capsules,28417811000001106,AMP,0403010L0AAAAAA
42270911000001101,Doxepin 25mg capsules,42270911000001101,VMP,0403010L0AAABAB
24619811000001104,Doxepin 25mg capsules,24619811000001104,AMP,0403010L0AAABAB
41106111000001108,Doxepin 25mg capsules,41106111000001108,AMP,0403010L0AAABAB
24538711000001100,Doxepin 25mg capsules,24538711000001100,AMP,0403010L0AAABAB
38748011000001102,Doxepin 25mg capsules,38748011000001102,AMP,0403010L0AAABAB
37300811000001107,Doxepin 25mg capsules,37300811000001107,AMP,0403010L0AAABAB
40106611000001109,Doxepin 25mg capsules,40106611000001109,AMP,0403010L0AAABAB
24442311000001108,Doxepin 25mg capsules,24442311000001108,AMP,0403010L0AAABAB
38876711000001102,Doxepin 25mg capsules,38876711000001102,AMP,0403010L0AAABAB
45439111000001109,Doxepin 25mg capsules,45439111000001109,AMP,0403010L0AAABAB
40547911000001101,Doxepin 25mg capsules,40547911000001101,AMP,0403010L0AAABAB
41925211000001102,Doxepin 25mg capsules,41925211000001102,AMP,0403010L0AAABAB
40597511000001104,Doxepin 25mg capsules,40597511000001104,AMP,0403010L0AAABAB
39333311000001108,Doxepin 25mg capsules,39333311000001108,AMP,0403010L0AAABAB
42271011000001109,Doxepin 50mg capsules,42271011000001109,VMP,0403010L0AAACAC
24620011000001106,Doxepin 50mg capsules,24620011000001106,AMP,0403010L0AAACAC
41106311000001105,Doxepin 50mg capsules,41106311000001105,AMP,0403010L0AAACAC
24538911000001103,Doxepin 50mg capsules,24538911000001103,AMP,0403010L0AAACAC
38738511000001109,Doxepin 50mg capsules,38738511000001109,AMP,0403010L0AAACAC
37301011000001105,Doxepin 50mg capsules,37301011000001105,AMP,0403010L0AAACAC
40106811000001108,Doxepin 50mg capsules,40106811000001108,AMP,0403010L0AAACAC
24442511000001102,Doxepin 50mg capsules,24442511000001102,AMP,0403010L0AAACAC
38876911000001100,Doxepin 50mg capsules,38876911000001100,AMP,0403010L0AAACAC
45439411000001104,Doxepin 50mg capsules,45439411000001104,AMP,0403010L0AAACAC
40548111000001103,Doxepin 50mg capsules,40548111000001103,AMP,0403010L0AAACAC
41925711000001109,Doxepin 50mg capsules,41925711000001109,AMP,0403010L0AAACAC
40597711000001109,Doxepin 50mg capsules,40597711000001109,AMP,0403010L0AAACAC
39333711000001107,Doxepin 50mg capsules,39333711000001107,AMP,0403010L0AAACAC
42271111000001105,Doxepin 75mg capsules,42271111000001105,VMP,0403010L0AAADAD
8484811000001101,Doxepin 50mg/5ml oral solution,8484811000001101,VMP,0403010L0AAAEAE
8484911000001106,Doxepin 50mg/5ml oral suspension,8484911000001106,VMP,0403010L0AAAEAE
8460711000001100,Doxepin 50mg/5ml oral solution,8460711000001100,AMP,0403010L0AAAEAE
8461311000001109,Doxepin 50mg/5ml oral suspension,8461311000001109,AMP,0403010L0AAAEAE
259211000001103,Sinequan 10mg capsules,259211000001103,AMP,0403010L0BBAAAA
400611000001102,Sinequan 25mg capsules,400611000001102,AMP,0403010L0BBABAB
621711000001107,Sinequan 50mg capsules,621711000001107,AMP,0403010L0BBACAC
276511000001108,Sinequan 75mg capsules,276511000001108,AMP,0403010L0BBADAD
11044311000001104,Sinepin 25mg capsules,11044311000001104,AMP,0403010L0BCAAAB
11044611000001109,Sinepin 50mg capsules,11044611000001109,AMP,0403010L0BCABAC
36046511000001104,Imipramine 25mg/5ml oral solution,36046511000001104,VMP,0403010N0AAACAC
8545711000001106,Imipramine 25mg/5ml oral solution,8545711000001106,AMP,0403010N0AAACAC
42295311000001100,Imipramine 10mg tablets,42295311000001100,VMP,0403010N0AAADAD
254311000001105,Imipramine 10mg tablets,254311000001105,AMP,0403010N0AAADAD
424211000001100,Imipramine 10mg tablets,424211000001100,AMP,0403010N0AAADAD
557411000001101,Imipramine 10mg tablets,557411000001101,AMP,0403010N0AAADAD
13411811000001101,Imipramine 10mg tablets,13411811000001101,AMP,0403010N0AAADAD
34438111000001109,Imipramine 10mg tablets,34438111000001109,AMP,0403010N0AAADAD
23947811000001101,Imipramine 10mg tablets,23947811000001101,AMP,0403010N0AAADAD
36512711000001104,Imipramine 10mg tablets,36512711000001104,AMP,0403010N0AAADAD
907411000001103,Imipramine 10mg tablets,907411000001103,AMP,0403010N0AAADAD
38997511000001106,Imipramine 10mg tablets,38997511000001106,AMP,0403010N0AAADAD
17932011000001100,Imipramine 10mg tablets,17932011000001100,AMP,0403010N0AAADAD
29877211000001105,Imipramine 10mg tablets,29877211000001105,AMP,0403010N0AAADAD
8150911000001106,Imipramine 10mg tablets,8150911000001106,AMP,0403010N0AAADAD
22057711000001109,Imipramine 10mg tablets,22057711000001109,AMP,0403010N0AAADAD
42295411000001107,Imipramine 25mg tablets,42295411000001107,VMP,0403010N0AAAEAE
569911000001107,Imipramine 25mg tablets,569911000001107,AMP,0403010N0AAAEAE
572011000001105,Imipramine 25mg tablets,572011000001105,AMP,0403010N0AAAEAE
709011000001108,Imipramine 25mg tablets,709011000001108,AMP,0403010N0AAAEAE
9806411000001104,Imipramine 25mg tablets,9806411000001104,AMP,0403010N0AAAEAE
34437911000001106,Imipramine 25mg tablets,34437911000001106,AMP,0403010N0AAAEAE
23948011000001108,Imipramine 25mg tablets,23948011000001108,AMP,0403010N0AAAEAE
36512911000001102,Imipramine 25mg tablets,36512911000001102,AMP,0403010N0AAAEAE
667611000001100,Imipramine 25mg tablets,667611000001100,AMP,0403010N0AAAEAE
38997711000001101,Imipramine 25mg tablets,38997711000001101,AMP,0403010N0AAAEAE
17932211000001105,Imipramine 25mg tablets,17932211000001105,AMP,0403010N0AAAEAE
39225211000001105,Imipramine 25mg tablets,39225211000001105,AMP,0403010N0AAAEAE
29877411000001109,Imipramine 25mg tablets,29877411000001109,AMP,0403010N0AAAEAE
8151111000001102,Imipramine 25mg tablets,8151111000001102,AMP,0403010N0AAAEAE
3511000001100,Imipramine 25mg tablets,3511000001100,AMP,0403010N0AAAEAE
22058011000001108,Imipramine 25mg tablets,22058011000001108,AMP,0403010N0AAAEAE
12637411000001106,Imipramine 100mg/5ml oral solution,12637411000001106,VMP,0403010N0AAAJAJ
12637511000001105,Imipramine 100mg/5ml oral suspension,12637511000001105,VMP,0403010N0AAAJAJ
12598311000001102,Imipramine 100mg/5ml oral solution,12598311000001102,AMP,0403010N0AAAJAJ
12598011000001100,Imipramine 100mg/5ml oral suspension,12598011000001100,AMP,0403010N0AAAJAJ
8561511000001109,Imipramine 25mg/5ml oral suspension,8561511000001109,VMP,0403010N0AAAKAK
8546511000001108,Imipramine 25mg/5ml oral suspension,8546511000001108,AMP,0403010N0AAAKAK
8561111000001100,Imipramine 10mg/5ml oral solution,8561111000001100,VMP,0403010N0AAALAL
8561211000001106,Imipramine 10mg/5ml oral suspension,8561211000001106,VMP,0403010N0AAALAL
8541711000001109,Imipramine 10mg/5ml oral solution,8541711000001109,AMP,0403010N0AAALAL
8542311000001101,Imipramine 10mg/5ml oral suspension,8542311000001101,AMP,0403010N0AAALAL
8561311000001103,Imipramine 12.5mg/5ml oral solution,8561311000001103,VMP,0403010N0AAAMAM
8561411000001105,Imipramine 12.5mg/5ml oral suspension,8561411000001105,VMP,0403010N0AAAMAM
8542911000001100,Imipramine 12.5mg/5ml oral solution,8542911000001100,AMP,0403010N0AAAMAM
8543411000001104,Imipramine 12.5mg/5ml oral suspension,8543411000001104,AMP,0403010N0AAAMAM
12637611000001109,Imipramine 40mg/5ml oral solution,12637611000001109,VMP,0403010N0AAANAN
12637711000001100,Imipramine 40mg/5ml oral suspension,12637711000001100,VMP,0403010N0AAANAN
12598911000001101,Imipramine 40mg/5ml oral solution,12598911000001101,AMP,0403010N0AAANAN
12598611000001107,Imipramine 40mg/5ml oral suspension,12598611000001107,AMP,0403010N0AAANAN
15356411000001103,Imipramine 125mg/5ml oral solution,15356411000001103,VMP,0403010N0AAAPAP
15356311000001105,Imipramine 125mg/5ml oral suspension,15356311000001105,VMP,0403010N0AAAPAP
15350611000001102,Imipramine 125mg/5ml oral solution,15350611000001102,AMP,0403010N0AAAPAP
15351111000001104,Imipramine 125mg/5ml oral suspension,15351111000001104,AMP,0403010N0AAAPAP
16423411000001100,Imipramine 25mg/5ml oral solution sugar free,16423411000001100,VMP,0403010N0AAAQAQ
16731611000001108,Imipramine 25mg/5ml oral solution sugar free,16731611000001108,AMP,0403010N0AAAQAQ
17630311000001102,Imipramine 25mg/5ml oral solution sugar free,17630311000001102,AMP,0403010N0AAAQAQ
24026811000001107,Imipramine 25mg/5ml oral solution sugar free,24026811000001107,AMP,0403010N0AAAQAQ
22624911000001106,Imipramine 25mg/5ml oral solution sugar free,22624911000001106,AMP,0403010N0AAAQAQ
21834911000001104,Imipramine 25mg/5ml oral solution sugar free,21834911000001104,AMP,0403010N0AAAQAQ
37422211000001109,Imipramine 25mg/5ml oral solution sugar free,37422211000001109,AMP,0403010N0AAAQAQ
26369111000001106,Imipramine 25mg/5ml oral solution sugar free,26369111000001106,AMP,0403010N0AAAQAQ
16422011000001100,Imipramine 25mg/5ml oral solution sugar free,16422011000001100,AMP,0403010N0AAAQAQ
27998911000001105,Imipramine 25mg/5ml oral solution sugar free,27998911000001105,AMP,0403010N0AAAQAQ
28917111000001102,Imipramine 25mg/5ml oral solution sugar free,28917111000001102,AMP,0403010N0AAAQAQ
18717511000001100,Imipramine 25mg/5ml oral solution sugar free,18717511000001100,AMP,0403010N0AAAQAQ
22057411000001103,Imipramine 25mg/5ml oral solution sugar free,22057411000001103,AMP,0403010N0AAAQAQ
53511000001107,Tofranil 25mg tablets,53511000001107,AMP,0403010N0BCABAE
214311000001103,Tofranil 25mg/5ml syrup,214311000001103,AMP,0403010N0BCACAC
39699211000001104,Lofepramine 70mg tablets,39699211000001104,VMP,0403010R0AAAAAA
493911000001102,Lofepramine 70mg tablets,493911000001102,AMP,0403010R0AAAAAA
555511000001106,Lofepramine 70mg tablets,555511000001106,AMP,0403010R0AAAAAA
668611000001101,Lofepramine 70mg tablets,668611000001101,AMP,0403010R0AAAAAA
17971511000001102,Lofepramine 70mg tablets,17971511000001102,AMP,0403010R0AAAAAA
13404411000001104,Lofepramine 70mg tablets,13404411000001104,AMP,0403010R0AAAAAA
24369211000001107,Lofepramine 70mg tablets,24369211000001107,AMP,0403010R0AAAAAA
686911000001105,Lofepramine 70mg tablets,686911000001105,AMP,0403010R0AAAAAA
798411000001105,Lofepramine 70mg tablets,798411000001105,AMP,0403010R0AAAAAA
30222211000001104,Lofepramine 70mg tablets,30222211000001104,AMP,0403010R0AAAAAA
39028711000001103,Lofepramine 70mg tablets,39028711000001103,AMP,0403010R0AAAAAA
13804311000001102,Lofepramine 70mg tablets,13804311000001102,AMP,0403010R0AAAAAA
38090011000001107,Lofepramine 70mg tablets,38090011000001107,AMP,0403010R0AAAAAA
17937811000001109,Lofepramine 70mg tablets,17937811000001109,AMP,0403010R0AAAAAA
7488511000001102,Lofepramine 70mg tablets,7488511000001102,AMP,0403010R0AAAAAA
29892311000001107,Lofepramine 70mg tablets,29892311000001107,AMP,0403010R0AAAAAA
373011000001103,Lofepramine 70mg tablets,373011000001103,AMP,0403010R0AAAAAA
113011000001101,Lofepramine 70mg tablets,113011000001101,AMP,0403010R0AAAAAA
720011000001106,Lofepramine 70mg tablets,720011000001106,AMP,0403010R0AAAAAA
22073011000001103,Lofepramine 70mg tablets,22073011000001103,AMP,0403010R0AAAAAA
30276711000001106,Lofepramine 70mg tablets,30276711000001106,AMP,0403010R0AAAAAA
12812711000001104,Lofepramine 70mg/5ml oral solution,12812711000001104,VMP,0403010R0AAAGAG
12812811000001107,Lofepramine 70mg/5ml oral suspension,12812811000001107,VMP,0403010R0AAAGAG
12800211000001108,Lofepramine 70mg/5ml oral solution,12800211000001108,AMP,0403010R0AAAGAG
12799411000001102,Lofepramine 70mg/5ml oral suspension,12799411000001102,AMP,0403010R0AAAGAG
12760311000001103,Lofepramine 140mg/5ml oral solution,12760311000001103,VMP,0403010R0AAAHAH
12760411000001105,Lofepramine 140mg/5ml oral suspension,12760411000001105,VMP,0403010R0AAAHAH
12739311000001103,Lofepramine 140mg/5ml oral solution,12739311000001103,AMP,0403010R0AAAHAH
12746511000001103,Lofepramine 140mg/5ml oral suspension,12746511000001103,AMP,0403010R0AAAHAH
12812511000001109,Lofepramine 5mg/5ml oral solution,12812511000001109,VMP,0403010R0AAAIAI
12812611000001108,Lofepramine 5mg/5ml oral suspension,12812611000001108,VMP,0403010R0AAAIAI
12799111000001107,Lofepramine 5mg/5ml oral solution,12799111000001107,AMP,0403010R0AAAIAI
12798811000001107,Lofepramine 5mg/5ml oral suspension,12798811000001107,AMP,0403010R0AAAIAI
12760511000001109,Lofepramine 23mg/5ml oral solution,12760511000001109,VMP,0403010R0AAAKAK
12760611000001108,Lofepramine 23mg/5ml oral suspension,12760611000001108,VMP,0403010R0AAAKAK
12740811000001102,Lofepramine 23mg/5ml oral solution,12740811000001102,AMP,0403010R0AAAKAK
12740211000001103,Lofepramine 23mg/5ml oral suspension,12740211000001103,AMP,0403010R0AAAKAK
36040411000001100,Lofepramine 70mg/5ml oral suspension sugar free,36040411000001100,VMP,0403010R0AAALAL
33557811000001109,Lofepramine 70mg/5ml oral suspension sugar free,33557811000001109,AMP,0403010R0AAALAL
4071511000001101,Lofepramine 70mg/5ml oral suspension sugar free,4071511000001101,AMP,0403010R0AAALAL
28776911000001104,Lofepramine 70mg/5ml oral suspension sugar free,28776911000001104,AMP,0403010R0AAALAL
24369011000001102,Lofepramine 70mg/5ml oral suspension sugar free,24369011000001102,AMP,0403010R0AAALAL
26853211000001108,Lofepramine 70mg/5ml oral suspension sugar free,26853211000001108,AMP,0403010R0AAALAL
32758711000001107,Lofepramine 70mg/5ml oral suspension sugar free,32758711000001107,AMP,0403010R0AAALAL
28377211000001109,Lofepramine 70mg/5ml oral suspension sugar free,28377211000001109,AMP,0403010R0AAALAL
39875311000001109,Lofepramine 70mg/5ml oral suspension sugar free,39875311000001109,AMP,0403010R0AAALAL
29854911000001109,Lofepramine 70mg/5ml oral suspension sugar free,29854911000001109,AMP,0403010R0AAALAL
12760711000001104,Lofepramine 35mg/5ml oral solution,12760711000001104,VMP,0403010R0AAAMAM
12760811000001107,Lofepramine 35mg/5ml oral suspension,12760811000001107,VMP,0403010R0AAAMAM
12742211000001102,Lofepramine 35mg/5ml oral solution,12742211000001102,AMP,0403010R0AAAMAM
12741611000001106,Lofepramine 35mg/5ml oral suspension,12741611000001106,AMP,0403010R0AAAMAM
95011000001108,Gamanil 70mg tablets,95011000001108,AMP,0403010R0BBAAAA
4071311000001107,Lomont 70mg/5ml oral suspension,4071311000001107,AMP,0403010R0BCAAAL
694011000001102,Feprapax 70mg tablets,694011000001102,AMP,0403010R0BDAAAA
42273711000001107,Maprotiline 10mg tablets,42273711000001107,VMP,0403010S0AAAAAA
42273811000001104,Maprotiline 25mg tablets,42273811000001104,VMP,0403010S0AAABAB
42274011000001107,Maprotiline 75mg tablets,42274011000001107,VMP,0403010S0AAADAD
42273911000001109,Maprotiline 50mg tablets,42273911000001109,VMP,0403010S0AAAEAE
36894611000001100,Maprotiline 50mg tablets,36894611000001100,AMP,0403010S0AAAEAE
3864911000001101,Ludiomil 10mg tablets,3864911000001101,AMP,0403010S0BBAAAA
3684011000001105,Ludiomil 25mg tablets,3684011000001105,AMP,0403010S0BBABAB
3865211000001106,Ludiomil 50mg tablets,3865211000001106,AMP,0403010S0BBACAE
3808811000001104,Ludiomil 75mg tablets,3808811000001104,AMP,0403010S0BBADAD
42274111000001108,Mianserin 10mg tablets,42274111000001108,VMP,0403010T0AAAAAA
597611000001108,Mianserin 10mg tablets,597611000001108,AMP,0403010T0AAAAAA
886011000001104,Mianserin 10mg tablets,886011000001104,AMP,0403010T0AAAAAA
178211000001109,Mianserin 10mg tablets,178211000001109,AMP,0403010T0AAAAAA
24385211000001106,Mianserin 10mg tablets,24385211000001106,AMP,0403010T0AAAAAA
38963111000001108,Mianserin 10mg tablets,38963111000001108,AMP,0403010T0AAAAAA
788711000001100,Mianserin 10mg tablets,788711000001100,AMP,0403010T0AAAAAA
30830611000001109,Mianserin 10mg tablets,30830611000001109,AMP,0403010T0AAAAAA
442111000001101,Mianserin 10mg tablets,442111000001101,AMP,0403010T0AAAAAA
244911000001108,Mianserin 10mg tablets,244911000001108,AMP,0403010T0AAAAAA
42274211000001102,Mianserin 20mg tablets,42274211000001102,VMP,0403010T0AAABAB
566811000001108,Mianserin 20mg tablets,566811000001108,AMP,0403010T0AAABAB
935311000001106,Mianserin 20mg tablets,935311000001106,AMP,0403010T0AAABAB
464911000001102,Mianserin 20mg tablets,464911000001102,AMP,0403010T0AAABAB
449211000001104,Mianserin 20mg tablets,449211000001104,AMP,0403010T0AAABAB
747011000001109,Mianserin 20mg tablets,747011000001109,AMP,0403010T0AAABAB
702411000001105,Mianserin 20mg tablets,702411000001105,AMP,0403010T0AAABAB
42274311000001105,Mianserin 30mg tablets,42274311000001105,VMP,0403010T0AAACAC
550311000001107,Mianserin 30mg tablets,550311000001107,AMP,0403010T0AAACAC
673211000001100,Mianserin 30mg tablets,673211000001100,AMP,0403010T0AAACAC
595311000001106,Mianserin 30mg tablets,595311000001106,AMP,0403010T0AAACAC
24385411000001105,Mianserin 30mg tablets,24385411000001105,AMP,0403010T0AAACAC
38963811000001101,Mianserin 30mg tablets,38963811000001101,AMP,0403010T0AAACAC
656811000001105,Mianserin 30mg tablets,656811000001105,AMP,0403010T0AAACAC
30830811000001108,Mianserin 30mg tablets,30830811000001108,AMP,0403010T0AAACAC
29922411000001101,Mianserin 30mg tablets,29922411000001101,AMP,0403010T0AAACAC
536811000001100,Mianserin 30mg tablets,536811000001100,AMP,0403010T0AAACAC
911411000001109,Mianserin 30mg tablets,911411000001109,AMP,0403010T0AAACAC
21800511000001109,Mianserin 30mg tablets,21800511000001109,AMP,0403010T0AAACAC
13008711000001107,Mianserin 20mg/5ml oral solution,13008711000001107,VMP,0403010T0AAADAD
13008811000001104,Mianserin 20mg/5ml oral suspension,13008811000001104,VMP,0403010T0AAADAD
12967611000001104,Mianserin 20mg/5ml oral solution,12967611000001104,AMP,0403010T0AAADAD
12966911000001107,Mianserin 20mg/5ml oral suspension,12966911000001107,AMP,0403010T0AAADAD
13008911000001109,Mianserin 30mg/5ml oral solution,13008911000001109,VMP,0403010T0AAAEAE
13009011000001100,Mianserin 30mg/5ml oral suspension,13009011000001100,VMP,0403010T0AAAEAE
12968411000001103,Mianserin 30mg/5ml oral solution,12968411000001103,AMP,0403010T0AAAEAE
12967911000001105,Mianserin 30mg/5ml oral suspension,12967911000001105,AMP,0403010T0AAAEAE
13008511000001102,Mianserin 10mg/5ml oral solution,13008511000001102,VMP,0403010T0AAAFAF
13008611000001103,Mianserin 10mg/5ml oral suspension,13008611000001103,VMP,0403010T0AAAFAF
12965411000001108,Mianserin 10mg/5ml oral solution,12965411000001108,AMP,0403010T0AAAFAF
12964711000001101,Mianserin 10mg/5ml oral suspension,12964711000001101,AMP,0403010T0AAAFAF
39701411000001105,Nortriptyline 10mg tablets,39701411000001105,VMP,0403010V0AAADAD
18310811000001100,Nortriptyline 10mg tablets,18310811000001100,AMP,0403010V0AAADAD
24647911000001108,Nortriptyline 10mg tablets,24647911000001108,AMP,0403010V0AAADAD
34033011000001105,Nortriptyline 10mg tablets,34033011000001105,AMP,0403010V0AAADAD
34694411000001100,Nortriptyline 10mg tablets,34694411000001100,AMP,0403010V0AAADAD
18865411000001108,Nortriptyline 10mg tablets,18865411000001108,AMP,0403010V0AAADAD
42242211000001105,Nortriptyline 10mg tablets,42242211000001105,AMP,0403010V0AAADAD
37462011000001107,Nortriptyline 10mg tablets,37462011000001107,AMP,0403010V0AAADAD
36721211000001106,Nortriptyline 10mg tablets,36721211000001106,AMP,0403010V0AAADAD
41506011000001102,Nortriptyline 10mg tablets,41506011000001102,AMP,0403010V0AAADAD
42326811000001101,Nortriptyline 10mg tablets,42326811000001101,AMP,0403010V0AAADAD
18670211000001104,Nortriptyline 10mg tablets,18670211000001104,AMP,0403010V0AAADAD
37502911000001101,Nortriptyline 10mg tablets,37502911000001101,AMP,0403010V0AAADAD
39061311000001100,Nortriptyline 10mg tablets,39061311000001100,AMP,0403010V0AAADAD
36044611000001109,Nortriptyline 10mg tablets,36044611000001109,AMP,0403010V0AAADAD
41171111000001107,Nortriptyline 10mg tablets,41171111000001107,AMP,0403010V0AAADAD
43787711000001106,Nortriptyline 10mg tablets,43787711000001106,AMP,0403010V0AAADAD
36617511000001102,Nortriptyline 10mg tablets,36617511000001102,AMP,0403010V0AAADAD
42578711000001107,Nortriptyline 10mg tablets,42578711000001107,AMP,0403010V0AAADAD
42564311000001107,Nortriptyline 10mg tablets,42564311000001107,AMP,0403010V0AAADAD
29951911000001102,Nortriptyline 10mg tablets,29951911000001102,AMP,0403010V0AAADAD
37423711000001105,Nortriptyline 10mg tablets,37423711000001105,AMP,0403010V0AAADAD
40708511000001102,Nortriptyline 10mg tablets,40708511000001102,AMP,0403010V0AAADAD
34105711000001106,Nortriptyline 10mg tablets,34105711000001106,AMP,0403010V0AAADAD
39701511000001109,Nortriptyline 25mg tablets,39701511000001109,VMP,0403010V0AAAEAE
18311011000001102,Nortriptyline 25mg tablets,18311011000001102,AMP,0403010V0AAAEAE
24648311000001108,Nortriptyline 25mg tablets,24648311000001108,AMP,0403010V0AAAEAE
34033211000001100,Nortriptyline 25mg tablets,34033211000001100,AMP,0403010V0AAAEAE
34694211000001104,Nortriptyline 25mg tablets,34694211000001104,AMP,0403010V0AAAEAE
19359611000001102,Nortriptyline 25mg tablets,19359611000001102,AMP,0403010V0AAAEAE
42242711000001103,Nortriptyline 25mg tablets,42242711000001103,AMP,0403010V0AAAEAE
37760211000001106,Nortriptyline 25mg tablets,37760211000001106,AMP,0403010V0AAAEAE
36721411000001105,Nortriptyline 25mg tablets,36721411000001105,AMP,0403010V0AAAEAE
41506211000001107,Nortriptyline 25mg tablets,41506211000001107,AMP,0403010V0AAAEAE
42332111000001107,Nortriptyline 25mg tablets,42332111000001107,AMP,0403010V0AAAEAE
18876511000001109,Nortriptyline 25mg tablets,18876511000001109,AMP,0403010V0AAAEAE
37503311000001107,Nortriptyline 25mg tablets,37503311000001107,AMP,0403010V0AAAEAE
39061511000001106,Nortriptyline 25mg tablets,39061511000001106,AMP,0403010V0AAAEAE
36045111000001102,Nortriptyline 25mg tablets,36045111000001102,AMP,0403010V0AAAEAE
41171311000001109,Nortriptyline 25mg tablets,41171311000001109,AMP,0403010V0AAAEAE
43787911000001108,Nortriptyline 25mg tablets,43787911000001108,AMP,0403010V0AAAEAE
36618711000001108,Nortriptyline 25mg tablets,36618711000001108,AMP,0403010V0AAAEAE
42578911000001109,Nortriptyline 25mg tablets,42578911000001109,AMP,0403010V0AAAEAE
42564511000001101,Nortriptyline 25mg tablets,42564511000001101,AMP,0403010V0AAAEAE
29952111000001105,Nortriptyline 25mg tablets,29952111000001105,AMP,0403010V0AAAEAE
37424011000001105,Nortriptyline 25mg tablets,37424011000001105,AMP,0403010V0AAAEAE
40708711000001107,Nortriptyline 25mg tablets,40708711000001107,AMP,0403010V0AAAEAE
34105911000001108,Nortriptyline 25mg tablets,34105911000001108,AMP,0403010V0AAAEAE
15000711000001103,Nortriptyline 10mg/5ml oral suspension,15000711000001103,VMP,0403010V0AAAGAG
14986511000001106,Nortriptyline 10mg/5ml oral suspension,14986511000001106,AMP,0403010V0AAAGAG
39692711000001100,Nortriptyline 30mg / Fluphenazine 1.5mg tablets,39692711000001100,VMP,0403010V0AAALAL
39692911000001103,Nortriptyline 10mg / Fluphenazine 500microgram tablets,39692911000001103,VMP,0403010V0AAAMAM
15000611000001107,Nortriptyline 10mg/5ml oral solution,15000611000001107,VMP,0403010V0AAANAN
14986211000001108,Nortriptyline 10mg/5ml oral solution,14986211000001108,AMP,0403010V0AAANAN
14057111000001104,Nortriptyline 25mg/5ml oral solution,14057111000001104,VMP,0403010V0AAAQAQ
14057211000001105,Nortriptyline 25mg/5ml oral suspension,14057211000001105,VMP,0403010V0AAAQAQ
14019611000001108,Nortriptyline 25mg/5ml oral solution,14019611000001108,AMP,0403010V0AAAQAQ
14019911000001102,Nortriptyline 25mg/5ml oral suspension,14019911000001102,AMP,0403010V0AAAQAQ
34034111000001108,Nortriptyline 50mg tablets,34034111000001108,VMP,0403010V0AAARAR
34468511000001109,Nortriptyline 50mg tablets,34468511000001109,AMP,0403010V0AAARAR
34033911000001109,Nortriptyline 50mg tablets,34033911000001109,AMP,0403010V0AAARAR
34196311000001100,Nortriptyline 50mg tablets,34196311000001100,AMP,0403010V0AAARAR
42243311000001107,Nortriptyline 50mg tablets,42243311000001107,AMP,0403010V0AAARAR
37462411000001103,Nortriptyline 50mg tablets,37462411000001103,AMP,0403010V0AAARAR
42587411000001108,Nortriptyline 50mg tablets,42587411000001108,AMP,0403010V0AAARAR
41797411000001107,Nortriptyline 50mg tablets,41797411000001107,AMP,0403010V0AAARAR
39061111000001102,Nortriptyline 50mg tablets,39061111000001102,AMP,0403010V0AAARAR
37424311000001108,Nortriptyline 50mg tablets,37424311000001108,AMP,0403010V0AAARAR
40708911000001109,Nortriptyline 50mg tablets,40708911000001109,AMP,0403010V0AAARAR
34841011000001109,Nortriptyline 50mg/5ml oral suspension,34841011000001109,VMP,0403010V0AAASAS
34824911000001108,Nortriptyline 50mg/5ml oral suspension,34824911000001108,AMP,0403010V0AAASAS
35611511000001105,Nortriptyline 50mg/5ml oral solution,35611511000001105,VMP,0403010V0AAATAT
35605011000001102,Nortriptyline 50mg/5ml oral solution,35605011000001102,AMP,0403010V0AAATAT
37868911000001103,Nortriptyline 10mg/5ml oral solution sugar free,37868911000001103,VMP,0403010V0AAAUAU
40669611000001103,Nortriptyline 10mg/5ml oral solution sugar free,40669611000001103,AMP,0403010V0AAAUAU
37875011000001104,Nortriptyline 10mg/5ml oral solution sugar free,37875011000001104,AMP,0403010V0AAAUAU
37857311000001107,Nortriptyline 10mg/5ml oral solution sugar free,37857311000001107,AMP,0403010V0AAAUAU
37869011000001107,Nortriptyline 25mg/5ml oral solution sugar free,37869011000001107,VMP,0403010V0AAAVAV
40669811000001104,Nortriptyline 25mg/5ml oral solution sugar free,40669811000001104,AMP,0403010V0AAAVAV
37875211000001109,Nortriptyline 25mg/5ml oral solution sugar free,37875211000001109,AMP,0403010V0AAAVAV
37857611000001102,Nortriptyline 25mg/5ml oral solution sugar free,37857611000001102,AMP,0403010V0AAAVAV
38285811000001101,Nortriptyline 10mg capsules,38285811000001101,VMP,0403010V0AAAWAW
43555011000001109,Nortriptyline 10mg capsules,43555011000001109,AMP,0403010V0AAAWAW
39081211000001105,Nortriptyline 10mg capsules,39081211000001105,AMP,0403010V0AAAWAW
40364111000001103,Nortriptyline 10mg capsules,40364111000001103,AMP,0403010V0AAAWAW
38236211000001104,Nortriptyline 10mg capsules,38236211000001104,AMP,0403010V0AAAWAW
39885011000001102,Nortriptyline 10mg capsules,39885011000001102,AMP,0403010V0AAAWAW
38285911000001106,Nortriptyline 25mg capsules,38285911000001106,VMP,0403010V0AAAXAX
43555311000001107,Nortriptyline 25mg capsules,43555311000001107,AMP,0403010V0AAAXAX
39081411000001109,Nortriptyline 25mg capsules,39081411000001109,AMP,0403010V0AAAXAX
40364611000001106,Nortriptyline 25mg capsules,40364611000001106,AMP,0403010V0AAAXAX
38235811000001106,Nortriptyline 25mg capsules,38235811000001106,AMP,0403010V0AAAXAX
39885211000001107,Nortriptyline 25mg capsules,39885211000001107,AMP,0403010V0AAAXAX
893811000001100,Allegron 10mg tablets,893811000001100,AMP,0403010V0BBAAAD
629711000001106,Allegron 25mg tablets,629711000001106,AMP,0403010V0BBABAE
491811000001108,Motipress tablets,491811000001108,AMP,0403010V0BDAAAL
125111000001109,Motival 10mg/500microgram tablets,125111000001109,AMP,0403010V0BEAAAM
42280711000001105,Trazodone 50mg capsules,42280711000001105,VMP,0403010X0AAAAAA
868211000001107,Trazodone 50mg capsules,868211000001107,AMP,0403010X0AAAAAA
16238311000001102,Trazodone 50mg capsules,16238311000001102,AMP,0403010X0AAAAAA
29923511000001109,Trazodone 50mg capsules,29923511000001109,AMP,0403010X0AAAAAA
578911000001107,Trazodone 50mg capsules,578911000001107,AMP,0403010X0AAAAAA
36600811000001100,Trazodone 50mg capsules,36600811000001100,AMP,0403010X0AAAAAA
23615311000001108,Trazodone 50mg capsules,23615311000001108,AMP,0403010X0AAAAAA
30105511000001104,Trazodone 50mg capsules,30105511000001104,AMP,0403010X0AAAAAA
35807411000001107,Trazodone 50mg capsules,35807411000001107,AMP,0403010X0AAAAAA
36777911000001106,Trazodone 50mg capsules,36777911000001106,AMP,0403010X0AAAAAA
9361211000001107,Trazodone 50mg capsules,9361211000001107,AMP,0403010X0AAAAAA
423511000001100,Trazodone 50mg capsules,423511000001100,AMP,0403010X0AAAAAA
37102511000001104,Trazodone 50mg capsules,37102511000001104,AMP,0403010X0AAAAAA
39919811000001103,Trazodone 50mg capsules,39919811000001103,AMP,0403010X0AAAAAA
41297111000001105,Trazodone 50mg capsules,41297111000001105,AMP,0403010X0AAAAAA
19311111000001104,Trazodone 50mg capsules,19311111000001104,AMP,0403010X0AAAAAA
41209911000001104,Trazodone 50mg capsules,41209911000001104,AMP,0403010X0AAAAAA
42506111000001102,Trazodone 50mg capsules,42506111000001102,AMP,0403010X0AAAAAA
43768711000001105,Trazodone 50mg capsules,43768711000001105,AMP,0403010X0AAAAAA
17863611000001104,Trazodone 50mg capsules,17863611000001104,AMP,0403010X0AAAAAA
28698311000001104,Trazodone 50mg capsules,28698311000001104,AMP,0403010X0AAAAAA
15198911000001109,Trazodone 50mg capsules,15198911000001109,AMP,0403010X0AAAAAA
45139611000001100,Trazodone 50mg capsules,45139611000001100,AMP,0403010X0AAAAAA
36531211000001108,Trazodone 50mg capsules,36531211000001108,AMP,0403010X0AAAAAA
42168911000001105,Trazodone 50mg capsules,42168911000001105,AMP,0403010X0AAAAAA
667211000001102,Trazodone 50mg capsules,667211000001102,AMP,0403010X0AAAAAA
266411000001103,Trazodone 50mg capsules,266411000001103,AMP,0403010X0AAAAAA
21893111000001105,Trazodone 50mg capsules,21893111000001105,AMP,0403010X0AAAAAA
226111000001100,Trazodone 50mg capsules,226111000001100,AMP,0403010X0AAAAAA
42280411000001104,Trazodone 100mg capsules,42280411000001104,VMP,0403010X0AAABAB
173311000001109,Trazodone 100mg capsules,173311000001109,AMP,0403010X0AAABAB
16238511000001108,Trazodone 100mg capsules,16238511000001108,AMP,0403010X0AAABAB
29923911000001102,Trazodone 100mg capsules,29923911000001102,AMP,0403010X0AAABAB
141811000001103,Trazodone 100mg capsules,141811000001103,AMP,0403010X0AAABAB
36601211000001107,Trazodone 100mg capsules,36601211000001107,AMP,0403010X0AAABAB
23615511000001102,Trazodone 100mg capsules,23615511000001102,AMP,0403010X0AAABAB
44459711000001101,Trazodone 100mg capsules,44459711000001101,AMP,0403010X0AAABAB
30105711000001109,Trazodone 100mg capsules,30105711000001109,AMP,0403010X0AAABAB
35806911000001102,Trazodone 100mg capsules,35806911000001102,AMP,0403010X0AAABAB
36778311000001106,Trazodone 100mg capsules,36778311000001106,AMP,0403010X0AAABAB
9361411000001106,Trazodone 100mg capsules,9361411000001106,AMP,0403010X0AAABAB
500911000001100,Trazodone 100mg capsules,500911000001100,AMP,0403010X0AAABAB
37104211000001106,Trazodone 100mg capsules,37104211000001106,AMP,0403010X0AAABAB
39918011000001104,Trazodone 100mg capsules,39918011000001104,AMP,0403010X0AAABAB
41296911000001105,Trazodone 100mg capsules,41296911000001105,AMP,0403010X0AAABAB
19311311000001102,Trazodone 100mg capsules,19311311000001102,AMP,0403010X0AAABAB
41209511000001106,Trazodone 100mg capsules,41209511000001106,AMP,0403010X0AAABAB
42505711000001109,Trazodone 100mg capsules,42505711000001109,AMP,0403010X0AAABAB
43997211000001108,Trazodone 100mg capsules,43997211000001108,AMP,0403010X0AAABAB
17864411000001104,Trazodone 100mg capsules,17864411000001104,AMP,0403010X0AAABAB
28698511000001105,Trazodone 100mg capsules,28698511000001105,AMP,0403010X0AAABAB
15198711000001107,Trazodone 100mg capsules,15198711000001107,AMP,0403010X0AAABAB
45140711000001103,Trazodone 100mg capsules,45140711000001103,AMP,0403010X0AAABAB
36531411000001107,Trazodone 100mg capsules,36531411000001107,AMP,0403010X0AAABAB
42163611000001106,Trazodone 100mg capsules,42163611000001106,AMP,0403010X0AAABAB
656611000001106,Trazodone 100mg capsules,656611000001106,AMP,0403010X0AAABAB
733411000001108,Trazodone 100mg capsules,733411000001108,AMP,0403010X0AAABAB
21893311000001107,Trazodone 100mg capsules,21893311000001107,AMP,0403010X0AAABAB
158611000001108,Trazodone 100mg capsules,158611000001108,AMP,0403010X0AAABAB
42280611000001101,Trazodone 150mg tablets,42280611000001101,VMP,0403010X0AAADAD
782911000001101,Trazodone 150mg tablets,782911000001101,AMP,0403010X0AAADAD
35241311000001105,Trazodone 150mg tablets,35241311000001105,AMP,0403010X0AAADAD
16238711000001103,Trazodone 150mg tablets,16238711000001103,AMP,0403010X0AAADAD
29922811000001104,Trazodone 150mg tablets,29922811000001104,AMP,0403010X0AAADAD
342711000001105,Trazodone 150mg tablets,342711000001105,AMP,0403010X0AAADAD
36601011000001102,Trazodone 150mg tablets,36601011000001102,AMP,0403010X0AAADAD
23615711000001107,Trazodone 150mg tablets,23615711000001107,AMP,0403010X0AAADAD
30105911000001106,Trazodone 150mg tablets,30105911000001106,AMP,0403010X0AAADAD
43770211000001105,Trazodone 150mg tablets,43770211000001105,AMP,0403010X0AAADAD
36777711000001109,Trazodone 150mg tablets,36777711000001109,AMP,0403010X0AAADAD
41424811000001100,Trazodone 150mg tablets,41424811000001100,AMP,0403010X0AAADAD
114611000001106,Trazodone 150mg tablets,114611000001106,AMP,0403010X0AAADAD
44149811000001108,Trazodone 150mg tablets,44149811000001108,AMP,0403010X0AAADAD
39919211000001104,Trazodone 150mg tablets,39919211000001104,AMP,0403010X0AAADAD
38161711000001106,Trazodone 150mg tablets,38161711000001106,AMP,0403010X0AAADAD
46001011000001109,Trazodone 150mg tablets,46001011000001109,AMP,0403010X0AAADAD
42505911000001106,Trazodone 150mg tablets,42505911000001106,AMP,0403010X0AAADAD
17864611000001101,Trazodone 150mg tablets,17864611000001101,AMP,0403010X0AAADAD
28699011000001107,Trazodone 150mg tablets,28699011000001107,AMP,0403010X0AAADAD
45142211000001106,Trazodone 150mg tablets,45142211000001106,AMP,0403010X0AAADAD
42169111000001100,Trazodone 150mg tablets,42169111000001100,AMP,0403010X0AAADAD
620611000001108,Trazodone 150mg tablets,620611000001108,AMP,0403010X0AAADAD
151911000001106,Trazodone 150mg tablets,151911000001106,AMP,0403010X0AAADAD
21893511000001101,Trazodone 150mg tablets,21893511000001101,AMP,0403010X0AAADAD
120311000001104,Trazodone 150mg tablets,120311000001104,AMP,0403010X0AAADAD
4557211000001109,Trazodone 150mg modified-release tablets,4557211000001109,VMP,0403010X0AAAEAE
3909411000001104,Trazodone 50mg/5ml oral solution sugar free,3909411000001104,VMP,0403010X0AAAFAF
18752111000001104,Trazodone 50mg/5ml oral solution sugar free,18752111000001104,AMP,0403010X0AAAFAF
43175711000001103,Trazodone 50mg/5ml oral solution sugar free,43175711000001103,AMP,0403010X0AAAFAF
36235011000001106,Trazodone 50mg/5ml oral solution sugar free,36235011000001106,AMP,0403010X0AAAFAF
29925611000001107,Trazodone 50mg/5ml oral solution sugar free,29925611000001107,AMP,0403010X0AAAFAF
36906511000001100,Trazodone 50mg/5ml oral solution sugar free,36906511000001100,AMP,0403010X0AAAFAF
19683911000001108,Trazodone 50mg/5ml oral solution sugar free,19683911000001108,AMP,0403010X0AAAFAF
34888611000001104,Trazodone 50mg/5ml oral solution sugar free,34888611000001104,AMP,0403010X0AAAFAF
37828411000001102,Trazodone 50mg/5ml oral solution sugar free,37828411000001102,AMP,0403010X0AAAFAF
41808911000001103,Trazodone 50mg/5ml oral solution sugar free,41808911000001103,AMP,0403010X0AAAFAF
19570011000001101,Trazodone 50mg/5ml oral solution sugar free,19570011000001101,AMP,0403010X0AAAFAF
42369211000001102,Trazodone 50mg/5ml oral solution sugar free,42369211000001102,AMP,0403010X0AAAFAF
42832711000001105,Trazodone 50mg/5ml oral solution sugar free,42832711000001105,AMP,0403010X0AAAFAF
39921011000001101,Trazodone 50mg/5ml oral solution sugar free,39921011000001101,AMP,0403010X0AAAFAF
43800311000001107,Trazodone 50mg/5ml oral solution sugar free,43800311000001107,AMP,0403010X0AAAFAF
37847911000001106,Trazodone 50mg/5ml oral solution sugar free,37847911000001106,AMP,0403010X0AAAFAF
45138711000001100,Trazodone 50mg/5ml oral solution sugar free,45138711000001100,AMP,0403010X0AAAFAF
42160711000001106,Trazodone 50mg/5ml oral solution sugar free,42160711000001106,AMP,0403010X0AAAFAF
36889111000001105,Trazodone 50mg/5ml oral solution sugar free,36889111000001105,AMP,0403010X0AAAFAF
21893711000001106,Trazodone 50mg/5ml oral solution sugar free,21893711000001106,AMP,0403010X0AAAFAF
18520911000001100,Trazodone 50mg/5ml oral solution sugar free,18520911000001100,AMP,0403010X0AAAFAF
13359711000001109,Trazodone 50mg/5ml oral solution,13359711000001109,VMP,0403010X0AAAGAG
13359811000001101,Trazodone 50mg/5ml oral suspension,13359811000001101,VMP,0403010X0AAAGAG
13345011000001107,Trazodone 50mg/5ml oral solution,13345011000001107,AMP,0403010X0AAAGAG
13342911000001103,Trazodone 50mg/5ml oral suspension,13342911000001103,AMP,0403010X0AAAGAG
13359311000001105,Trazodone 250mg/5ml oral solution,13359311000001105,VMP,0403010X0AAAHAH
13359411000001103,Trazodone 250mg/5ml oral suspension,13359411000001103,VMP,0403010X0AAAHAH
13344411000001104,Trazodone 250mg/5ml oral solution,13344411000001104,AMP,0403010X0AAAHAH
13342111000001101,Trazodone 250mg/5ml oral suspension,13342111000001101,AMP,0403010X0AAAHAH
13358711000001100,Trazodone 100mg/5ml oral solution,13358711000001100,VMP,0403010X0AAAIAI
13358811000001108,Trazodone 100mg/5ml oral suspension,13358811000001108,VMP,0403010X0AAAIAI
13343511000001103,Trazodone 100mg/5ml oral solution,13343511000001103,AMP,0403010X0AAAIAI
13341211000001100,Trazodone 100mg/5ml oral suspension,13341211000001100,AMP,0403010X0AAAIAI
13359511000001104,Trazodone 25mg/5ml oral solution,13359511000001104,VMP,0403010X0AAAJAJ
13359611000001100,Trazodone 25mg/5ml oral suspension,13359611000001100,VMP,0403010X0AAAJAJ
13344711000001105,Trazodone 25mg/5ml oral solution,13344711000001105,AMP,0403010X0AAAJAJ
13342411000001106,Trazodone 25mg/5ml oral suspension,13342411000001106,AMP,0403010X0AAAJAJ
13358911000001103,Trazodone 10mg/5ml oral solution,13358911000001103,VMP,0403010X0AAAKAK
13359011000001107,Trazodone 10mg/5ml oral suspension,13359011000001107,VMP,0403010X0AAAKAK
13343811000001100,Trazodone 10mg/5ml oral solution,13343811000001100,AMP,0403010X0AAAKAK
13341511000001102,Trazodone 10mg/5ml oral suspension,13341511000001102,AMP,0403010X0AAAKAK
13359111000001108,Trazodone 150mg/5ml oral solution,13359111000001108,VMP,0403010X0AAALAL
13359211000001102,Trazodone 150mg/5ml oral suspension,13359211000001102,VMP,0403010X0AAALAL
13344111000001109,Trazodone 150mg/5ml oral solution,13344111000001109,AMP,0403010X0AAALAL
13341811000001104,Trazodone 150mg/5ml oral suspension,13341811000001104,AMP,0403010X0AAALAL
13359911000001106,Trazodone 75mg/5ml oral solution,13359911000001106,VMP,0403010X0AAAMAM
13360011000001108,Trazodone 75mg/5ml oral suspension,13360011000001108,VMP,0403010X0AAAMAM
13345311000001105,Trazodone 75mg/5ml oral solution,13345311000001105,AMP,0403010X0AAAMAM
13343211000001101,Trazodone 75mg/5ml oral suspension,13343211000001101,AMP,0403010X0AAAMAM
35113311000001104,Trazodone 100mg/5ml oral solution sugar free,35113311000001104,VMP,0403010X0AAANAN
35109211000001106,Trazodone 100mg/5ml oral solution sugar free,35109211000001106,AMP,0403010X0AAANAN
35211311000001102,Trazodone 100mg/5ml oral solution sugar free,35211311000001102,AMP,0403010X0AAANAN
38192711000001101,Trazodone 100mg/5ml oral solution sugar free,38192711000001101,AMP,0403010X0AAANAN
35101611000001107,Trazodone 100mg/5ml oral solution sugar free,35101611000001107,AMP,0403010X0AAANAN
42280811000001102,Trazodone 50mg tablets,42280811000001102,VMP,0403010X0AAAPAP
40670411000001104,Trazodone 50mg tablets,40670411000001104,AMP,0403010X0AAAPAP
38159511000001109,Trazodone 50mg tablets,38159511000001109,AMP,0403010X0AAAPAP
45771011000001103,Trazodone 50mg tablets,45771011000001103,AMP,0403010X0AAAPAP
42280511000001100,Trazodone 100mg tablets,42280511000001100,VMP,0403010X0AAAQAQ
39419911000001105,Trazodone 100mg tablets,39419911000001105,AMP,0403010X0AAAQAQ
38159811000001107,Trazodone 100mg tablets,38159811000001107,AMP,0403010X0AAAQAQ
45771711000001101,Trazodone 100mg tablets,45771711000001101,AMP,0403010X0AAAQAQ
369211000001100,Molipaxin 50mg capsules,369211000001100,AMP,0403010X0BBAAAA
75511000001108,Molipaxin 100mg capsules,75511000001108,AMP,0403010X0BBABAB
3904511000001104,Molipaxin 50mg/5ml oral liquid,3904511000001104,AMP,0403010X0BBACAF
1811000001101,Molipaxin 150mg tablets,1811000001101,AMP,0403010X0BBADAD
4549511000001102,Molipaxin CR 150mg tablets,4549511000001102,AMP,0403010X0BBAEAE
42281111000001103,Trimipramine 50mg capsules,42281111000001103,VMP,0403010Y0AAAAAA
9709811000001106,Trimipramine 50mg capsules,9709811000001106,AMP,0403010Y0AAAAAA
29924311000001101,Trimipramine 50mg capsules,29924311000001101,AMP,0403010Y0AAAAAA
10349811000001104,Trimipramine 50mg capsules,10349811000001104,AMP,0403010Y0AAAAAA
41424511000001103,Trimipramine 50mg capsules,41424511000001103,AMP,0403010Y0AAAAAA
4819011000001101,Trimipramine 50mg capsules,4819011000001101,AMP,0403010Y0AAAAAA
30942511000001102,Trimipramine 50mg capsules,30942511000001102,AMP,0403010Y0AAAAAA
39926511000001100,Trimipramine 50mg capsules,39926511000001100,AMP,0403010Y0AAAAAA
17866411000001107,Trimipramine 50mg capsules,17866411000001107,AMP,0403010Y0AAAAAA
15201211000001109,Trimipramine 50mg capsules,15201211000001109,AMP,0403010Y0AAAAAA
42124511000001103,Trimipramine 50mg capsules,42124511000001103,AMP,0403010Y0AAAAAA
21906611000001100,Trimipramine 50mg capsules,21906611000001100,AMP,0403010Y0AAAAAA
21373711000001104,Trimipramine 50mg capsules,21373711000001104,AMP,0403010Y0AAAAAA
42280911000001107,Trimipramine 10mg tablets,42280911000001107,VMP,0403010Y0AAABAB
9710311000001109,Trimipramine 10mg tablets,9710311000001109,AMP,0403010Y0AAABAB
29924711000001102,Trimipramine 10mg tablets,29924711000001102,AMP,0403010Y0AAABAB
10350011000001100,Trimipramine 10mg tablets,10350011000001100,AMP,0403010Y0AAABAB
37829711000001104,Trimipramine 10mg tablets,37829711000001104,AMP,0403010Y0AAABAB
4819911000001102,Trimipramine 10mg tablets,4819911000001102,AMP,0403010Y0AAABAB
39922711000001106,Trimipramine 10mg tablets,39922711000001106,AMP,0403010Y0AAABAB
17866611000001105,Trimipramine 10mg tablets,17866611000001105,AMP,0403010Y0AAABAB
15200511000001100,Trimipramine 10mg tablets,15200511000001100,AMP,0403010Y0AAABAB
21906811000001101,Trimipramine 10mg tablets,21906811000001101,AMP,0403010Y0AAABAB
21374111000001103,Trimipramine 10mg tablets,21374111000001103,AMP,0403010Y0AAABAB
42281011000001104,Trimipramine 25mg tablets,42281011000001104,VMP,0403010Y0AAACAC
9710511000001103,Trimipramine 25mg tablets,9710511000001103,AMP,0403010Y0AAACAC
29925111000001104,Trimipramine 25mg tablets,29925111000001104,AMP,0403010Y0AAACAC
10350211000001105,Trimipramine 25mg tablets,10350211000001105,AMP,0403010Y0AAACAC
37829911000001102,Trimipramine 25mg tablets,37829911000001102,AMP,0403010Y0AAACAC
4819311000001103,Trimipramine 25mg tablets,4819311000001103,AMP,0403010Y0AAACAC
39922911000001108,Trimipramine 25mg tablets,39922911000001108,AMP,0403010Y0AAACAC
17866911000001104,Trimipramine 25mg tablets,17866911000001104,AMP,0403010Y0AAACAC
15200811000001102,Trimipramine 25mg tablets,15200811000001102,AMP,0403010Y0AAACAC
21907111000001106,Trimipramine 25mg tablets,21907111000001106,AMP,0403010Y0AAACAC
21373911000001102,Trimipramine 25mg tablets,21373911000001102,AMP,0403010Y0AAACAC
13455611000001107,Trimipramine 50mg/5ml oral solution,13455611000001107,VMP,0403010Y0AAAGAG
13455711000001103,Trimipramine 50mg/5ml oral suspension,13455711000001103,VMP,0403010Y0AAAGAG
13448911000001105,Trimipramine 50mg/5ml oral solution,13448911000001105,AMP,0403010Y0AAAGAG
13449411000001105,Trimipramine 50mg/5ml oral suspension,13449411000001105,AMP,0403010Y0AAAGAG
13455411000001109,Trimipramine 25mg/5ml oral solution,13455411000001109,VMP,0403010Y0AAAHAH
13455511000001108,Trimipramine 25mg/5ml oral suspension,13455511000001108,VMP,0403010Y0AAAHAH
13447811000001104,Trimipramine 25mg/5ml oral solution,13447811000001104,AMP,0403010Y0AAAHAH
13448211000001101,Trimipramine 25mg/5ml oral suspension,13448211000001101,AMP,0403010Y0AAAHAH
13455211000001105,Trimipramine 125mg/5ml oral solution,13455211000001105,VMP,0403010Y0AAAIAI
13455311000001102,Trimipramine 125mg/5ml oral suspension,13455311000001102,VMP,0403010Y0AAAIAI
13446911000001106,Trimipramine 125mg/5ml oral solution,13446911000001106,AMP,0403010Y0AAAIAI
13447211000001100,Trimipramine 125mg/5ml oral suspension,13447211000001100,AMP,0403010Y0AAAIAI
13455011000001100,Trimipramine 10mg/5ml oral solution,13455011000001100,VMP,0403010Y0AAAKAK
13455111000001104,Trimipramine 10mg/5ml oral suspension,13455111000001104,VMP,0403010Y0AAAKAK
13446011000001107,Trimipramine 10mg/5ml oral solution,13446011000001107,AMP,0403010Y0AAAKAK
13446611000001100,Trimipramine 10mg/5ml oral suspension,13446611000001100,AMP,0403010Y0AAAKAK
101711000001102,Surmontil 50mg capsules,101711000001102,AMP,0403010Y0BBAAAA
908011000001108,Surmontil 10mg tablets,908011000001108,AMP,0403010Y0BBABAB
498211000001103,Surmontil 25mg tablets,498211000001103,AMP,0403010Y0BBACAC
42273411000001101,Isocarboxazid 10mg tablets,42273411000001101,VMP,0403020H0AAAAAA
3752311000001104,Isocarboxazid 10mg tablets,3752311000001104,AMP,0403020H0AAAAAA
3752911000001103,Isocarboxazid 10mg tablets,3752911000001103,AMP,0403020H0AAAAAA
3752711000001100,Isocarboxazid 10mg tablets,3752711000001100,AMP,0403020H0AAAAAA
26376511000001103,Isocarboxazid 10mg tablets,26376511000001103,AMP,0403020H0AAAAAA
12639611000001104,Isocarboxazid 20mg/5ml oral suspension,12639611000001104,VMP,0403020H0AAACAC
12610111000001106,Isocarboxazid 20mg/5ml oral suspension,12610111000001106,AMP,0403020H0AAACAC
42274911000001106,Moclobemide 150mg tablets,42274911000001106,VMP,0403020K0AAAAAA
409811000001107,Moclobemide 150mg tablets,409811000001107,AMP,0403020K0AAAAAA
906511000001101,Moclobemide 150mg tablets,906511000001101,AMP,0403020K0AAAAAA
24401111000001108,Moclobemide 150mg tablets,24401111000001108,AMP,0403020K0AAAAAA
735511000001106,Moclobemide 150mg tablets,735511000001106,AMP,0403020K0AAAAAA
30832211000001108,Moclobemide 150mg tablets,30832211000001108,AMP,0403020K0AAAAAA
39882711000001109,Moclobemide 150mg tablets,39882711000001109,AMP,0403020K0AAAAAA
129211000001100,Moclobemide 150mg tablets,129211000001100,AMP,0403020K0AAAAAA
15232911000001101,Moclobemide 150mg tablets,15232911000001101,AMP,0403020K0AAAAAA
823011000001104,Moclobemide 150mg tablets,823011000001104,AMP,0403020K0AAAAAA
13758911000001104,Moclobemide 150mg tablets,13758911000001104,AMP,0403020K0AAAAAA
4621911000001100,Moclobemide 150mg tablets,4621911000001100,AMP,0403020K0AAAAAA
21805611000001100,Moclobemide 150mg tablets,21805611000001100,AMP,0403020K0AAAAAA
42275011000001106,Moclobemide 300mg tablets,42275011000001106,VMP,0403020K0AAACAC
898011000001104,Moclobemide 300mg tablets,898011000001104,AMP,0403020K0AAACAC
668311000001106,Moclobemide 300mg tablets,668311000001106,AMP,0403020K0AAACAC
24401311000001105,Moclobemide 300mg tablets,24401311000001105,AMP,0403020K0AAACAC
38961911000001105,Moclobemide 300mg tablets,38961911000001105,AMP,0403020K0AAACAC
502511000001108,Moclobemide 300mg tablets,502511000001108,AMP,0403020K0AAACAC
39882911000001106,Moclobemide 300mg tablets,39882911000001106,AMP,0403020K0AAACAC
934511000001101,Moclobemide 300mg tablets,934511000001101,AMP,0403020K0AAACAC
15233111000001105,Moclobemide 300mg tablets,15233111000001105,AMP,0403020K0AAACAC
554811000001108,Moclobemide 300mg tablets,554811000001108,AMP,0403020K0AAACAC
13759311000001106,Moclobemide 300mg tablets,13759311000001106,AMP,0403020K0AAACAC
4936811000001104,Moclobemide 300mg tablets,4936811000001104,AMP,0403020K0AAACAC
13000111000001109,Moclobemide 150mg/5ml oral suspension,13000111000001109,VMP,0403020K0AAADAD
12981511000001106,Moclobemide 150mg/5ml oral suspension,12981511000001106,AMP,0403020K0AAADAD
13000211000001103,Moclobemide 50mg/5ml oral suspension,13000211000001103,VMP,0403020K0AAAEAE
12982211000001101,Moclobemide 50mg/5ml oral suspension,12982211000001101,AMP,0403020K0AAAEAE
538111000001106,Manerix 150mg tablets,538111000001106,AMP,0403020K0BBAAAA
48311000001107,Manerix 300mg tablets,48311000001107,AMP,0403020K0BBABAC
42277211000001109,Phenelzine 15mg tablets,42277211000001109,VMP,0403020M0AAAAAA
45535311000001104,Phenelzine 15mg tablets,45535311000001104,AMP,0403020M0AAAAAA
37614011000001103,Phenelzine 15mg tablets,37614011000001103,AMP,0403020M0AAAAAA
38976911000001105,Phenelzine 15mg capsules,38976911000001105,VMP,0403020M0AAABAB
39000111000001109,Phenelzine 15mg capsules,39000111000001109,AMP,0403020M0AAABAB
38947211000001100,Phenelzine 15mg capsules,38947211000001100,AMP,0403020M0AAABAB
32511000001104,Nardil 15mg tablets,32511000001104,AMP,0403020M0BBAAAA
39708811000001101,Tranylcypromine 10mg tablets,39708811000001101,VMP,0403020Q0AAAAAA
300511000001109,Tranylcypromine 10mg tablets,300511000001109,AMP,0403020Q0AAAAAA
45691211000001105,Tranylcypromine 10mg tablets,45691211000001105,AMP,0403020Q0AAAAAA
845511000001108,Tranylcypromine 10mg tablets,845511000001108,AMP,0403020Q0AAAAAA
477311000001103,Tranylcypromine 10mg tablets,477311000001103,AMP,0403020Q0AAAAAA
45587211000001107,Tranylcypromine 10mg tablets,45587211000001107,AMP,0403020Q0AAAAAA
30105311000001105,Tranylcypromine 10mg tablets,30105311000001105,AMP,0403020Q0AAAAAA
41425211000001100,Tranylcypromine 10mg tablets,41425211000001100,AMP,0403020Q0AAAAAA
39916411000001107,Tranylcypromine 10mg tablets,39916411000001107,AMP,0403020Q0AAAAAA
40868011000001106,Tranylcypromine 10mg tablets,40868011000001106,AMP,0403020Q0AAAAAA
30991711000001107,Tranylcypromine 10mg tablets,30991711000001107,AMP,0403020Q0AAAAAA
42269411000001107,Citalopram 20mg tablets,42269411000001107,VMP,0403030D0AAAAAA
4011911000001102,Citalopram 20mg tablets,4011911000001102,AMP,0403030D0AAAAAA
18460911000001102,Citalopram 20mg tablets,18460911000001102,AMP,0403030D0AAAAAA
7394911000001108,Citalopram 20mg tablets,7394911000001108,AMP,0403030D0AAAAAA
4247811000001102,Citalopram 20mg tablets,4247811000001102,AMP,0403030D0AAAAAA
9785811000001109,Citalopram 20mg tablets,9785811000001109,AMP,0403030D0AAAAAA
41333711000001104,Citalopram 20mg tablets,41333711000001104,AMP,0403030D0AAAAAA
13764611000001109,Citalopram 20mg tablets,13764611000001109,AMP,0403030D0AAAAAA
10394411000001109,Citalopram 20mg tablets,10394411000001109,AMP,0403030D0AAAAAA
15989711000001100,Citalopram 20mg tablets,15989711000001100,AMP,0403030D0AAAAAA
42651011000001108,Citalopram 20mg tablets,42651011000001108,AMP,0403030D0AAAAAA
40699411000001103,Citalopram 20mg tablets,40699411000001103,AMP,0403030D0AAAAAA
19714611000001105,Citalopram 20mg tablets,19714611000001105,AMP,0403030D0AAAAAA
45673811000001104,Citalopram 20mg tablets,45673811000001104,AMP,0403030D0AAAAAA
9180011000001104,Citalopram 20mg tablets,9180011000001104,AMP,0403030D0AAAAAA
4012111000001105,Citalopram 20mg tablets,4012111000001105,AMP,0403030D0AAAAAA
37053111000001101,Citalopram 20mg tablets,37053111000001101,AMP,0403030D0AAAAAA
38836211000001107,Citalopram 20mg tablets,38836211000001107,AMP,0403030D0AAAAAA
36438611000001109,Citalopram 20mg tablets,36438611000001109,AMP,0403030D0AAAAAA
19188911000001102,Citalopram 20mg tablets,19188911000001102,AMP,0403030D0AAAAAA
10443511000001108,Citalopram 20mg tablets,10443511000001108,AMP,0403030D0AAAAAA
37505811000001104,Citalopram 20mg tablets,37505811000001104,AMP,0403030D0AAAAAA
9410811000001107,Citalopram 20mg tablets,9410811000001107,AMP,0403030D0AAAAAA
17859211000001107,Citalopram 20mg tablets,17859211000001107,AMP,0403030D0AAAAAA
28690711000001102,Citalopram 20mg tablets,28690711000001102,AMP,0403030D0AAAAAA
4012311000001107,Citalopram 20mg tablets,4012311000001107,AMP,0403030D0AAAAAA
15079511000001107,Citalopram 20mg tablets,15079511000001107,AMP,0403030D0AAAAAA
36755911000001104,Citalopram 20mg tablets,36755911000001104,AMP,0403030D0AAAAAA
7458011000001100,Citalopram 20mg tablets,7458011000001100,AMP,0403030D0AAAAAA
7396511000001107,Citalopram 20mg tablets,7396511000001107,AMP,0403030D0AAAAAA
13745211000001103,Citalopram 20mg tablets,13745211000001103,AMP,0403030D0AAAAAA
4817711000001107,Citalopram 20mg tablets,4817711000001107,AMP,0403030D0AAAAAA
21853911000001102,Citalopram 20mg tablets,21853911000001102,AMP,0403030D0AAAAAA
4468611000001106,Citalopram 20mg tablets,4468611000001106,AMP,0403030D0AAAAAA
42269311000001100,Citalopram 10mg tablets,42269311000001100,VMP,0403030D0AAABAB
4011011000001101,Citalopram 10mg tablets,4011011000001101,AMP,0403030D0AAABAB
18460711000001104,Citalopram 10mg tablets,18460711000001104,AMP,0403030D0AAABAB
7394711000001106,Citalopram 10mg tablets,7394711000001106,AMP,0403030D0AAABAB
4247611000001101,Citalopram 10mg tablets,4247611000001101,AMP,0403030D0AAABAB
9785611000001105,Citalopram 10mg tablets,9785611000001105,AMP,0403030D0AAABAB
41332811000001104,Citalopram 10mg tablets,41332811000001104,AMP,0403030D0AAABAB
10394011000001100,Citalopram 10mg tablets,10394011000001100,AMP,0403030D0AAABAB
15989511000001105,Citalopram 10mg tablets,15989511000001105,AMP,0403030D0AAABAB
42650811000001105,Citalopram 10mg tablets,42650811000001105,AMP,0403030D0AAABAB
40853311000001108,Citalopram 10mg tablets,40853311000001108,AMP,0403030D0AAABAB
19714411000001107,Citalopram 10mg tablets,19714411000001107,AMP,0403030D0AAABAB
45518111000001103,Citalopram 10mg tablets,45518111000001103,AMP,0403030D0AAABAB
9448211000001104,Citalopram 10mg tablets,9448211000001104,AMP,0403030D0AAABAB
4011411000001105,Citalopram 10mg tablets,4011411000001105,AMP,0403030D0AAABAB
37052811000001100,Citalopram 10mg tablets,37052811000001100,AMP,0403030D0AAABAB
38836011000001102,Citalopram 10mg tablets,38836011000001102,AMP,0403030D0AAABAB
36107611000001101,Citalopram 10mg tablets,36107611000001101,AMP,0403030D0AAABAB
19188711000001104,Citalopram 10mg tablets,19188711000001104,AMP,0403030D0AAABAB
10443011000001100,Citalopram 10mg tablets,10443011000001100,AMP,0403030D0AAABAB
37505611000001103,Citalopram 10mg tablets,37505611000001103,AMP,0403030D0AAABAB
9411011000001105,Citalopram 10mg tablets,9411011000001105,AMP,0403030D0AAABAB
17859011000001102,Citalopram 10mg tablets,17859011000001102,AMP,0403030D0AAABAB
28690311000001101,Citalopram 10mg tablets,28690311000001101,AMP,0403030D0AAABAB
4011711000001104,Citalopram 10mg tablets,4011711000001104,AMP,0403030D0AAABAB
15079211000001109,Citalopram 10mg tablets,15079211000001109,AMP,0403030D0AAABAB
36513711000001107,Citalopram 10mg tablets,36513711000001107,AMP,0403030D0AAABAB
7457811000001107,Citalopram 10mg tablets,7457811000001107,AMP,0403030D0AAABAB
7396211000001109,Citalopram 10mg tablets,7396211000001109,AMP,0403030D0AAABAB
13745011000001108,Citalopram 10mg tablets,13745011000001108,AMP,0403030D0AAABAB
4817511000001102,Citalopram 10mg tablets,4817511000001102,AMP,0403030D0AAABAB
21853711000001104,Citalopram 10mg tablets,21853711000001104,AMP,0403030D0AAABAB
4468311000001101,Citalopram 10mg tablets,4468311000001101,AMP,0403030D0AAABAB
42269511000001106,Citalopram 40mg tablets,42269511000001106,VMP,0403030D0AAACAC
4012511000001101,Citalopram 40mg tablets,4012511000001101,AMP,0403030D0AAACAC
18470111000001108,Citalopram 40mg tablets,18470111000001108,AMP,0403030D0AAACAC
7395111000001109,Citalopram 40mg tablets,7395111000001109,AMP,0403030D0AAACAC
4248011000001109,Citalopram 40mg tablets,4248011000001109,AMP,0403030D0AAACAC
9786311000001105,Citalopram 40mg tablets,9786311000001105,AMP,0403030D0AAACAC
41334011000001104,Citalopram 40mg tablets,41334011000001104,AMP,0403030D0AAACAC
13764811000001108,Citalopram 40mg tablets,13764811000001108,AMP,0403030D0AAACAC
10394811000001106,Citalopram 40mg tablets,10394811000001106,AMP,0403030D0AAACAC
15989911000001103,Citalopram 40mg tablets,15989911000001103,AMP,0403030D0AAACAC
42651211000001103,Citalopram 40mg tablets,42651211000001103,AMP,0403030D0AAACAC
40694611000001104,Citalopram 40mg tablets,40694611000001104,AMP,0403030D0AAACAC
19714811000001109,Citalopram 40mg tablets,19714811000001109,AMP,0403030D0AAACAC
45477211000001106,Citalopram 40mg tablets,45477211000001106,AMP,0403030D0AAACAC
9180211000001109,Citalopram 40mg tablets,9180211000001109,AMP,0403030D0AAACAC
4012711000001106,Citalopram 40mg tablets,4012711000001106,AMP,0403030D0AAACAC
38836411000001106,Citalopram 40mg tablets,38836411000001106,AMP,0403030D0AAACAC
36438811000001108,Citalopram 40mg tablets,36438811000001108,AMP,0403030D0AAACAC
19189311000001109,Citalopram 40mg tablets,19189311000001109,AMP,0403030D0AAACAC
10444011000001103,Citalopram 40mg tablets,10444011000001103,AMP,0403030D0AAACAC
37506011000001101,Citalopram 40mg tablets,37506011000001101,AMP,0403030D0AAACAC
9411411000001101,Citalopram 40mg tablets,9411411000001101,AMP,0403030D0AAACAC
17859411000001106,Citalopram 40mg tablets,17859411000001106,AMP,0403030D0AAACAC
28692211000001105,Citalopram 40mg tablets,28692211000001105,AMP,0403030D0AAACAC
4012911000001108,Citalopram 40mg tablets,4012911000001108,AMP,0403030D0AAACAC
15079911000001100,Citalopram 40mg tablets,15079911000001100,AMP,0403030D0AAACAC
36756111000001108,Citalopram 40mg tablets,36756111000001108,AMP,0403030D0AAACAC
7458311000001102,Citalopram 40mg tablets,7458311000001102,AMP,0403030D0AAACAC
7396711000001102,Citalopram 40mg tablets,7396711000001102,AMP,0403030D0AAACAC
13745411000001104,Citalopram 40mg tablets,13745411000001104,AMP,0403030D0AAACAC
4817911000001109,Citalopram 40mg tablets,4817911000001109,AMP,0403030D0AAACAC
21854111000001103,Citalopram 40mg tablets,21854111000001103,AMP,0403030D0AAACAC
4469011000001109,Citalopram 40mg tablets,4469011000001109,AMP,0403030D0AAACAC
12021111000001103,Citalopram 20mg/5ml oral suspension,12021111000001103,VMP,0403030D0AAADAD
11970711000001101,Citalopram 20mg/5ml oral suspension,11970711000001101,AMP,0403030D0AAADAD
12021011000001104,Citalopram 10mg/5ml oral suspension,12021011000001104,VMP,0403030D0AAAGAG
11970211000001108,Citalopram 10mg/5ml oral suspension,11970211000001108,AMP,0403030D0AAAGAG
45391911000001107,Citalopram 30mg tablets,45391911000001107,VMP,0403030D0AAAMAM
45395511000001102,Citalopram 30mg tablets,45395511000001102,AMP,0403030D0AAAMAM
45445711000001109,Citalopram 30mg tablets,45445711000001109,AMP,0403030D0AAAMAM
45166311000001108,Citalopram 30mg tablets,45166311000001108,AMP,0403030D0AAAMAM
847211000001102,Cipramil 20mg tablets,847211000001102,AMP,0403030D0BBAAAA
62511000001109,Cipramil 10mg tablets,62511000001109,AMP,0403030D0BBABAB
695611000001105,Cipramil 40mg tablets,695611000001105,AMP,0403030D0BBACAC
42271711000001106,Fluoxetine 20mg capsules,42271711000001106,VMP,0403030E0AAAAAA
723711000001104,Fluoxetine 20mg capsules,723711000001104,AMP,0403030E0AAAAAA
18461711000001107,Fluoxetine 20mg capsules,18461711000001107,AMP,0403030E0AAAAAA
335911000001100,Fluoxetine 20mg capsules,335911000001100,AMP,0403030E0AAAAAA
453911000001108,Fluoxetine 20mg capsules,453911000001108,AMP,0403030E0AAAAAA
9799811000001108,Fluoxetine 20mg capsules,9799811000001108,AMP,0403030E0AAAAAA
10408211000001105,Fluoxetine 20mg capsules,10408211000001105,AMP,0403030E0AAAAAA
23587411000001103,Fluoxetine 20mg capsules,23587411000001103,AMP,0403030E0AAAAAA
32489611000001107,Fluoxetine 20mg capsules,32489611000001107,AMP,0403030E0AAAAAA
23909011000001106,Fluoxetine 20mg capsules,23909011000001106,AMP,0403030E0AAAAAA
11018011000001101,Fluoxetine 20mg capsules,11018011000001101,AMP,0403030E0AAAAAA
18074311000001105,Fluoxetine 20mg capsules,18074311000001105,AMP,0403030E0AAAAAA
37593011000001107,Fluoxetine 20mg capsules,37593011000001107,AMP,0403030E0AAAAAA
33555411000001101,Fluoxetine 20mg capsules,33555411000001101,AMP,0403030E0AAAAAA
848111000001109,Fluoxetine 20mg capsules,848111000001109,AMP,0403030E0AAAAAA
258111000001102,Fluoxetine 20mg capsules,258111000001102,AMP,0403030E0AAAAAA
614811000001109,Fluoxetine 20mg capsules,614811000001109,AMP,0403030E0AAAAAA
42316911000001103,Fluoxetine 20mg capsules,42316911000001103,AMP,0403030E0AAAAAA
44982211000001109,Fluoxetine 20mg capsules,44982211000001109,AMP,0403030E0AAAAAA
30131811000001107,Fluoxetine 20mg capsules,30131811000001107,AMP,0403030E0AAAAAA
38917611000001109,Fluoxetine 20mg capsules,38917611000001109,AMP,0403030E0AAAAAA
32938411000001107,Fluoxetine 20mg capsules,32938411000001107,AMP,0403030E0AAAAAA
19193611000001100,Fluoxetine 20mg capsules,19193611000001100,AMP,0403030E0AAAAAA
24132411000001103,Fluoxetine 20mg capsules,24132411000001103,AMP,0403030E0AAAAAA
10444811000001109,Fluoxetine 20mg capsules,10444811000001109,AMP,0403030E0AAAAAA
40744511000001104,Fluoxetine 20mg capsules,40744511000001104,AMP,0403030E0AAAAAA
17909511000001108,Fluoxetine 20mg capsules,17909511000001108,AMP,0403030E0AAAAAA
40702511000001104,Fluoxetine 20mg capsules,40702511000001104,AMP,0403030E0AAAAAA
37091511000001101,Fluoxetine 20mg capsules,37091511000001101,AMP,0403030E0AAAAAA
527811000001100,Fluoxetine 20mg capsules,527811000001100,AMP,0403030E0AAAAAA
15209011000001100,Fluoxetine 20mg capsules,15209011000001100,AMP,0403030E0AAAAAA
18282511000001107,Fluoxetine 20mg capsules,18282511000001107,AMP,0403030E0AAAAAA
166911000001109,Fluoxetine 20mg capsules,166911000001109,AMP,0403030E0AAAAAA
756611000001101,Fluoxetine 20mg capsules,756611000001101,AMP,0403030E0AAAAAA
13751411000001100,Fluoxetine 20mg capsules,13751411000001100,AMP,0403030E0AAAAAA
252411000001105,Fluoxetine 20mg capsules,252411000001105,AMP,0403030E0AAAAAA
22014311000001108,Fluoxetine 20mg capsules,22014311000001108,AMP,0403030E0AAAAAA
12909311000001100,Fluoxetine 20mg capsules,12909311000001100,AMP,0403030E0AAAAAA
560111000001104,Fluoxetine 20mg capsules,560111000001104,AMP,0403030E0AAAAAA
42271811000001103,Fluoxetine 20mg/5ml oral solution,42271811000001103,VMP,0403030E0AAACAC
437511000001107,Fluoxetine 20mg/5ml oral solution,437511000001107,AMP,0403030E0AAACAC
476511000001107,Fluoxetine 20mg/5ml oral solution,476511000001107,AMP,0403030E0AAACAC
17970711000001104,Fluoxetine 20mg/5ml oral solution,17970711000001104,AMP,0403030E0AAACAC
23980211000001107,Fluoxetine 20mg/5ml oral solution,23980211000001107,AMP,0403030E0AAACAC
18073311000001108,Fluoxetine 20mg/5ml oral solution,18073311000001108,AMP,0403030E0AAACAC
10307911000001105,Fluoxetine 20mg/5ml oral solution,10307911000001105,AMP,0403030E0AAACAC
4576111000001104,Fluoxetine 20mg/5ml oral solution,4576111000001104,AMP,0403030E0AAACAC
321711000001101,Fluoxetine 20mg/5ml oral solution,321711000001101,AMP,0403030E0AAACAC
30810711000001106,Fluoxetine 20mg/5ml oral solution,30810711000001106,AMP,0403030E0AAACAC
38918211000001106,Fluoxetine 20mg/5ml oral solution,38918211000001106,AMP,0403030E0AAACAC
18108111000001103,Fluoxetine 20mg/5ml oral solution,18108111000001103,AMP,0403030E0AAACAC
13621511000001108,Fluoxetine 20mg/5ml oral solution,13621511000001108,AMP,0403030E0AAACAC
43129411000001106,Fluoxetine 20mg/5ml oral solution,43129411000001106,AMP,0403030E0AAACAC
4331011000001108,Fluoxetine 20mg/5ml oral solution,4331011000001108,AMP,0403030E0AAACAC
29866111000001106,Fluoxetine 20mg/5ml oral solution,29866111000001106,AMP,0403030E0AAACAC
41528711000001105,Fluoxetine 20mg/5ml oral solution,41528711000001105,AMP,0403030E0AAACAC
41446111000001103,Fluoxetine 20mg/5ml oral solution,41446111000001103,AMP,0403030E0AAACAC
263811000001105,Fluoxetine 20mg/5ml oral solution,263811000001105,AMP,0403030E0AAACAC
9480011000001103,Fluoxetine 20mg/5ml oral solution,9480011000001103,AMP,0403030E0AAACAC
22014711000001107,Fluoxetine 20mg/5ml oral solution,22014711000001107,AMP,0403030E0AAACAC
42272011000001101,Fluoxetine 60mg capsules,42272011000001101,VMP,0403030E0AAAEAE
9530611000001107,Fluoxetine 60mg capsules,9530611000001107,AMP,0403030E0AAAEAE
17219811000001108,Fluoxetine 60mg capsules,17219811000001108,AMP,0403030E0AAAEAE
29922611000001103,Fluoxetine 60mg capsules,29922611000001103,AMP,0403030E0AAAEAE
4572511000001107,Fluoxetine 60mg capsules,4572511000001107,AMP,0403030E0AAAEAE
19818411000001100,Fluoxetine 60mg capsules,19818411000001100,AMP,0403030E0AAAEAE
23587611000001100,Fluoxetine 60mg capsules,23587611000001100,AMP,0403030E0AAAEAE
42635511000001103,Fluoxetine 60mg capsules,42635511000001103,AMP,0403030E0AAAEAE
23980011000001102,Fluoxetine 60mg capsules,23980011000001102,AMP,0403030E0AAAEAE
18475711000001104,Fluoxetine 60mg capsules,18475711000001104,AMP,0403030E0AAAEAE
42163711000001102,Fluoxetine 60mg capsules,42163711000001102,AMP,0403030E0AAAEAE
7764411000001102,Fluoxetine 60mg capsules,7764411000001102,AMP,0403030E0AAAEAE
42325511000001106,Fluoxetine 60mg capsules,42325511000001106,AMP,0403030E0AAAEAE
30132011000001109,Fluoxetine 60mg capsules,30132011000001109,AMP,0403030E0AAAEAE
38918011000001101,Fluoxetine 60mg capsules,38918011000001101,AMP,0403030E0AAAEAE
32938211000001108,Fluoxetine 60mg capsules,32938211000001108,AMP,0403030E0AAAEAE
35162011000001107,Fluoxetine 60mg capsules,35162011000001107,AMP,0403030E0AAAEAE
17909711000001103,Fluoxetine 60mg capsules,17909711000001103,AMP,0403030E0AAAEAE
44157111000001109,Fluoxetine 60mg capsules,44157111000001109,AMP,0403030E0AAAEAE
15088111000001101,Fluoxetine 60mg capsules,15088111000001101,AMP,0403030E0AAAEAE
14956411000001101,Fluoxetine 60mg capsules,14956411000001101,AMP,0403030E0AAAEAE
3962111000001101,Fluoxetine 60mg capsules,3962111000001101,AMP,0403030E0AAAEAE
22014511000001102,Fluoxetine 60mg capsules,22014511000001102,AMP,0403030E0AAAEAE
8516511000001104,Fluoxetine 2.5mg/5ml oral solution,8516511000001104,VMP,0403030E0AAAGAG
8516611000001100,Fluoxetine 2.5mg/5ml oral suspension,8516611000001100,VMP,0403030E0AAAGAG
8483611000001103,Fluoxetine 2.5mg/5ml oral solution,8483611000001103,AMP,0403030E0AAAGAG
8484111000001108,Fluoxetine 2.5mg/5ml oral suspension,8484111000001108,AMP,0403030E0AAAGAG
11590211000001106,Fluoxetine 20mg/5ml oral solution sugar free,11590211000001106,VMP,0403030E0AAAHAH
34036311000001104,Fluoxetine 20mg/5ml oral solution sugar free,34036311000001104,AMP,0403030E0AAAHAH
18802911000001109,Fluoxetine 20mg/5ml oral solution sugar free,18802911000001109,AMP,0403030E0AAAHAH
42812111000001102,Fluoxetine 20mg/5ml oral solution sugar free,42812111000001102,AMP,0403030E0AAAHAH
41148211000001109,Fluoxetine 20mg/5ml oral solution sugar free,41148211000001109,AMP,0403030E0AAAHAH
32332211000001102,Fluoxetine 20mg/5ml oral solution sugar free,32332211000001102,AMP,0403030E0AAAHAH
37384511000001104,Fluoxetine 20mg/5ml oral solution sugar free,37384511000001104,AMP,0403030E0AAAHAH
26055211000001106,Fluoxetine 20mg/5ml oral solution sugar free,26055211000001106,AMP,0403030E0AAAHAH
31406111000001105,Fluoxetine 20mg/5ml oral solution sugar free,31406111000001105,AMP,0403030E0AAAHAH
38918411000001105,Fluoxetine 20mg/5ml oral solution sugar free,38918411000001105,AMP,0403030E0AAAHAH
24227311000001107,Fluoxetine 20mg/5ml oral solution sugar free,24227311000001107,AMP,0403030E0AAAHAH
15880011000001100,Fluoxetine 2mg/5ml oral solution,15880011000001100,VMP,0403030E0AAAIAI
15880111000001104,Fluoxetine 2mg/5ml oral suspension,15880111000001104,VMP,0403030E0AAAIAI
15862311000001100,Fluoxetine 2mg/5ml oral solution,15862311000001100,AMP,0403030E0AAAIAI
15863111000001108,Fluoxetine 2mg/5ml oral suspension,15863111000001108,AMP,0403030E0AAAIAI
24407811000001108,Fluoxetine 20mg dispersible tablets sugar free,24407811000001108,VMP,0403030E0AAAKAK
42271511000001101,Fluoxetine 10mg capsules,42271511000001101,VMP,0403030E0AAALAL
33424811000001109,Fluoxetine 10mg capsules,33424811000001109,AMP,0403030E0AAALAL
35850211000001104,Fluoxetine 10mg capsules,35850211000001104,AMP,0403030E0AAALAL
32907711000001107,Fluoxetine 10mg capsules,32907711000001107,AMP,0403030E0AAALAL
42874411000001109,Fluoxetine 10mg capsules,42874411000001109,AMP,0403030E0AAALAL
37381911000001108,Fluoxetine 10mg capsules,37381911000001108,AMP,0403030E0AAALAL
42159911000001107,Fluoxetine 10mg capsules,42159911000001107,AMP,0403030E0AAALAL
42316311000001104,Fluoxetine 10mg capsules,42316311000001104,AMP,0403030E0AAALAL
37069211000001101,Fluoxetine 10mg capsules,37069211000001101,AMP,0403030E0AAALAL
38916811000001106,Fluoxetine 10mg capsules,38916811000001106,AMP,0403030E0AAALAL
32745811000001106,Fluoxetine 10mg capsules,32745811000001106,AMP,0403030E0AAALAL
35989211000001105,Fluoxetine 10mg capsules,35989211000001105,AMP,0403030E0AAALAL
44156711000001107,Fluoxetine 10mg capsules,44156711000001107,AMP,0403030E0AAALAL
42122411000001109,Fluoxetine 10mg capsules,42122411000001109,AMP,0403030E0AAALAL
32960811000001102,Fluoxetine 30mg capsules,32960811000001102,VMP,0403030E0AAAMAM
33425011000001104,Fluoxetine 30mg capsules,33425011000001104,AMP,0403030E0AAAMAM
33427811000001100,Fluoxetine 30mg capsules,33427811000001100,AMP,0403030E0AAAMAM
42874911000001101,Fluoxetine 30mg capsules,42874911000001101,AMP,0403030E0AAAMAM
37384011000001107,Fluoxetine 30mg capsules,37384011000001107,AMP,0403030E0AAAMAM
42162511000001100,Fluoxetine 30mg capsules,42162511000001100,AMP,0403030E0AAAMAM
38962311000001100,Fluoxetine 30mg capsules,38962311000001100,AMP,0403030E0AAAMAM
42324711000001100,Fluoxetine 30mg capsules,42324711000001100,AMP,0403030E0AAAMAM
37077011000001105,Fluoxetine 30mg capsules,37077011000001105,AMP,0403030E0AAAMAM
38917811000001108,Fluoxetine 30mg capsules,38917811000001108,AMP,0403030E0AAAMAM
32938711000001101,Fluoxetine 30mg capsules,32938711000001101,AMP,0403030E0AAAMAM
44156911000001109,Fluoxetine 30mg capsules,44156911000001109,AMP,0403030E0AAAMAM
42271911000001108,Fluoxetine 40mg capsules,42271911000001108,VMP,0403030E0AAANAN
33425211000001109,Fluoxetine 40mg capsules,33425211000001109,AMP,0403030E0AAANAN
33428011000001107,Fluoxetine 40mg capsules,33428011000001107,AMP,0403030E0AAANAN
42605611000001105,Fluoxetine 40mg capsules,42605611000001105,AMP,0403030E0AAANAN
37384211000001102,Fluoxetine 40mg capsules,37384211000001102,AMP,0403030E0AAANAN
42163411000001108,Fluoxetine 40mg capsules,42163411000001108,AMP,0403030E0AAANAN
38962811000001109,Fluoxetine 40mg capsules,38962811000001109,AMP,0403030E0AAANAN
42594611000001104,Fluoxetine 40mg capsules,42594611000001104,AMP,0403030E0AAANAN
37077611000001103,Fluoxetine 40mg capsules,37077611000001103,AMP,0403030E0AAANAN
40327111000001104,Fluoxetine 40mg capsules,40327111000001104,AMP,0403030E0AAANAN
32939011000001108,Fluoxetine 40mg capsules,32939011000001108,AMP,0403030E0AAANAN
38996511000001109,Fluoxetine 40mg capsules,38996511000001109,AMP,0403030E0AAANAN
42271611000001102,Fluoxetine 10mg tablets,42271611000001102,VMP,0403030E0AAAPAP
34894211000001108,Fluoxetine 10mg tablets,34894211000001108,AMP,0403030E0AAAPAP
34905711000001108,Fluoxetine 10mg tablets,34905711000001108,AMP,0403030E0AAAPAP
37384811000001101,Fluoxetine 10mg tablets,37384811000001101,AMP,0403030E0AAAPAP
34732311000001100,Fluoxetine 10mg tablets,34732311000001100,AMP,0403030E0AAAPAP
38962111000001102,Fluoxetine 10mg tablets,38962111000001102,AMP,0403030E0AAAPAP
38917011000001102,Fluoxetine 10mg tablets,38917011000001102,AMP,0403030E0AAAPAP
42759811000001105,Fluoxetine 10mg tablets,42759811000001105,AMP,0403030E0AAAPAP
16676011000001103,Fluoxetine 10mg tablets,16676011000001103,AMP,0403030E0AAAPAP
36002911000001103,Fluoxetine 10mg/5ml oral suspension,36002911000001103,VMP,0403030E0AAAQAQ
35989511000001108,Fluoxetine 10mg/5ml oral suspension,35989511000001108,AMP,0403030E0AAAQAQ
41535111000001102,Fluoxetine 20mg/5ml oral suspension,41535111000001102,VMP,0403030E0AAARAR
41528511000001100,Fluoxetine 20mg/5ml oral suspension,41528511000001100,AMP,0403030E0AAARAR
573011000001101,Prozac 20mg capsules,573011000001101,AMP,0403030E0BBAAAA
695811000001109,Prozac 20mg/5ml liquid,695811000001109,AMP,0403030E0BBABAC
142311000001103,Prozac 60mg capsules,142311000001103,AMP,0403030E0BBACAE
456311000001103,Felicium 20mg capsules,456311000001103,AMP,0403030E0BCAAAA
689411000001109,Oxactin 20mg capsules,689411000001109,AMP,0403030E0BDAAAA
683911000001104,Ranflutin 20mg capsules,683911000001104,AMP,0403030E0BEAAAA
10065611000001109,Prozit 20mg/5ml oral solution,10065611000001109,AMP,0403030E0BFAAAC
11581211000001101,Prozep 20mg/5ml oral solution,11581211000001101,AMP,0403030E0BGAAAH
24397511000001101,Olena 20mg dispersible tablets,24397511000001101,AMP,0403030E0BHAAAK
42272511000001109,Fluvoxamine 50mg tablets,42272511000001109,VMP,0403030L0AAAAAA
895911000001106,Fluvoxamine 50mg tablets,895911000001106,AMP,0403030L0AAAAAA
530911000001107,Fluvoxamine 50mg tablets,530911000001107,AMP,0403030L0AAAAAA
634411000001101,Fluvoxamine 50mg tablets,634411000001101,AMP,0403030L0AAAAAA
10408611000001107,Fluvoxamine 50mg tablets,10408611000001107,AMP,0403030L0AAAAAA
23981211000001101,Fluvoxamine 50mg tablets,23981211000001101,AMP,0403030L0AAAAAA
156311000001102,Fluvoxamine 50mg tablets,156311000001102,AMP,0403030L0AAAAAA
410311000001105,Fluvoxamine 50mg tablets,410311000001105,AMP,0403030L0AAAAAA
30133111000001104,Fluvoxamine 50mg tablets,30133111000001104,AMP,0403030L0AAAAAA
38923811000001108,Fluvoxamine 50mg tablets,38923811000001108,AMP,0403030L0AAAAAA
15055011000001104,Fluvoxamine 50mg tablets,15055011000001104,AMP,0403030L0AAAAAA
242611000001105,Fluvoxamine 50mg tablets,242611000001105,AMP,0403030L0AAAAAA
13751611000001102,Fluvoxamine 50mg tablets,13751611000001102,AMP,0403030L0AAAAAA
22015711000001106,Fluvoxamine 50mg tablets,22015711000001106,AMP,0403030L0AAAAAA
154211000001100,Fluvoxamine 50mg tablets,154211000001100,AMP,0403030L0AAAAAA
42272411000001105,Fluvoxamine 100mg tablets,42272411000001105,VMP,0403030L0AAABAB
544211000001105,Fluvoxamine 100mg tablets,544211000001105,AMP,0403030L0AAABAB
767511000001108,Fluvoxamine 100mg tablets,767511000001108,AMP,0403030L0AAABAB
658411000001109,Fluvoxamine 100mg tablets,658411000001109,AMP,0403030L0AAABAB
10408911000001101,Fluvoxamine 100mg tablets,10408911000001101,AMP,0403030L0AAABAB
23981011000001106,Fluvoxamine 100mg tablets,23981011000001106,AMP,0403030L0AAABAB
630711000001101,Fluvoxamine 100mg tablets,630711000001101,AMP,0403030L0AAABAB
813511000001102,Fluvoxamine 100mg tablets,813511000001102,AMP,0403030L0AAABAB
30133311000001102,Fluvoxamine 100mg tablets,30133311000001102,AMP,0403030L0AAABAB
38923611000001109,Fluvoxamine 100mg tablets,38923611000001109,AMP,0403030L0AAABAB
15054811000001109,Fluvoxamine 100mg tablets,15054811000001109,AMP,0403030L0AAABAB
387511000001107,Fluvoxamine 100mg tablets,387511000001107,AMP,0403030L0AAABAB
26778111000001105,Fluvoxamine 100mg tablets,26778111000001105,AMP,0403030L0AAABAB
22015911000001108,Fluvoxamine 100mg tablets,22015911000001108,AMP,0403030L0AAABAB
529111000001101,Fluvoxamine 100mg tablets,529111000001101,AMP,0403030L0AAABAB
8517111000001106,Fluvoxamine 50mg/5ml oral suspension,8517111000001106,VMP,0403030L0AAAEAE
8483011000001105,Fluvoxamine 50mg/5ml oral suspension,8483011000001105,AMP,0403030L0AAAEAE
542511000001103,Faverin 50mg tablets,542511000001103,AMP,0403030L0BBAAAA
595611000001101,Faverin 100mg tablets,595611000001101,AMP,0403030L0BBABAB
42276511000001105,Paroxetine 20mg tablets,42276511000001105,VMP,0403030P0AAAAAA
570611000001104,Paroxetine 20mg tablets,570611000001104,AMP,0403030P0AAAAAA
4116911000001101,Paroxetine 20mg tablets,4116911000001101,AMP,0403030P0AAAAAA
115611000001107,Paroxetine 20mg tablets,115611000001107,AMP,0403030P0AAAAAA
11427211000001106,Paroxetine 20mg tablets,11427211000001106,AMP,0403030P0AAAAAA
13767011000001105,Paroxetine 20mg tablets,13767011000001105,AMP,0403030P0AAAAAA
34346311000001101,Paroxetine 20mg tablets,34346311000001101,AMP,0403030P0AAAAAA
30074311000001105,Paroxetine 20mg tablets,30074311000001105,AMP,0403030P0AAAAAA
40266911000001102,Paroxetine 20mg tablets,40266911000001102,AMP,0403030P0AAAAAA
9034711000001106,Paroxetine 20mg tablets,9034711000001106,AMP,0403030P0AAAAAA
31211000001109,Paroxetine 20mg tablets,31211000001109,AMP,0403030P0AAAAAA
485211000001109,Paroxetine 20mg tablets,485211000001109,AMP,0403030P0AAAAAA
39176411000001103,Paroxetine 20mg tablets,39176411000001103,AMP,0403030P0AAAAAA
21410111000001106,Paroxetine 20mg tablets,21410111000001106,AMP,0403030P0AAAAAA
19195811000001102,Paroxetine 20mg tablets,19195811000001102,AMP,0403030P0AAAAAA
9729511000001102,Paroxetine 20mg tablets,9729511000001102,AMP,0403030P0AAAAAA
16696911000001107,Paroxetine 20mg tablets,16696911000001107,AMP,0403030P0AAAAAA
17953511000001100,Paroxetine 20mg tablets,17953511000001100,AMP,0403030P0AAAAAA
41161011000001104,Paroxetine 20mg tablets,41161011000001104,AMP,0403030P0AAAAAA
7489711000001103,Paroxetine 20mg tablets,7489711000001103,AMP,0403030P0AAAAAA
15154911000001107,Paroxetine 20mg tablets,15154911000001107,AMP,0403030P0AAAAAA
7836711000001105,Paroxetine 20mg tablets,7836711000001105,AMP,0403030P0AAAAAA
13722411000001109,Paroxetine 20mg tablets,13722411000001109,AMP,0403030P0AAAAAA
7941011000001105,Paroxetine 20mg tablets,7941011000001105,AMP,0403030P0AAAAAA
35861411000001100,Paroxetine 20mg tablets,35861411000001100,AMP,0403030P0AAAAAA
21811000001107,Paroxetine 20mg tablets,21811000001107,AMP,0403030P0AAAAAA
21841411000001109,Paroxetine 20mg tablets,21841411000001109,AMP,0403030P0AAAAAA
42276611000001109,Paroxetine 30mg tablets,42276611000001109,VMP,0403030P0AAABAB
7384811000001104,Paroxetine 30mg tablets,7384811000001104,AMP,0403030P0AAABAB
6330111000001108,Paroxetine 30mg tablets,6330111000001108,AMP,0403030P0AAABAB
7332211000001102,Paroxetine 30mg tablets,7332211000001102,AMP,0403030P0AAABAB
11427011000001101,Paroxetine 30mg tablets,11427011000001101,AMP,0403030P0AAABAB
13767211000001100,Paroxetine 30mg tablets,13767211000001100,AMP,0403030P0AAABAB
36005511000001104,Paroxetine 30mg tablets,36005511000001104,AMP,0403030P0AAABAB
30074511000001104,Paroxetine 30mg tablets,30074511000001104,AMP,0403030P0AAABAB
40330311000001100,Paroxetine 30mg tablets,40330311000001100,AMP,0403030P0AAABAB
7476911000001103,Paroxetine 30mg tablets,7476911000001103,AMP,0403030P0AAABAB
39176611000001100,Paroxetine 30mg tablets,39176611000001100,AMP,0403030P0AAABAB
21410311000001108,Paroxetine 30mg tablets,21410311000001108,AMP,0403030P0AAABAB
19196111000001103,Paroxetine 30mg tablets,19196111000001103,AMP,0403030P0AAABAB
9729711000001107,Paroxetine 30mg tablets,9729711000001107,AMP,0403030P0AAABAB
16696711000001105,Paroxetine 30mg tablets,16696711000001105,AMP,0403030P0AAABAB
17953711000001105,Paroxetine 30mg tablets,17953711000001105,AMP,0403030P0AAABAB
41161211000001109,Paroxetine 30mg tablets,41161211000001109,AMP,0403030P0AAABAB
11533011000001102,Paroxetine 30mg tablets,11533011000001102,AMP,0403030P0AAABAB
15154711000001105,Paroxetine 30mg tablets,15154711000001105,AMP,0403030P0AAABAB
9526211000001105,Paroxetine 30mg tablets,9526211000001105,AMP,0403030P0AAABAB
8112711000001103,Paroxetine 30mg tablets,8112711000001103,AMP,0403030P0AAABAB
21842211000001103,Paroxetine 30mg tablets,21842211000001103,AMP,0403030P0AAABAB
7837611000001104,Paroxetine 30mg tablets,7837611000001104,AMP,0403030P0AAABAB
13004611000001108,Paroxetine 20mg/5ml oral solution,13004611000001108,VMP,0403030P0AAADAD
13004711000001104,Paroxetine 20mg/5ml oral suspension,13004711000001104,VMP,0403030P0AAADAD
12983911000001103,Paroxetine 20mg/5ml oral solution,12983911000001103,AMP,0403030P0AAADAD
12983611000001109,Paroxetine 20mg/5ml oral suspension,12983611000001109,AMP,0403030P0AAADAD
13004811000001107,Paroxetine 30mg/5ml oral solution,13004811000001107,VMP,0403030P0AAAEAE
13004911000001102,Paroxetine 30mg/5ml oral suspension,13004911000001102,VMP,0403030P0AAAEAE
12985011000001101,Paroxetine 30mg/5ml oral solution,12985011000001101,AMP,0403030P0AAAEAE
12984411000001109,Paroxetine 30mg/5ml oral suspension,12984411000001109,AMP,0403030P0AAAEAE
13004411000001105,Paroxetine 10mg/5ml oral solution,13004411000001105,VMP,0403030P0AAAFAF
13004511000001109,Paroxetine 10mg/5ml oral suspension,13004511000001109,VMP,0403030P0AAAFAF
12983011000001102,Paroxetine 10mg/5ml oral solution,12983011000001102,AMP,0403030P0AAAFAF
12982111000001107,Paroxetine 10mg/5ml oral suspension,12982111000001107,AMP,0403030P0AAAFAF
36565911000001109,Paroxetine 10mg/5ml oral suspension sugar free,36565911000001109,VMP,0403030P0AAAGAG
39701911000001102,Paroxetine 10mg tablets,39701911000001102,VMP,0403030P0AAAKAK
21548411000001103,Paroxetine 10mg tablets,21548411000001103,AMP,0403030P0AAAKAK
21541611000001108,Paroxetine 10mg tablets,21541611000001108,AMP,0403030P0AAAKAK
22247311000001102,Paroxetine 10mg tablets,22247311000001102,AMP,0403030P0AAAKAK
35429511000001104,Paroxetine 10mg tablets,35429511000001104,AMP,0403030P0AAAKAK
30074111000001108,Paroxetine 10mg tablets,30074111000001108,AMP,0403030P0AAAKAK
42332311000001109,Paroxetine 10mg tablets,42332311000001109,AMP,0403030P0AAAKAK
30855811000001101,Paroxetine 10mg tablets,30855811000001101,AMP,0403030P0AAAKAK
39176211000001102,Paroxetine 10mg tablets,39176211000001102,AMP,0403030P0AAAKAK
35851411000001109,Paroxetine 10mg tablets,35851411000001109,AMP,0403030P0AAAKAK
33471411000001106,Paroxetine 10mg tablets,33471411000001106,AMP,0403030P0AAAKAK
41536511000001104,Paroxetine 10mg tablets,41536511000001104,AMP,0403030P0AAAKAK
29982911000001101,Paroxetine 10mg tablets,29982911000001101,AMP,0403030P0AAAKAK
33387311000001107,Paroxetine 10mg tablets,33387311000001107,AMP,0403030P0AAAKAK
34581311000001101,Paroxetine 10mg tablets,34581311000001101,AMP,0403030P0AAAKAK
42276711000001100,Paroxetine 40mg tablets,42276711000001100,VMP,0403030P0AAALAL
35031511000001106,Paroxetine 40mg tablets,35031511000001106,AMP,0403030P0AAALAL
41523911000001102,Paroxetine 40mg tablets,41523911000001102,AMP,0403030P0AAALAL
34575911000001105,Paroxetine 40mg tablets,34575911000001105,AMP,0403030P0AAALAL
33181811000001102,Paroxetine 40mg tablets,33181811000001102,AMP,0403030P0AAALAL
37772211000001101,Paroxetine 40mg tablets,37772211000001101,AMP,0403030P0AAALAL
37125911000001107,Paroxetine 40mg tablets,37125911000001107,AMP,0403030P0AAALAL
39325411000001100,Paroxetine 40mg tablets,39325411000001100,AMP,0403030P0AAALAL
33470811000001100,Paroxetine 40mg tablets,33470811000001100,AMP,0403030P0AAALAL
33563711000001101,Paroxetine 40mg tablets,33563711000001101,AMP,0403030P0AAALAL
477511000001109,Seroxat 20mg tablets,477511000001109,AMP,0403030P0BBAAAA
738111000001107,Seroxat 30mg tablets,738111000001107,AMP,0403030P0BBABAB
16811000001109,Seroxat 20mg/10ml liquid,16811000001109,AMP,0403030P0BBACAG
11270611000001109,Seroxat 10mg tablets,11270611000001109,AMP,0403030P0BBADAK
39704111000001102,Sertraline 50mg tablets,39704111000001102,VMP,0403030Q0AAAAAA
9751311000001105,Sertraline 50mg tablets,9751311000001105,AMP,0403030Q0AAAAAA
20169711000001108,Sertraline 50mg tablets,20169711000001108,AMP,0403030Q0AAAAAA
9744911000001106,Sertraline 50mg tablets,9744911000001106,AMP,0403030Q0AAAAAA
9840111000001101,Sertraline 50mg tablets,9840111000001101,AMP,0403030Q0AAAAAA
11408711000001107,Sertraline 50mg tablets,11408711000001107,AMP,0403030Q0AAAAAA
41340011000001105,Sertraline 50mg tablets,41340011000001105,AMP,0403030Q0AAAAAA
13770511000001106,Sertraline 50mg tablets,13770511000001106,AMP,0403030Q0AAAAAA
10437511000001104,Sertraline 50mg tablets,10437511000001104,AMP,0403030Q0AAAAAA
16066211000001106,Sertraline 50mg tablets,16066211000001106,AMP,0403030Q0AAAAAA
14130111000001105,Sertraline 50mg tablets,14130111000001105,AMP,0403030Q0AAAAAA
28988111000001103,Sertraline 50mg tablets,28988111000001103,AMP,0403030Q0AAAAAA
30095811000001109,Sertraline 50mg tablets,30095811000001109,AMP,0403030Q0AAAAAA
11011711000001109,Sertraline 50mg tablets,11011711000001109,AMP,0403030Q0AAAAAA
40092311000001105,Sertraline 50mg tablets,40092311000001105,AMP,0403030Q0AAAAAA
10296311000001103,Sertraline 50mg tablets,10296311000001103,AMP,0403030Q0AAAAAA
33654711000001102,Sertraline 50mg tablets,33654711000001102,AMP,0403030Q0AAAAAA
41082711000001101,Sertraline 50mg tablets,41082711000001101,AMP,0403030Q0AAAAAA
9841411000001102,Sertraline 50mg tablets,9841411000001102,AMP,0403030Q0AAAAAA
9764711000001103,Sertraline 50mg tablets,9764711000001103,AMP,0403030Q0AAAAAA
42333911000001103,Sertraline 50mg tablets,42333911000001103,AMP,0403030Q0AAAAAA
27700611000001108,Sertraline 50mg tablets,27700611000001108,AMP,0403030Q0AAAAAA
37139311000001105,Sertraline 50mg tablets,37139311000001105,AMP,0403030Q0AAAAAA
39242911000001106,Sertraline 50mg tablets,39242911000001106,AMP,0403030Q0AAAAAA
19734711000001107,Sertraline 50mg tablets,19734711000001107,AMP,0403030Q0AAAAAA
19197011000001101,Sertraline 50mg tablets,19197011000001101,AMP,0403030Q0AAAAAA
10442311000001107,Sertraline 50mg tablets,10442311000001107,AMP,0403030Q0AAAAAA
39623611000001106,Sertraline 50mg tablets,39623611000001106,AMP,0403030Q0AAAAAA
36699611000001107,Sertraline 50mg tablets,36699611000001107,AMP,0403030Q0AAAAAA
9738411000001106,Sertraline 50mg tablets,9738411000001106,AMP,0403030Q0AAAAAA
17928011000001100,Sertraline 50mg tablets,17928011000001100,AMP,0403030Q0AAAAAA
10295311000001108,Sertraline 50mg tablets,10295311000001108,AMP,0403030Q0AAAAAA
36619311000001103,Sertraline 50mg tablets,36619311000001103,AMP,0403030Q0AAAAAA
9774711000001105,Sertraline 50mg tablets,9774711000001105,AMP,0403030Q0AAAAAA
15187911000001107,Sertraline 50mg tablets,15187911000001107,AMP,0403030Q0AAAAAA
10567211000001102,Sertraline 50mg tablets,10567211000001102,AMP,0403030Q0AAAAAA
9746011000001102,Sertraline 50mg tablets,9746011000001102,AMP,0403030Q0AAAAAA
13762511000001100,Sertraline 50mg tablets,13762511000001100,AMP,0403030Q0AAAAAA
9842711000001101,Sertraline 50mg tablets,9842711000001101,AMP,0403030Q0AAAAAA
21896011000001101,Sertraline 50mg tablets,21896011000001101,AMP,0403030Q0AAAAAA
9779311000001107,Sertraline 50mg tablets,9779311000001107,AMP,0403030Q0AAAAAA
9751711000001109,Sertraline 50mg tablets,9751711000001109,AMP,0403030Q0AAAAAA
39704011000001103,Sertraline 100mg tablets,39704011000001103,VMP,0403030Q0AAABAB
9751511000001104,Sertraline 100mg tablets,9751511000001104,AMP,0403030Q0AAABAB
20169911000001105,Sertraline 100mg tablets,20169911000001105,AMP,0403030Q0AAABAB
9745111000001107,Sertraline 100mg tablets,9745111000001107,AMP,0403030Q0AAABAB
9840311000001104,Sertraline 100mg tablets,9840311000001104,AMP,0403030Q0AAABAB
11409011000001100,Sertraline 100mg tablets,11409011000001100,AMP,0403030Q0AAABAB
41340211000001100,Sertraline 100mg tablets,41340211000001100,AMP,0403030Q0AAABAB
13770311000001100,Sertraline 100mg tablets,13770311000001100,AMP,0403030Q0AAABAB
10438111000001109,Sertraline 100mg tablets,10438111000001109,AMP,0403030Q0AAABAB
16066511000001109,Sertraline 100mg tablets,16066511000001109,AMP,0403030Q0AAABAB
14130511000001101,Sertraline 100mg tablets,14130511000001101,AMP,0403030Q0AAABAB
28988311000001101,Sertraline 100mg tablets,28988311000001101,AMP,0403030Q0AAABAB
30096011000001107,Sertraline 100mg tablets,30096011000001107,AMP,0403030Q0AAABAB
11011511000001104,Sertraline 100mg tablets,11011511000001104,AMP,0403030Q0AAABAB
40092511000001104,Sertraline 100mg tablets,40092511000001104,AMP,0403030Q0AAABAB
10296111000001100,Sertraline 100mg tablets,10296111000001100,AMP,0403030Q0AAABAB
33654511000001107,Sertraline 100mg tablets,33654511000001107,AMP,0403030Q0AAABAB
41083411000001103,Sertraline 100mg tablets,41083411000001103,AMP,0403030Q0AAABAB
9841611000001104,Sertraline 100mg tablets,9841611000001104,AMP,0403030Q0AAABAB
9764911000001101,Sertraline 100mg tablets,9764911000001101,AMP,0403030Q0AAABAB
42334511000001108,Sertraline 100mg tablets,42334511000001108,AMP,0403030Q0AAABAB
27701711000001107,Sertraline 100mg tablets,27701711000001107,AMP,0403030Q0AAABAB
37139711000001109,Sertraline 100mg tablets,37139711000001109,AMP,0403030Q0AAABAB
39242711000001109,Sertraline 100mg tablets,39242711000001109,AMP,0403030Q0AAABAB
19734911000001109,Sertraline 100mg tablets,19734911000001109,AMP,0403030Q0AAABAB
19197211000001106,Sertraline 100mg tablets,19197211000001106,AMP,0403030Q0AAABAB
10442611000001102,Sertraline 100mg tablets,10442611000001102,AMP,0403030Q0AAABAB
39623411000001108,Sertraline 100mg tablets,39623411000001108,AMP,0403030Q0AAABAB
36699811000001106,Sertraline 100mg tablets,36699811000001106,AMP,0403030Q0AAABAB
9738611000001109,Sertraline 100mg tablets,9738611000001109,AMP,0403030Q0AAABAB
17928211000001105,Sertraline 100mg tablets,17928211000001105,AMP,0403030Q0AAABAB
10294911000001105,Sertraline 100mg tablets,10294911000001105,AMP,0403030Q0AAABAB
36619111000001100,Sertraline 100mg tablets,36619111000001100,AMP,0403030Q0AAABAB
9775011000001107,Sertraline 100mg tablets,9775011000001107,AMP,0403030Q0AAABAB
15211411000001106,Sertraline 100mg tablets,15211411000001106,AMP,0403030Q0AAABAB
10567411000001103,Sertraline 100mg tablets,10567411000001103,AMP,0403030Q0AAABAB
9746211000001107,Sertraline 100mg tablets,9746211000001107,AMP,0403030Q0AAABAB
13762711000001105,Sertraline 100mg tablets,13762711000001105,AMP,0403030Q0AAABAB
9842911000001104,Sertraline 100mg tablets,9842911000001104,AMP,0403030Q0AAABAB
21896311000001103,Sertraline 100mg tablets,21896311000001103,AMP,0403030Q0AAABAB
9781211000001105,Sertraline 100mg tablets,9781211000001105,AMP,0403030Q0AAABAB
9751911000001106,Sertraline 100mg tablets,9751911000001106,AMP,0403030Q0AAABAB
13045611000001104,Sertraline 12.5mg/5ml oral suspension,13045611000001104,VMP,0403030Q0AAAIAI
13030011000001104,Sertraline 12.5mg/5ml oral suspension,13030011000001104,AMP,0403030Q0AAAIAI
13045711000001108,Sertraline 150mg/5ml oral suspension,13045711000001108,VMP,0403030Q0AAAKAK
13030411000001108,Sertraline 150mg/5ml oral suspension,13030411000001108,AMP,0403030Q0AAAKAK
13045811000001100,Sertraline 20mg/5ml oral suspension,13045811000001100,VMP,0403030Q0AAANAN
13030711000001102,Sertraline 20mg/5ml oral suspension,13030711000001102,AMP,0403030Q0AAANAN
8721811000001102,Sertraline 10mg/5ml oral suspension,8721811000001102,VMP,0403030Q0AAAPAP
8696411000001107,Sertraline 10mg/5ml oral suspension,8696411000001107,AMP,0403030Q0AAAPAP
8721911000001107,Sertraline 50mg/5ml oral suspension,8721911000001107,VMP,0403030Q0AAAQAQ
8696711000001101,Sertraline 50mg/5ml oral suspension,8696711000001101,AMP,0403030Q0AAAQAQ
8721711000001105,Sertraline 100mg/5ml oral suspension,8721711000001105,VMP,0403030Q0AAARAR
8696111000001102,Sertraline 100mg/5ml oral suspension,8696111000001102,AMP,0403030Q0AAARAR
32750711000001105,Sertraline 15mg/5ml oral suspension,32750711000001105,VMP,0403030Q0AAASAS
32727211000001100,Sertraline 15mg/5ml oral suspension,32727211000001100,AMP,0403030Q0AAASAS
34684211000001100,Sertraline 5mg/5ml oral suspension,34684211000001100,VMP,0403030Q0AAATAT
34673611000001108,Sertraline 5mg/5ml oral suspension,34673611000001108,AMP,0403030Q0AAATAT
35575611000001108,Sertraline 75mg/5ml oral suspension,35575611000001108,VMP,0403030Q0AAAUAU
35547611000001102,Sertraline 75mg/5ml oral suspension,35547611000001102,AMP,0403030Q0AAAUAU
36003611000001104,Sertraline 50mg/5ml oral solution,36003611000001104,VMP,0403030Q0AAAVAV
35993411000001108,Sertraline 50mg/5ml oral solution,35993411000001108,AMP,0403030Q0AAAVAV
36003511000001103,Sertraline 25mg/5ml oral solution,36003511000001103,VMP,0403030Q0AAAWAW
35993811000001105,Sertraline 25mg/5ml oral solution,35993811000001105,AMP,0403030Q0AAAWAW
13045911000001105,Sertraline 25mg/5ml oral suspension,13045911000001105,VMP,0403030Q0AAAXAX
13031011000001108,Sertraline 25mg/5ml oral suspension,13031011000001108,AMP,0403030Q0AAAXAX
36905311000001101,Sertraline 12.5mg tablets,36905311000001101,VMP,0403030Q0AAAYAY
36874911000001103,Sertraline 12.5mg tablets,36874911000001103,AMP,0403030Q0AAAYAY
39134011000001104,Sertraline 25mg tablets,39134011000001104,VMP,0403030Q0AAAZAZ
39365011000001102,Sertraline 25mg tablets,39365011000001102,AMP,0403030Q0AAAZAZ
39365811000001108,Sertraline 25mg tablets,39365811000001108,AMP,0403030Q0AAAZAZ
41339811000001109,Sertraline 25mg tablets,41339811000001109,AMP,0403030Q0AAAZAZ
46011211000001101,Sertraline 25mg tablets,46011211000001101,AMP,0403030Q0AAAZAZ
40371911000001108,Sertraline 25mg tablets,40371911000001108,AMP,0403030Q0AAAZAZ
45155611000001102,Sertraline 25mg tablets,45155611000001102,AMP,0403030Q0AAAZAZ
45813411000001101,Sertraline 25mg tablets,45813411000001101,AMP,0403030Q0AAAZAZ
39894211000001107,Sertraline 25mg tablets,39894211000001107,AMP,0403030Q0AAAZAZ
39101011000001106,Sertraline 25mg tablets,39101011000001106,AMP,0403030Q0AAAZAZ
41166911000001105,Sertraline 150mg tablets,41166911000001105,VMP,0403030Q0AABABA
41448711000001103,Sertraline 150mg tablets,41448711000001103,AMP,0403030Q0AABABA
41411211000001109,Sertraline 150mg tablets,41411211000001109,AMP,0403030Q0AABABA
46011411000001102,Sertraline 150mg tablets,46011411000001102,AMP,0403030Q0AABABA
45631011000001107,Sertraline 150mg tablets,45631011000001107,AMP,0403030Q0AABABA
41071611000001108,Sertraline 150mg tablets,41071611000001108,AMP,0403030Q0AABABA
41167011000001109,Sertraline 200mg tablets,41167011000001109,VMP,0403030Q0AABBBB
41448511000001108,Sertraline 200mg tablets,41448511000001108,AMP,0403030Q0AABBBB
41411411000001108,Sertraline 200mg tablets,41411411000001108,AMP,0403030Q0AABBBB
46011711000001108,Sertraline 200mg tablets,46011711000001108,AMP,0403030Q0AABBBB
41077311000001109,Sertraline 200mg tablets,41077311000001109,AMP,0403030Q0AABBBB
41557011000001106,Sertraline 100mg/5ml concentrate for oral solution sugar free,41557011000001106,VMP,0403030Q0AABCBC
41938011000001101,Sertraline 100mg/5ml concentrate for oral solution sugar free,41938011000001101,AMP,0403030Q0AABCBC
44311111000001102,Sertraline 100mg/5ml concentrate for oral solution sugar free,44311111000001102,AMP,0403030Q0AABCBC
41549011000001100,Sertraline 100mg/5ml concentrate for oral solution sugar free,41549011000001100,AMP,0403030Q0AABCBC
43159711000001104,Sertraline 50mg/5ml oral suspension sugar free,43159711000001104,VMP,0403030Q0AABDBD
43164011000001107,Sertraline 50mg/5ml oral suspension sugar free,43164011000001107,AMP,0403030Q0AABDBD
43538111000001101,Sertraline 50mg/5ml oral suspension sugar free,43538111000001101,AMP,0403030Q0AABDBD
43034411000001104,Sertraline 50mg/5ml oral suspension sugar free,43034411000001104,AMP,0403030Q0AABDBD
936411000001108,Lustral 50mg tablets,936411000001108,AMP,0403030Q0BBAAAA
687611000001102,Lustral 100mg tablets,687611000001102,AMP,0403030Q0BBABAB
40746711000001100,Contulen 50mg tablets,40746711000001100,AMP,0403030Q0BCAAAA
40746911000001103,Contulen 100mg tablets,40746911000001103,AMP,0403030Q0BCABAB
42271211000001104,Escitalopram 10mg tablets,42271211000001104,VMP,0403030X0AAAAAA
24620411000001102,Escitalopram 10mg tablets,24620411000001102,AMP,0403030X0AAAAAA
34934011000001102,Escitalopram 10mg tablets,34934011000001102,AMP,0403030X0AAAAAA
24604411000001103,Escitalopram 10mg tablets,24604411000001103,AMP,0403030X0AAAAAA
24600211000001105,Escitalopram 10mg tablets,24600211000001105,AMP,0403030X0AAAAAA
45999611000001107,Escitalopram 10mg tablets,45999611000001107,AMP,0403030X0AAAAAA
41578311000001107,Escitalopram 10mg tablets,41578311000001107,AMP,0403030X0AAAAAA
32496611000001100,Escitalopram 10mg tablets,32496611000001100,AMP,0403030X0AAAAAA
40698611000001109,Escitalopram 10mg tablets,40698611000001109,AMP,0403030X0AAAAAA
30054011000001109,Escitalopram 10mg tablets,30054011000001109,AMP,0403030X0AAAAAA
41426211000001106,Escitalopram 10mg tablets,41426211000001106,AMP,0403030X0AAAAAA
43809011000001101,Escitalopram 10mg tablets,43809011000001101,AMP,0403030X0AAAAAA
32406211000001100,Escitalopram 10mg tablets,32406211000001100,AMP,0403030X0AAAAAA
35923211000001101,Escitalopram 10mg tablets,35923211000001101,AMP,0403030X0AAAAAA
29671611000001109,Escitalopram 10mg tablets,29671611000001109,AMP,0403030X0AAAAAA
30126011000001105,Escitalopram 10mg tablets,30126011000001105,AMP,0403030X0AAAAAA
38890611000001104,Escitalopram 10mg tablets,38890611000001104,AMP,0403030X0AAAAAA
35160211000001103,Escitalopram 10mg tablets,35160211000001103,AMP,0403030X0AAAAAA
29856811000001106,Escitalopram 10mg tablets,29856811000001106,AMP,0403030X0AAAAAA
24599011000001102,Escitalopram 10mg tablets,24599011000001102,AMP,0403030X0AAAAAA
36829911000001101,Escitalopram 10mg tablets,36829911000001101,AMP,0403030X0AAAAAA
33594411000001108,Escitalopram 10mg tablets,33594411000001108,AMP,0403030X0AAAAAA
42271311000001107,Escitalopram 20mg tablets,42271311000001107,VMP,0403030X0AAABAB
24620611000001104,Escitalopram 20mg tablets,24620611000001104,AMP,0403030X0AAABAB
34933811000001105,Escitalopram 20mg tablets,34933811000001105,AMP,0403030X0AAABAB
24604611000001100,Escitalopram 20mg tablets,24604611000001100,AMP,0403030X0AAABAB
24601911000001108,Escitalopram 20mg tablets,24601911000001108,AMP,0403030X0AAABAB
45999811000001106,Escitalopram 20mg tablets,45999811000001106,AMP,0403030X0AAABAB
41578511000001101,Escitalopram 20mg tablets,41578511000001101,AMP,0403030X0AAABAB
32489411000001109,Escitalopram 20mg tablets,32489411000001109,AMP,0403030X0AAABAB
40698211000001107,Escitalopram 20mg tablets,40698211000001107,AMP,0403030X0AAABAB
30054211000001104,Escitalopram 20mg tablets,30054211000001104,AMP,0403030X0AAABAB
41426411000001105,Escitalopram 20mg tablets,41426411000001105,AMP,0403030X0AAABAB
43809711000001104,Escitalopram 20mg tablets,43809711000001104,AMP,0403030X0AAABAB
35923411000001102,Escitalopram 20mg tablets,35923411000001102,AMP,0403030X0AAABAB
29671811000001108,Escitalopram 20mg tablets,29671811000001108,AMP,0403030X0AAABAB
30126211000001100,Escitalopram 20mg tablets,30126211000001100,AMP,0403030X0AAABAB
38890811000001100,Escitalopram 20mg tablets,38890811000001100,AMP,0403030X0AAABAB
35160411000001104,Escitalopram 20mg tablets,35160411000001104,AMP,0403030X0AAABAB
29857011000001102,Escitalopram 20mg tablets,29857011000001102,AMP,0403030X0AAABAB
24599211000001107,Escitalopram 20mg tablets,24599211000001107,AMP,0403030X0AAABAB
36830111000001107,Escitalopram 20mg tablets,36830111000001107,AMP,0403030X0AAABAB
33594211000001109,Escitalopram 20mg tablets,33594211000001109,AMP,0403030X0AAABAB
42271411000001100,Escitalopram 5mg tablets,42271411000001100,VMP,0403030X0AAACAC
24620211000001101,Escitalopram 5mg tablets,24620211000001101,AMP,0403030X0AAACAC
34934411000001106,Escitalopram 5mg tablets,34934411000001106,AMP,0403030X0AAACAC
24604211000001102,Escitalopram 5mg tablets,24604211000001102,AMP,0403030X0AAACAC
24600011000001100,Escitalopram 5mg tablets,24600011000001100,AMP,0403030X0AAACAC
45998811000001104,Escitalopram 5mg tablets,45998811000001104,AMP,0403030X0AAACAC
41578711000001106,Escitalopram 5mg tablets,41578711000001106,AMP,0403030X0AAACAC
42205311000001103,Escitalopram 5mg tablets,42205311000001103,AMP,0403030X0AAACAC
40694311000001109,Escitalopram 5mg tablets,40694311000001109,AMP,0403030X0AAACAC
30053811000001101,Escitalopram 5mg tablets,30053811000001101,AMP,0403030X0AAACAC
41426011000001101,Escitalopram 5mg tablets,41426011000001101,AMP,0403030X0AAACAC
43808611000001104,Escitalopram 5mg tablets,43808611000001104,AMP,0403030X0AAACAC
35923011000001106,Escitalopram 5mg tablets,35923011000001106,AMP,0403030X0AAACAC
29671411000001106,Escitalopram 5mg tablets,29671411000001106,AMP,0403030X0AAACAC
30122211000001101,Escitalopram 5mg tablets,30122211000001101,AMP,0403030X0AAACAC
38891011000001102,Escitalopram 5mg tablets,38891011000001102,AMP,0403030X0AAACAC
29857211000001107,Escitalopram 5mg tablets,29857211000001107,AMP,0403030X0AAACAC
24598811000001101,Escitalopram 5mg tablets,24598811000001101,AMP,0403030X0AAACAC
36829711000001103,Escitalopram 5mg tablets,36829711000001103,AMP,0403030X0AAACAC
33595111000001104,Escitalopram 5mg tablets,33595111000001104,AMP,0403030X0AAACAC
25557111000001108,Escitalopram 5mg tablets,25557111000001108,AMP,0403030X0AAACAC
10364811000001108,Escitalopram 10mg/ml oral drops sugar free,10364811000001108,VMP,0403030X0AAADAD
15499311000001103,Escitalopram 20mg/ml oral drops sugar free,15499311000001103,VMP,0403030X0AAAFAF
45160511000001104,Escitalopram 5mg orodispersible tablets sugar free,45160511000001104,VMP,0403030X0AAAGAG
45160411000001103,Escitalopram 10mg orodispersible tablets sugar free,45160411000001103,VMP,0403030X0AAAHAH
45283611000001108,Escitalopram 15mg orodispersible tablets sugar free,45283611000001108,VMP,0403030X0AAAIAI
45283711000001104,Escitalopram 20mg orodispersible tablets sugar free,45283711000001104,VMP,0403030X0AAAJAJ
45929711000001105,Escitalopram 15mg tablets,45929711000001105,VMP,0403030X0AAAKAK
46086711000001104,Escitalopram 15mg tablets,46086711000001104,AMP,0403030X0AAAKAK
45796911000001101,Escitalopram 15mg tablets,45796911000001101,AMP,0403030X0AAAKAK
3388511000001100,Cipralex 10mg tablets,3388511000001100,AMP,0403030X0BBAAAA
4942511000001102,Cipralex 20mg tablets,4942511000001102,AMP,0403030X0BBABAB
7331811000001105,Cipralex 5mg tablets,7331811000001105,AMP,0403030X0BBACAC
10364011000001102,Cipralex 10mg/ml oral drops,10364011000001102,AMP,0403030X0BBADAD
15453311000001105,Cipralex 20mg/ml oral drops,15453311000001105,AMP,0403030X0BBAEAF
45088811000001105,Enalto 5mg orodispersible tablets,45088811000001105,AMP,0403030X0BCAAAG
45088411000001108,Enalto 10mg orodispersible tablets,45088411000001108,AMP,0403030X0BCABAH
45161511000001106,Enalto 15mg orodispersible tablets,45161511000001106,AMP,0403030X0BCACAI
45162311000001109,Enalto 20mg orodispersible tablets,45162311000001109,AMP,0403030X0BCADAJ
42269611000001105,Citalopram 40mg/ml oral drops sugar free,42269611000001105,VMP,0403030Z0AAAAAA
15262111000001107,Citalopram 40mg/ml oral drops sugar free,15262111000001107,AMP,0403030Z0AAAAAA
16741611000001107,Citalopram 40mg/ml oral drops sugar free,16741611000001107,AMP,0403030Z0AAAAAA
17664211000001106,Citalopram 40mg/ml oral drops sugar free,17664211000001106,AMP,0403030Z0AAAAAA
15247311000001101,Citalopram 40mg/ml oral drops sugar free,15247311000001101,AMP,0403030Z0AAAAAA
17964911000001101,Citalopram 40mg/ml oral drops sugar free,17964911000001101,AMP,0403030Z0AAAAAA
30137211000001101,Citalopram 40mg/ml oral drops sugar free,30137211000001101,AMP,0403030Z0AAAAAA
38836611000001109,Citalopram 40mg/ml oral drops sugar free,38836611000001109,AMP,0403030Z0AAAAAA
18100511000001109,Citalopram 40mg/ml oral drops sugar free,18100511000001109,AMP,0403030Z0AAAAAA
16421711000001105,Citalopram 40mg/ml oral drops sugar free,16421711000001105,AMP,0403030Z0AAAAAA
29788911000001108,Citalopram 40mg/ml oral drops sugar free,29788911000001108,AMP,0403030Z0AAAAAA
42146011000001104,Citalopram 40mg/ml oral drops sugar free,42146011000001104,AMP,0403030Z0AAAAAA
37591611000001104,Citalopram 40mg/ml oral drops sugar free,37591611000001104,AMP,0403030Z0AAAAAA
15067911000001101,Citalopram 40mg/ml oral drops sugar free,15067911000001101,AMP,0403030Z0AAAAAA
21853511000001109,Citalopram 40mg/ml oral drops sugar free,21853511000001109,AMP,0403030Z0AAAAAA
1211000001102,Cipramil 40mg/ml drops,1211000001102,AMP,0403030Z0BBAAAA
27810211000001106,Milnacipran 50mg capsules,27810211000001106,VMP,040304000AAABAB
27730511000001102,Milnacipran 50mg capsules,27730511000001102,AMP,040304000AAABAB
29669811000001102,Levomilnacipran 40mg modified-release capsules,29669811000001102,VMP,0403040AAAAAAAA
29669911000001107,Levomilnacipran 80mg modified-release capsules,29669911000001107,VMP,0403040AAAAABAB
29508111000001105,Fetzima 40mg modified-release capsules,29508111000001105,AMP,0403040AABBAAAA
29508811000001103,Fetzima 80mg modified-release capsules,29508811000001103,AMP,0403040AABBABAB
30738811000001109,Vortioxetine 5mg tablets,30738811000001109,VMP,0403040ABAAAAAA
30738611000001105,Vortioxetine 10mg tablets,30738611000001105,VMP,0403040ABAAABAB
30738711000001101,Vortioxetine 20mg tablets,30738711000001101,VMP,0403040ABAAACAC
30247511000001100,Brintellix 5mg tablets,30247511000001100,AMP,0403040ABBBAAAA
30248111000001105,Brintellix 10mg tablets,30248111000001105,AMP,0403040ABBBABAB
30247811000001102,Brintellix 20mg tablets,30247811000001102,AMP,0403040ABBBACAC
39692511000001105,Flupentixol 500microgram tablets,39692511000001105,VMP,0403040F0AAAAAA
39692311000001104,Flupentixol 1mg tablets,39692311000001104,VMP,0403040F0AAABAB
8516811000001101,Flupentixol 500micrograms/5ml oral solution,8516811000001101,VMP,0403040F0AAAFAF
8517011000001105,Flupentixol 500micrograms/5ml oral suspension,8517011000001105,VMP,0403040F0AAAFAF
8484611000001100,Flupentixol 500micrograms/5ml oral solution,8484611000001100,AMP,0403040F0AAAFAF
8486411000001106,Flupentixol 500micrograms/5ml oral suspension,8486411000001106,AMP,0403040F0AAAFAF
12031311000001104,Flupentixol 1mg/5ml oral solution,12031311000001104,VMP,0403040F0AAAGAG
11979811000001100,Flupentixol 1mg/5ml oral solution,11979811000001100,AMP,0403040F0AAAGAG
507511000001106,Fluanxol 500microgram tablets,507511000001106,AMP,0403040F0BBAAAA
843011000001101,Fluanxol 1mg tablets,843011000001101,AMP,0403040F0BBABAB
21367411000001108,Oxitriptan 50mg capsules,21367411000001108,VMP,0403040R0AAAFAF
21335311000001104,Oxitriptan 50mg capsules,21335311000001104,AMP,0403040R0AAAFAF
26581411000001103,Oxitriptan 100mg tablets,26581411000001103,VMP,0403040R0AAAJAJ
19533411000001100,Oxitriptan 50mg modified-release tablets,19533411000001100,VMP,0403040R0AAAKAK
21335111000001101,Tript-OH 50mg capsules,21335111000001101,AMP,0403040R0BBABAF
26581811000001101,Lamberts 5-HTP 100mg tablets,26581811000001101,AMP,0403040R0BDAAAJ
19529811000001104,HealthAid 5-HTP HydroxyTryptoPhan 50mg tablets,19529811000001104,AMP,0403040R0BEAAAK
41989911000001101,Tryptophan 500mg tablets,41989911000001101,VMP,0403040S0AAABAB
13573711000001106,Tryptophan 50mg capsules,13573711000001106,VMP,0403040S0AAAGAG
13572311000001102,Tryptophan 50mg capsules,13572311000001102,AMP,0403040S0AAAGAG
21781311000001109,Tryptophan 500mg capsules,21781311000001109,VMP,0403040S0AAAIAI
3708811000001102,Optimax 500mg tablets,3708811000001102,AMP,0403040S0BBAAAB
21757111000001105,Optimax 500mg capsules,21757111000001105,AMP,0403040S0BBADAI
41966611000001102,Optimax 500mg capsules,41966611000001102,AMP,0403040S0BBAEAI
42275111000001107,Nefazodone 100mg tablets,42275111000001107,VMP,0403040T0AAAAAA
11480511000001101,Nefazodone 100mg tablets,11480511000001101,AMP,0403040T0AAAAAA
42275211000001101,Nefazodone 200mg tablets,42275211000001101,VMP,0403040T0AAABAB
11485411000001107,Nefazodone 200mg tablets,11485411000001107,AMP,0403040T0AAABAB
36061911000001105,Generic Dutonin tablets treatment initiation pack,36061911000001105,VMP,0403040T0AAACAC
864911000001105,Dutonin 100mg tablets,864911000001105,AMP,0403040T0BBAAAA
666211000001104,Dutonin 200mg tablets,666211000001104,AMP,0403040T0BBABAB
3937311000001108,Dutonin tablets treatment initiation pack,3937311000001108,AMP,0403040T0BBACAC
39703311000001102,Reboxetine 4mg tablets,39703311000001102,VMP,0403040U0AAAAAA
42163111000001103,Reboxetine 4mg tablets,42163111000001103,AMP,0403040U0AAAAAA
576711000001106,Edronax 4mg tablets,576711000001106,AMP,0403040U0BBAAAA
39707611000001104,Venlafaxine 37.5mg tablets,39707611000001104,VMP,0403040W0AAAAAA
14969011000001106,Venlafaxine 37.5mg tablets,14969011000001106,AMP,0403040W0AAAAAA
14958511000001101,Venlafaxine 37.5mg tablets,14958511000001101,AMP,0403040W0AAAAAA
18866011000001108,Venlafaxine 37.5mg tablets,18866011000001108,AMP,0403040W0AAAAAA
34956211000001103,Venlafaxine 37.5mg tablets,34956211000001103,AMP,0403040W0AAAAAA
21039711000001104,Venlafaxine 37.5mg tablets,21039711000001104,AMP,0403040W0AAAAAA
30110011000001103,Venlafaxine 37.5mg tablets,30110011000001103,AMP,0403040W0AAAAAA
37927511000001107,Venlafaxine 37.5mg tablets,37927511000001107,AMP,0403040W0AAAAAA
15021111000001101,Venlafaxine 37.5mg tablets,15021111000001101,AMP,0403040W0AAAAAA
37271611000001100,Venlafaxine 37.5mg tablets,37271611000001100,AMP,0403040W0AAAAAA
39920811000001104,Venlafaxine 37.5mg tablets,39920811000001104,AMP,0403040W0AAAAAA
17875911000001102,Venlafaxine 37.5mg tablets,17875911000001102,AMP,0403040W0AAAAAA
16215911000001104,Venlafaxine 37.5mg tablets,16215911000001104,AMP,0403040W0AAAAAA
14958711000001106,Venlafaxine 37.5mg tablets,14958711000001106,AMP,0403040W0AAAAAA
36838011000001108,Venlafaxine 37.5mg tablets,36838011000001108,AMP,0403040W0AAAAAA
21910411000001103,Venlafaxine 37.5mg tablets,21910411000001103,AMP,0403040W0AAAAAA
14957511000001100,Venlafaxine 37.5mg tablets,14957511000001100,AMP,0403040W0AAAAAA
39707411000001102,Venlafaxine 75mg tablets,39707411000001102,VMP,0403040W0AAABAB
14969411000001102,Venlafaxine 75mg tablets,14969411000001102,AMP,0403040W0AAABAB
14958911000001108,Venlafaxine 75mg tablets,14958911000001108,AMP,0403040W0AAABAB
18866211000001103,Venlafaxine 75mg tablets,18866211000001103,AMP,0403040W0AAABAB
34956411000001104,Venlafaxine 75mg tablets,34956411000001104,AMP,0403040W0AAABAB
21040011000001108,Venlafaxine 75mg tablets,21040011000001108,AMP,0403040W0AAABAB
30110211000001108,Venlafaxine 75mg tablets,30110211000001108,AMP,0403040W0AAABAB
37927711000001102,Venlafaxine 75mg tablets,37927711000001102,AMP,0403040W0AAABAB
15022311000001108,Venlafaxine 75mg tablets,15022311000001108,AMP,0403040W0AAABAB
37271811000001101,Venlafaxine 75mg tablets,37271811000001101,AMP,0403040W0AAABAB
39920411000001101,Venlafaxine 75mg tablets,39920411000001101,AMP,0403040W0AAABAB
17876111000001106,Venlafaxine 75mg tablets,17876111000001106,AMP,0403040W0AAABAB
16216211000001102,Venlafaxine 75mg tablets,16216211000001102,AMP,0403040W0AAABAB
14959111000001103,Venlafaxine 75mg tablets,14959111000001103,AMP,0403040W0AAABAB
36838211000001103,Venlafaxine 75mg tablets,36838211000001103,AMP,0403040W0AAABAB
21910711000001109,Venlafaxine 75mg tablets,21910711000001109,AMP,0403040W0AAABAB
14958011000001109,Venlafaxine 75mg tablets,14958011000001109,AMP,0403040W0AAABAB
39707311000001109,Venlafaxine 50mg tablets,39707311000001109,VMP,0403040W0AAACAC
38750311000001104,Venlafaxine 75mg modified-release capsules,38750311000001104,VMP,0403040W0AAADAD
42171811000001101,Venlafaxine 75mg modified-release capsules,42171811000001101,AMP,0403040W0AAADAD
15022711000001107,Venlafaxine 75mg modified-release capsules,15022711000001107,AMP,0403040W0AAADAD
41541211000001109,Venlafaxine 75mg modified-release capsules,41541211000001109,AMP,0403040W0AAADAD
39382511000001101,Venlafaxine 75mg modified-release capsules,39382511000001101,AMP,0403040W0AAADAD
15156411000001107,Venlafaxine 75mg modified-release capsules,15156411000001107,AMP,0403040W0AAADAD
38750411000001106,Venlafaxine 150mg modified-release capsules,38750411000001106,VMP,0403040W0AAAEAE
45546111000001106,Venlafaxine 150mg modified-release capsules,45546111000001106,AMP,0403040W0AAAEAE
15023111000001100,Venlafaxine 150mg modified-release capsules,15023111000001100,AMP,0403040W0AAAEAE
41541011000001104,Venlafaxine 150mg modified-release capsules,41541011000001104,AMP,0403040W0AAAEAE
39382711000001106,Venlafaxine 150mg modified-release capsules,39382711000001106,AMP,0403040W0AAAEAE
15157211000001105,Venlafaxine 150mg modified-release capsules,15157211000001105,AMP,0403040W0AAAEAE
15535911000001101,Venlafaxine 150mg oral powder sachets,15535911000001101,VMP,0403040W0AAAHAH
15531611000001109,Venlafaxine 150mg oral powder sachets,15531611000001109,AMP,0403040W0AAAHAH
14017811000001104,Venlafaxine 150mg/5ml oral solution,14017811000001104,VMP,0403040W0AAAIAI
13467111000001100,Venlafaxine 150mg/5ml oral suspension,13467111000001100,VMP,0403040W0AAAIAI
13995311000001106,Venlafaxine 150mg/5ml oral solution,13995311000001106,AMP,0403040W0AAAIAI
13461911000001105,Venlafaxine 150mg/5ml oral suspension,13461911000001105,AMP,0403040W0AAAIAI
14985011000001107,Venlafaxine 75mg modified-release tablets,14985011000001107,VMP,0403040W0AAAJAJ
45755411000001108,Venlafaxine 75mg modified-release tablets,45755411000001108,AMP,0403040W0AAAJAJ
41330711000001108,Venlafaxine 75mg modified-release tablets,41330711000001108,AMP,0403040W0AAAJAJ
45413411000001106,Venlafaxine 75mg modified-release tablets,45413411000001106,AMP,0403040W0AAAJAJ
14984911000001107,Venlafaxine 150mg modified-release tablets,14984911000001107,VMP,0403040W0AAAKAK
40820611000001106,Venlafaxine 150mg modified-release tablets,40820611000001106,AMP,0403040W0AAAKAK
38598211000001102,Venlafaxine 150mg modified-release tablets,38598211000001102,AMP,0403040W0AAAKAK
41468011000001106,Venlafaxine 150mg modified-release tablets,41468011000001106,AMP,0403040W0AAAKAK
45413611000001109,Venlafaxine 150mg modified-release tablets,45413611000001109,AMP,0403040W0AAAKAK
15439111000001107,Venlafaxine 225mg modified-release tablets,15439111000001107,VMP,0403040W0AAALAL
43565711000001104,Venlafaxine 225mg modified-release tablets,43565711000001104,AMP,0403040W0AAALAL
41482711000001107,Venlafaxine 225mg modified-release tablets,41482711000001107,AMP,0403040W0AAALAL
18765111000001101,Venlafaxine 37.5mg modified-release tablets,18765111000001101,VMP,0403040W0AAAMAM
43567911000001107,Venlafaxine 37.5mg modified-release tablets,43567911000001107,AMP,0403040W0AAAMAM
41576211000001100,Venlafaxine 37.5mg modified-release tablets,41576211000001100,AMP,0403040W0AAAMAM
41467111000001106,Venlafaxine 37.5mg modified-release tablets,41467111000001106,AMP,0403040W0AAAMAM
14017911000001109,Venlafaxine 37.5mg/5ml oral solution,14017911000001109,VMP,0403040W0AAANAN
13995611000001101,Venlafaxine 37.5mg/5ml oral solution,13995611000001101,AMP,0403040W0AAANAN
8722711000001103,Venlafaxine 37.5mg/5ml oral suspension,8722711000001103,VMP,0403040W0AAAPAP
8714511000001109,Venlafaxine 37.5mg/5ml oral suspension,8714511000001109,AMP,0403040W0AAAPAP
14018011000001106,Venlafaxine 75mg/5ml oral solution,14018011000001106,VMP,0403040W0AAAQAQ
13986111000001104,Venlafaxine 75mg/5ml oral solution,13986111000001104,AMP,0403040W0AAAQAQ
14018111000001107,Venlafaxine 75mg/5ml oral suspension,14018111000001107,VMP,0403040W0AAARAR
13986411000001109,Venlafaxine 75mg/5ml oral suspension,13986411000001109,AMP,0403040W0AAARAR
23560511000001101,Venlafaxine 37.5mg modified-release capsules,23560511000001101,VMP,0403040W0AAASAS
43557011000001102,Venlafaxine 37.5mg modified-release capsules,43557011000001102,AMP,0403040W0AAASAS
42811211000001101,Venlafaxine 37.5mg modified-release capsules,42811211000001101,AMP,0403040W0AAASAS
42171611000001100,Venlafaxine 37.5mg modified-release capsules,42171611000001100,AMP,0403040W0AAASAS
42411111000001104,Venlafaxine 37.5mg modified-release capsules,42411111000001104,AMP,0403040W0AAASAS
31016011000001103,Venlafaxine 225mg modified-release capsules,31016011000001103,VMP,0403040W0AAATAT
37272011000001104,Venlafaxine 225mg modified-release capsules,37272011000001104,AMP,0403040W0AAATAT
38922911000001105,Venlafaxine 225mg modified-release capsules,38922911000001105,AMP,0403040W0AAATAT
35013811000001104,Venlafaxine 225mg modified-release capsules,35013811000001104,AMP,0403040W0AAATAT
35576211000001100,Venlafaxine 225mg/5ml oral suspension,35576211000001100,VMP,0403040W0AAAUAU
35549011000001100,Venlafaxine 225mg/5ml oral suspension,35549011000001100,AMP,0403040W0AAAUAU
38003311000001102,Venlafaxine 300mg modified-release tablets,38003311000001102,VMP,0403040W0AAAVAV
43568411000001100,Venlafaxine 300mg modified-release tablets,43568411000001100,AMP,0403040W0AAAVAV
42166011000001107,Venlafaxine 300mg modified-release tablets,42166011000001107,AMP,0403040W0AAAVAV
41298211000001100,Venlafaxine 300mg modified-release tablets,41298211000001100,AMP,0403040W0AAAVAV
40111011000001106,Venlafaxine 37.5mg/5ml oral solution sugar free,40111011000001106,VMP,0403040W0AAAWAW
40197511000001105,Venlafaxine 37.5mg/5ml oral solution sugar free,40197511000001105,AMP,0403040W0AAAWAW
39960011000001100,Venlafaxine 37.5mg/5ml oral solution sugar free,39960011000001100,AMP,0403040W0AAAWAW
40111111000001107,Venlafaxine 75mg/5ml oral solution sugar free,40111111000001107,VMP,0403040W0AAAXAX
40197711000001100,Venlafaxine 75mg/5ml oral solution sugar free,40197711000001100,AMP,0403040W0AAAXAX
39960311000001102,Venlafaxine 75mg/5ml oral solution sugar free,39960311000001102,AMP,0403040W0AAAXAX
45819711000001105,Venlafaxine 300mg modified-release capsules,45819711000001105,VMP,0403040W0AAAYAY
281211000001107,Efexor 37.5mg tablets,281211000001107,AMP,0403040W0BBAAAA
237411000001109,Efexor 75mg tablets,237411000001109,AMP,0403040W0BBABAB
628511000001107,Efexor 50mg tablets,628511000001107,AMP,0403040W0BBACAC
651811000001100,Efexor XL 75mg capsules,651811000001100,AMP,0403040W0BBADAD
413311000001104,Efexor XL 150mg capsules,413311000001104,AMP,0403040W0BBAEAE
30991111000001106,Efexor XL 225mg capsules,30991111000001106,AMP,0403040W0BBAFAT
14934211000001109,Rodomel XL 75mg capsules,14934211000001109,AMP,0403040W0BCAAAD
14934411000001108,Rodomel XL 150mg capsules,14934411000001108,AMP,0403040W0BCABAE
14952511000001103,Trixat XL 75mg capsules,14952511000001103,AMP,0403040W0BDAAAD
14952711000001108,Trixat XL 150mg capsules,14952711000001108,AMP,0403040W0BDABAE
14954611000001107,Winfex XL 75mg capsules,14954611000001107,AMP,0403040W0BEAAAD
14954811000001106,Winfex XL 150mg capsules,14954811000001106,AMP,0403040W0BEABAE
14967411000001106,Tardcaps XL 75mg capsules,14967411000001106,AMP,0403040W0BFAAAD
14967611000001109,Tardcaps XL 150mg capsules,14967611000001109,AMP,0403040W0BFABAE
14975211000001108,Vensir XL 75mg capsules,14975211000001108,AMP,0403040W0BGAAAD
14975411000001107,Vensir XL 150mg capsules,14975411000001107,AMP,0403040W0BGABAE
32833611000001107,Vensir XL 225mg capsules,32833611000001107,AMP,0403040W0BGACAT
14974911000001103,Vexarin XL 75mg capsules,14974911000001103,AMP,0403040W0BHAAAD
14974711000001100,Vexarin XL 150mg capsules,14974711000001100,AMP,0403040W0BHABAE
14980711000001104,ViePax XL 75mg tablets,14980711000001104,AMP,0403040W0BIAAAJ
14981311000001108,ViePax XL 150mg tablets,14981311000001108,AMP,0403040W0BIABAK
14978711000001108,ViePax 37.5mg tablets,14978711000001108,AMP,0403040W0BIACAA
14978911000001105,ViePax 75mg tablets,14978911000001105,AMP,0403040W0BIADAB
36656911000001104,ViePax XL 225mg tablets,36656911000001104,AMP,0403040W0BIAEAL
14981511000001102,Tifaxin XL 75mg capsules,14981511000001102,AMP,0403040W0BJAAAD
14981711000001107,Tifaxin XL 150mg capsules,14981711000001107,AMP,0403040W0BJABAE
15011711000001108,Vaxalin XL 75mg capsules,15011711000001108,AMP,0403040W0BKAAAD
15012111000001102,Vaxalin XL 150mg capsules,15012111000001102,AMP,0403040W0BKABAE
15068711000001102,Venaxx XL 75mg capsules,15068711000001102,AMP,0403040W0BLAAAD
15068911000001100,Venaxx XL 150mg capsules,15068911000001100,AMP,0403040W0BLABAE
15116711000001109,Politid XL 75mg capsules,15116711000001109,AMP,0403040W0BMAAAD
15116511000001104,Politid XL 150mg capsules,15116511000001104,AMP,0403040W0BMABAE
15375711000001103,Venlalic XL 75mg tablets,15375711000001103,AMP,0403040W0BNAAAJ
15375411000001109,Venlalic XL 150mg tablets,15375411000001109,AMP,0403040W0BNABAK
15376011000001109,Venlalic XL 225mg tablets,15376011000001109,AMP,0403040W0BNACAL
18748311000001101,Venlalic XL 37.5mg tablets,18748311000001101,AMP,0403040W0BNADAM
37997111000001105,Venlalic XL 300mg tablets,37997111000001105,AMP,0403040W0BNAEAV
15414911000001104,Foraven XL 75mg capsules,15414911000001104,AMP,0403040W0BPAAAD
15414711000001101,Foraven XL 150mg capsules,15414711000001101,AMP,0403040W0BPABAE
16273411000001100,Ranfaxine XL 75mg capsules,16273411000001100,AMP,0403040W0BQAAAD
16274611000001104,Ranfaxine XL 150mg capsules,16274611000001104,AMP,0403040W0BQABAE
16421311000001106,Venlablue XL 75mg capsules,16421311000001106,AMP,0403040W0BRAAAD
16421511000001100,Venlablue XL 150mg capsules,16421511000001100,AMP,0403040W0BRABAE
23474511000001108,Venlablue XL 37.5mg capsules,23474511000001108,AMP,0403040W0BRACAS
16455011000001106,Tonpular XL 75mg capsules,16455011000001106,AMP,0403040W0BSAAAD
16455211000001101,Tonpular XL 150mg capsules,16455211000001101,AMP,0403040W0BSABAE
16492111000001107,Alventa XL 75mg capsules,16492111000001107,AMP,0403040W0BTAAAD
16492311000001109,Alventa XL 150mg capsules,16492311000001109,AMP,0403040W0BTABAE
17662211000001102,Mentaven XL 75mg capsules,17662211000001102,AMP,0403040W0BUAAAD
17662411000001103,Mentaven XL 150mg capsules,17662411000001103,AMP,0403040W0BUABAE
17737211000001102,Depefex XL 75mg capsules,17737211000001102,AMP,0403040W0BVAAAD
17737011000001107,Depefex XL 150mg capsules,17737011000001107,AMP,0403040W0BVABAE
18148611000001104,Venlaneo XL 75mg capsules,18148611000001104,AMP,0403040W0BWAAAD
18148811000001100,Venlaneo XL 150mg capsules,18148811000001100,AMP,0403040W0BWABAE
21965311000001104,Sunveniz XL 75mg tablets,21965311000001104,AMP,0403040W0BXAAAJ
21990711000001108,Sunveniz XL 150mg tablets,21990711000001108,AMP,0403040W0BXABAK
21992211000001100,Bonilux XL 150mg capsules,21992211000001100,AMP,0403040W0BYAAAE
21992411000001101,Bonilux XL 75mg capsules,21992411000001101,AMP,0403040W0BYABAD
23343211000001100,Venladex XL 150mg tablets,23343211000001100,AMP,0403040W0BZAAAK
23343411000001101,Venladex XL 75mg tablets,23343411000001101,AMP,0403040W0BZABAJ
35638211000001107,Venladex XL 225mg tablets,35638211000001107,AMP,0403040W0BZACAL
24676911000001109,Amphero XL 150mg capsules,24676911000001109,AMP,0403040W0CBAAAE
24677311000001106,Amphero XL 75mg capsules,24677311000001106,AMP,0403040W0CBABAD
34181211000001101,Vencarm XL 37.5mg capsules,34181211000001101,AMP,0403040W0CCAAAS
34181011000001106,Vencarm XL 75mg capsules,34181011000001106,AMP,0403040W0CCABAD
34180811000001108,Vencarm XL 150mg capsules,34180811000001108,AMP,0403040W0CCACAE
34180611000001109,Vencarm XL 225mg capsules,34180611000001109,AMP,0403040W0CCADAT
45816511000001105,Vencarm XL 300mg capsules,45816511000001105,AMP,0403040W0CCAEAY
34740911000001104,Venlasov XL 75mg capsules,34740911000001104,AMP,0403040W0CDAAAD
34740711000001101,Venlasov XL 150mg capsules,34740711000001101,AMP,0403040W0CDABAE
35797611000001105,Venzip XL 75mg capsules,35797611000001105,AMP,0403040W0CEAAAD
35797111000001102,Venzip XL 150mg capsules,35797111000001102,AMP,0403040W0CEABAE
36606311000001107,Majoven XL 37.5mg capsules,36606311000001107,AMP,0403040W0CFAAAS
36606511000001101,Majoven XL 75mg capsules,36606511000001101,AMP,0403040W0CFABAD
36606711000001106,Majoven XL 150mg capsules,36606711000001106,AMP,0403040W0CFACAE
36845311000001101,Apclaven XL 37.5mg capsules,36845311000001101,AMP,0403040W0CGAAAS
36845711000001102,Apclaven XL 75mg capsules,36845711000001102,AMP,0403040W0CGABAD
36846211000001103,Apclaven XL 150mg capsules,36846211000001103,AMP,0403040W0CGACAE
42274711000001109,Mirtazapine 30mg tablets,42274711000001109,VMP,0403040X0AAAAAA
8166811000001106,Mirtazapine 30mg tablets,8166811000001106,AMP,0403040X0AAAAAA
42895811000001103,Mirtazapine 30mg tablets,42895811000001103,AMP,0403040X0AAAAAA
7985911000001100,Mirtazapine 30mg tablets,7985911000001100,AMP,0403040X0AAAAAA
8095411000001108,Mirtazapine 30mg tablets,8095411000001108,AMP,0403040X0AAAAAA
17968211000001104,Mirtazapine 30mg tablets,17968211000001104,AMP,0403040X0AAAAAA
45265711000001101,Mirtazapine 30mg tablets,45265711000001101,AMP,0403040X0AAAAAA
10395211000001106,Mirtazapine 30mg tablets,10395211000001106,AMP,0403040X0AAAAAA
45527111000001107,Mirtazapine 30mg tablets,45527111000001107,AMP,0403040X0AAAAAA
14123911000001102,Mirtazapine 30mg tablets,14123911000001102,AMP,0403040X0AAAAAA
38410211000001105,Mirtazapine 30mg tablets,38410211000001105,AMP,0403040X0AAAAAA
24400311000001100,Mirtazapine 30mg tablets,24400311000001100,AMP,0403040X0AAAAAA
37798911000001102,Mirtazapine 30mg tablets,37798911000001102,AMP,0403040X0AAAAAA
44161511000001104,Mirtazapine 30mg tablets,44161511000001104,AMP,0403040X0AAAAAA
10302011000001109,Mirtazapine 30mg tablets,10302011000001109,AMP,0403040X0AAAAAA
32802411000001106,Mirtazapine 30mg tablets,32802411000001106,AMP,0403040X0AAAAAA
9449411000001108,Mirtazapine 30mg tablets,9449411000001108,AMP,0403040X0AAAAAA
7986411000001104,Mirtazapine 30mg tablets,7986411000001104,AMP,0403040X0AAAAAA
8098011000001107,Mirtazapine 30mg tablets,8098011000001107,AMP,0403040X0AAAAAA
45591311000001109,Mirtazapine 30mg tablets,45591311000001109,AMP,0403040X0AAAAAA
30832011000001103,Mirtazapine 30mg tablets,30832011000001103,AMP,0403040X0AAAAAA
39207111000001103,Mirtazapine 30mg tablets,39207111000001103,AMP,0403040X0AAAAAA
19732611000001106,Mirtazapine 30mg tablets,19732611000001106,AMP,0403040X0AAAAAA
19194411000001100,Mirtazapine 30mg tablets,19194411000001100,AMP,0403040X0AAAAAA
10440611000001103,Mirtazapine 30mg tablets,10440611000001103,AMP,0403040X0AAAAAA
35449611000001103,Mirtazapine 30mg tablets,35449611000001103,AMP,0403040X0AAAAAA
36698411000001101,Mirtazapine 30mg tablets,36698411000001101,AMP,0403040X0AAAAAA
43971911000001100,Mirtazapine 30mg tablets,43971911000001100,AMP,0403040X0AAAAAA
8516411000001103,Mirtazapine 30mg tablets,8516411000001103,AMP,0403040X0AAAAAA
11408911000001109,Mirtazapine 30mg tablets,11408911000001109,AMP,0403040X0AAAAAA
16700111000001100,Mirtazapine 30mg tablets,16700111000001100,AMP,0403040X0AAAAAA
17943411000001101,Mirtazapine 30mg tablets,17943411000001101,AMP,0403040X0AAAAAA
36921211000001103,Mirtazapine 30mg tablets,36921211000001103,AMP,0403040X0AAAAAA
9548311000001101,Mirtazapine 30mg tablets,9548311000001101,AMP,0403040X0AAAAAA
15114711000001100,Mirtazapine 30mg tablets,15114711000001100,AMP,0403040X0AAAAAA
8751911000001108,Mirtazapine 30mg tablets,8751911000001108,AMP,0403040X0AAAAAA
40209011000001106,Mirtazapine 30mg tablets,40209011000001106,AMP,0403040X0AAAAAA
8389611000001109,Mirtazapine 30mg tablets,8389611000001109,AMP,0403040X0AAAAAA
13758511000001106,Mirtazapine 30mg tablets,13758511000001106,AMP,0403040X0AAAAAA
9037411000001105,Mirtazapine 30mg tablets,9037411000001105,AMP,0403040X0AAAAAA
21804011000001108,Mirtazapine 30mg tablets,21804011000001108,AMP,0403040X0AAAAAA
23421811000001108,Mirtazapine 30mg tablets,23421811000001108,AMP,0403040X0AAAAAA
8101411000001102,Mirtazapine 30mg tablets,8101411000001102,AMP,0403040X0AAAAAA
13010911000001105,Mirtazapine 30mg/5ml oral solution,13010911000001105,VMP,0403040X0AAABAB
12999711000001103,Mirtazapine 30mg/5ml oral suspension,12999711000001103,VMP,0403040X0AAABAB
12979911000001106,Mirtazapine 30mg/5ml oral solution,12979911000001106,AMP,0403040X0AAABAB
12979611000001100,Mirtazapine 30mg/5ml oral suspension,12979611000001100,AMP,0403040X0AAABAB
13000011000001108,Mirtazapine 75mg/5ml oral suspension,13000011000001108,VMP,0403040X0AAAFAF
12980811000001101,Mirtazapine 75mg/5ml oral suspension,12980811000001101,AMP,0403040X0AAAFAF
9103511000001102,Mirtazapine 15mg/ml oral solution sugar free,9103511000001102,VMP,0403040X0AAAGAG
9227211000001100,Mirtazapine 15mg/ml oral solution sugar free,9227211000001100,AMP,0403040X0AAAGAG
9103111000001106,Mirtazapine 15mg/ml oral solution sugar free,9103111000001106,AMP,0403040X0AAAGAG
24394711000001104,Mirtazapine 15mg/ml oral solution sugar free,24394711000001104,AMP,0403040X0AAAGAG
39047511000001107,Mirtazapine 15mg/ml oral solution sugar free,39047511000001107,AMP,0403040X0AAAGAG
9102911000001102,Mirtazapine 15mg/ml oral solution sugar free,9102911000001102,AMP,0403040X0AAAGAG
29924111000001103,Mirtazapine 15mg/ml oral solution sugar free,29924111000001103,AMP,0403040X0AAAGAG
8797411000001104,Mirtazapine 4mg capsules,8797411000001104,VMP,0403040X0AAAHAH
8762411000001104,Mirtazapine 4mg capsules,8762411000001104,AMP,0403040X0AAAHAH
8797211000001103,Mirtazapine 2mg capsules,8797211000001103,VMP,0403040X0AAAIAI
8761911000001101,Mirtazapine 2mg capsules,8761911000001101,AMP,0403040X0AAAIAI
42274611000001100,Mirtazapine 30mg orodispersible tablets,42274611000001100,VMP,0403040X0AAAJAJ
11255711000001107,Mirtazapine 30mg orodispersible tablets,11255711000001107,AMP,0403040X0AAAJAJ
12056511000001102,Mirtazapine 30mg orodispersible tablets,12056511000001102,AMP,0403040X0AAAJAJ
13738411000001108,Mirtazapine 30mg orodispersible tablets,13738411000001108,AMP,0403040X0AAAJAJ
12059811000001105,Mirtazapine 30mg orodispersible tablets,12059811000001105,AMP,0403040X0AAAJAJ
17968811000001103,Mirtazapine 30mg orodispersible tablets,17968811000001103,AMP,0403040X0AAAJAJ
19213911000001108,Mirtazapine 30mg orodispersible tablets,19213911000001108,AMP,0403040X0AAAJAJ
14124711000001102,Mirtazapine 30mg orodispersible tablets,14124711000001102,AMP,0403040X0AAAJAJ
24393011000001103,Mirtazapine 30mg orodispersible tablets,24393011000001103,AMP,0403040X0AAAJAJ
13162511000001107,Mirtazapine 30mg orodispersible tablets,13162511000001107,AMP,0403040X0AAAJAJ
30831611000001104,Mirtazapine 30mg orodispersible tablets,30831611000001104,AMP,0403040X0AAAJAJ
39047711000001102,Mirtazapine 30mg orodispersible tablets,39047711000001102,AMP,0403040X0AAAJAJ
36044211000001107,Mirtazapine 30mg orodispersible tablets,36044211000001107,AMP,0403040X0AAAJAJ
19195011000001108,Mirtazapine 30mg orodispersible tablets,19195011000001108,AMP,0403040X0AAAJAJ
16700711000001104,Mirtazapine 30mg orodispersible tablets,16700711000001104,AMP,0403040X0AAAJAJ
17942711000001104,Mirtazapine 30mg orodispersible tablets,17942711000001104,AMP,0403040X0AAAJAJ
15232511000001108,Mirtazapine 30mg orodispersible tablets,15232511000001108,AMP,0403040X0AAAJAJ
10969211000001104,Mirtazapine 30mg orodispersible tablets,10969211000001104,AMP,0403040X0AAAJAJ
16630411000001108,Mirtazapine 30mg orodispersible tablets,16630411000001108,AMP,0403040X0AAAJAJ
21801811000001104,Mirtazapine 30mg orodispersible tablets,21801811000001104,AMP,0403040X0AAAJAJ
23422411000001101,Mirtazapine 30mg orodispersible tablets,23422411000001101,AMP,0403040X0AAAJAJ
12999811000001106,Mirtazapine 750micrograms/5ml oral solution,12999811000001106,VMP,0403040X0AAAKAK
12999911000001101,Mirtazapine 750micrograms/5ml oral suspension,12999911000001101,VMP,0403040X0AAAKAK
12980511000001104,Mirtazapine 750micrograms/5ml oral solution,12980511000001104,AMP,0403040X0AAAKAK
12980211000001102,Mirtazapine 750micrograms/5ml oral suspension,12980211000001102,AMP,0403040X0AAAKAK
42274411000001103,Mirtazapine 15mg orodispersible tablets,42274411000001103,VMP,0403040X0AAALAL
11255511000001102,Mirtazapine 15mg orodispersible tablets,11255511000001102,AMP,0403040X0AAALAL
12056111000001106,Mirtazapine 15mg orodispersible tablets,12056111000001106,AMP,0403040X0AAALAL
13738211000001109,Mirtazapine 15mg orodispersible tablets,13738211000001109,AMP,0403040X0AAALAL
12059511000001107,Mirtazapine 15mg orodispersible tablets,12059511000001107,AMP,0403040X0AAALAL
17969111000001103,Mirtazapine 15mg orodispersible tablets,17969111000001103,AMP,0403040X0AAALAL
19213711000001106,Mirtazapine 15mg orodispersible tablets,19213711000001106,AMP,0403040X0AAALAL
14124111000001103,Mirtazapine 15mg orodispersible tablets,14124111000001103,AMP,0403040X0AAALAL
24386211000001100,Mirtazapine 15mg orodispersible tablets,24386211000001100,AMP,0403040X0AAALAL
13162311000001101,Mirtazapine 15mg orodispersible tablets,13162311000001101,AMP,0403040X0AAALAL
38960711000001100,Mirtazapine 15mg orodispersible tablets,38960711000001100,AMP,0403040X0AAALAL
30831411000001102,Mirtazapine 15mg orodispersible tablets,30831411000001102,AMP,0403040X0AAALAL
39048111000001102,Mirtazapine 15mg orodispersible tablets,39048111000001102,AMP,0403040X0AAALAL
36043811000001105,Mirtazapine 15mg orodispersible tablets,36043811000001105,AMP,0403040X0AAALAL
19194811000001103,Mirtazapine 15mg orodispersible tablets,19194811000001103,AMP,0403040X0AAALAL
16700511000001109,Mirtazapine 15mg orodispersible tablets,16700511000001109,AMP,0403040X0AAALAL
17942511000001109,Mirtazapine 15mg orodispersible tablets,17942511000001109,AMP,0403040X0AAALAL
15232211000001105,Mirtazapine 15mg orodispersible tablets,15232211000001105,AMP,0403040X0AAALAL
10968811000001105,Mirtazapine 15mg orodispersible tablets,10968811000001105,AMP,0403040X0AAALAL
16630811000001105,Mirtazapine 15mg orodispersible tablets,16630811000001105,AMP,0403040X0AAALAL
21801511000001102,Mirtazapine 15mg orodispersible tablets,21801511000001102,AMP,0403040X0AAALAL
23422211000001100,Mirtazapine 15mg orodispersible tablets,23422211000001100,AMP,0403040X0AAALAL
5627911000001100,Mirtazapine 45mg orodispersible tablets,5627911000001100,VMP,0403040X0AAAMAM
11255911000001109,Mirtazapine 45mg orodispersible tablets,11255911000001109,AMP,0403040X0AAAMAM
12056711000001107,Mirtazapine 45mg orodispersible tablets,12056711000001107,AMP,0403040X0AAAMAM
13738611000001106,Mirtazapine 45mg orodispersible tablets,13738611000001106,AMP,0403040X0AAAMAM
12060211000001108,Mirtazapine 45mg orodispersible tablets,12060211000001108,AMP,0403040X0AAAMAM
17968411000001100,Mirtazapine 45mg orodispersible tablets,17968411000001100,AMP,0403040X0AAAMAM
19214311000001109,Mirtazapine 45mg orodispersible tablets,19214311000001109,AMP,0403040X0AAAMAM
14125011000001100,Mirtazapine 45mg orodispersible tablets,14125011000001100,AMP,0403040X0AAAMAM
24393911000001104,Mirtazapine 45mg orodispersible tablets,24393911000001104,AMP,0403040X0AAAMAM
13162711000001102,Mirtazapine 45mg orodispersible tablets,13162711000001102,AMP,0403040X0AAAMAM
38960911000001103,Mirtazapine 45mg orodispersible tablets,38960911000001103,AMP,0403040X0AAAMAM
30831811000001100,Mirtazapine 45mg orodispersible tablets,30831811000001100,AMP,0403040X0AAAMAM
39047911000001100,Mirtazapine 45mg orodispersible tablets,39047911000001100,AMP,0403040X0AAAMAM
35854711000001100,Mirtazapine 45mg orodispersible tablets,35854711000001100,AMP,0403040X0AAAMAM
19195211000001103,Mirtazapine 45mg orodispersible tablets,19195211000001103,AMP,0403040X0AAAMAM
16700911000001102,Mirtazapine 45mg orodispersible tablets,16700911000001102,AMP,0403040X0AAAMAM
17942911000001102,Mirtazapine 45mg orodispersible tablets,17942911000001102,AMP,0403040X0AAAMAM
15232711000001103,Mirtazapine 45mg orodispersible tablets,15232711000001103,AMP,0403040X0AAAMAM
10969511000001101,Mirtazapine 45mg orodispersible tablets,10969511000001101,AMP,0403040X0AAAMAM
16630611000001106,Mirtazapine 45mg orodispersible tablets,16630611000001106,AMP,0403040X0AAAMAM
21802211000001107,Mirtazapine 45mg orodispersible tablets,21802211000001107,AMP,0403040X0AAAMAM
23422611000001103,Mirtazapine 45mg orodispersible tablets,23422611000001103,AMP,0403040X0AAAMAM
42274511000001104,Mirtazapine 15mg tablets,42274511000001104,VMP,0403040X0AAANAN
9050811000001107,Mirtazapine 15mg tablets,9050811000001107,AMP,0403040X0AAANAN
43012111000001108,Mirtazapine 15mg tablets,43012111000001108,AMP,0403040X0AAANAN
11501111000001108,Mirtazapine 15mg tablets,11501111000001108,AMP,0403040X0AAANAN
9158011000001107,Mirtazapine 15mg tablets,9158011000001107,AMP,0403040X0AAANAN
17967011000001108,Mirtazapine 15mg tablets,17967011000001108,AMP,0403040X0AAANAN
45265511000001106,Mirtazapine 15mg tablets,45265511000001106,AMP,0403040X0AAANAN
10395011000001101,Mirtazapine 15mg tablets,10395011000001101,AMP,0403040X0AAANAN
24400011000001103,Mirtazapine 15mg tablets,24400011000001103,AMP,0403040X0AAANAN
10302211000001104,Mirtazapine 15mg tablets,10302211000001104,AMP,0403040X0AAANAN
32799811000001103,Mirtazapine 15mg tablets,32799811000001103,AMP,0403040X0AAANAN
9449211000001109,Mirtazapine 15mg tablets,9449211000001109,AMP,0403040X0AAANAN
9156311000001106,Mirtazapine 15mg tablets,9156311000001106,AMP,0403040X0AAANAN
45590911000001103,Mirtazapine 15mg tablets,45590911000001103,AMP,0403040X0AAANAN
37121411000001102,Mirtazapine 15mg tablets,37121411000001102,AMP,0403040X0AAANAN
39048311000001100,Mirtazapine 15mg tablets,39048311000001100,AMP,0403040X0AAANAN
19732411000001108,Mirtazapine 15mg tablets,19732411000001108,AMP,0403040X0AAANAN
19194211000001104,Mirtazapine 15mg tablets,19194211000001104,AMP,0403040X0AAANAN
35450211000001105,Mirtazapine 15mg tablets,35450211000001105,AMP,0403040X0AAANAN
36697611000001102,Mirtazapine 15mg tablets,36697611000001102,AMP,0403040X0AAANAN
16699911000001103,Mirtazapine 15mg tablets,16699911000001103,AMP,0403040X0AAANAN
17943111000001106,Mirtazapine 15mg tablets,17943111000001106,AMP,0403040X0AAANAN
36921011000001108,Mirtazapine 15mg tablets,36921011000001108,AMP,0403040X0AAANAN
15114511000001105,Mirtazapine 15mg tablets,15114511000001105,AMP,0403040X0AAANAN
8753111000001106,Mirtazapine 15mg tablets,8753111000001106,AMP,0403040X0AAANAN
13593411000001107,Mirtazapine 15mg tablets,13593411000001107,AMP,0403040X0AAANAN
21803511000001103,Mirtazapine 15mg tablets,21803511000001103,AMP,0403040X0AAANAN
23421611000001109,Mirtazapine 15mg tablets,23421611000001109,AMP,0403040X0AAANAN
42274811000001101,Mirtazapine 45mg tablets,42274811000001101,VMP,0403040X0AAAPAP
9051211000001100,Mirtazapine 45mg tablets,9051211000001100,AMP,0403040X0AAAPAP
11501311000001105,Mirtazapine 45mg tablets,11501311000001105,AMP,0403040X0AAAPAP
9158211000001102,Mirtazapine 45mg tablets,9158211000001102,AMP,0403040X0AAAPAP
17967411000001104,Mirtazapine 45mg tablets,17967411000001104,AMP,0403040X0AAAPAP
45266211000001102,Mirtazapine 45mg tablets,45266211000001102,AMP,0403040X0AAAPAP
10395611000001108,Mirtazapine 45mg tablets,10395611000001108,AMP,0403040X0AAAPAP
24400811000001109,Mirtazapine 45mg tablets,24400811000001109,AMP,0403040X0AAAPAP
10301811000001107,Mirtazapine 45mg tablets,10301811000001107,AMP,0403040X0AAAPAP
32803811000001100,Mirtazapine 45mg tablets,32803811000001100,AMP,0403040X0AAAPAP
9449811000001105,Mirtazapine 45mg tablets,9449811000001105,AMP,0403040X0AAAPAP
9156511000001100,Mirtazapine 45mg tablets,9156511000001100,AMP,0403040X0AAAPAP
45591511000001103,Mirtazapine 45mg tablets,45591511000001103,AMP,0403040X0AAAPAP
37122111000001102,Mirtazapine 45mg tablets,37122111000001102,AMP,0403040X0AAAPAP
39048511000001106,Mirtazapine 45mg tablets,39048511000001106,AMP,0403040X0AAAPAP
19732811000001105,Mirtazapine 45mg tablets,19732811000001105,AMP,0403040X0AAAPAP
19194611000001102,Mirtazapine 45mg tablets,19194611000001102,AMP,0403040X0AAAPAP
35449911000001109,Mirtazapine 45mg tablets,35449911000001109,AMP,0403040X0AAAPAP
36699111000001104,Mirtazapine 45mg tablets,36699111000001104,AMP,0403040X0AAAPAP
16700311000001103,Mirtazapine 45mg tablets,16700311000001103,AMP,0403040X0AAAPAP
17943711000001107,Mirtazapine 45mg tablets,17943711000001107,AMP,0403040X0AAAPAP
36921511000001100,Mirtazapine 45mg tablets,36921511000001100,AMP,0403040X0AAAPAP
15210411000001102,Mirtazapine 45mg tablets,15210411000001102,AMP,0403040X0AAAPAP
8753611000001103,Mirtazapine 45mg tablets,8753611000001103,AMP,0403040X0AAAPAP
13593611000001105,Mirtazapine 45mg tablets,13593611000001105,AMP,0403040X0AAAPAP
21805411000001103,Mirtazapine 45mg tablets,21805411000001103,AMP,0403040X0AAAPAP
23422011000001105,Mirtazapine 45mg tablets,23422011000001105,AMP,0403040X0AAAPAP
20345211000001102,Mirtazapine 15mg orodispersible tablets sugar free,20345211000001102,VMP,0403040X0AAAQAQ
20311111000001102,Mirtazapine 15mg orodispersible tablets sugar free,20311111000001102,AMP,0403040X0AAAQAQ
20345311000001105,Mirtazapine 45mg orodispersible tablets sugar free,20345311000001105,VMP,0403040X0AAARAR
20311511000001106,Mirtazapine 45mg orodispersible tablets sugar free,20311511000001106,AMP,0403040X0AAARAR
32749911000001104,Mirtazapine 15mg/5ml oral solution,32749911000001104,VMP,0403040X0AAASAS
32725211000001108,Mirtazapine 15mg/5ml oral solution,32725211000001108,AMP,0403040X0AAASAS
523611000001107,Zispin 30mg tablets,523611000001107,AMP,0403040X0BBAAAA
4859711000001106,Zispin SolTab 30mg orodispersible tablets,4859711000001106,AMP,0403040X0BBABAJ
5608811000001102,Zispin SolTab 15mg orodispersible tablets,5608811000001102,AMP,0403040X0BBACAL
5595811000001101,Zispin SolTab 45mg orodispersible tablets,5595811000001101,AMP,0403040X0BBADAM
42294111000001101,Duloxetine 30mg gastro-resistant capsules,42294111000001101,VMP,0403040Y0AAAAAA
29226011000001105,Duloxetine 30mg gastro-resistant capsules,29226011000001105,AMP,0403040Y0AAAAAA
34931611000001107,Duloxetine 30mg gastro-resistant capsules,34931611000001107,AMP,0403040Y0AAAAAA
29287311000001101,Duloxetine 30mg gastro-resistant capsules,29287311000001101,AMP,0403040Y0AAAAAA
31895311000001107,Duloxetine 30mg gastro-resistant capsules,31895311000001107,AMP,0403040Y0AAAAAA
41110811000001101,Duloxetine 30mg gastro-resistant capsules,41110811000001101,AMP,0403040Y0AAAAAA
34503911000001103,Duloxetine 30mg gastro-resistant capsules,34503911000001103,AMP,0403040Y0AAAAAA
40590611000001104,Duloxetine 30mg gastro-resistant capsules,40590611000001104,AMP,0403040Y0AAAAAA
31379511000001105,Duloxetine 30mg gastro-resistant capsules,31379511000001105,AMP,0403040Y0AAAAAA
30052411000001107,Duloxetine 30mg gastro-resistant capsules,30052411000001107,AMP,0403040Y0AAAAAA
30085411000001106,Duloxetine 30mg gastro-resistant capsules,30085411000001106,AMP,0403040Y0AAAAAA
34496111000001101,Duloxetine 30mg gastro-resistant capsules,34496111000001101,AMP,0403040Y0AAAAAA
44171411000001109,Duloxetine 30mg gastro-resistant capsules,44171411000001109,AMP,0403040Y0AAAAAA
29432911000001109,Duloxetine 30mg gastro-resistant capsules,29432911000001109,AMP,0403040Y0AAAAAA
37502711000001103,Duloxetine 30mg gastro-resistant capsules,37502711000001103,AMP,0403040Y0AAAAAA
41728111000001105,Duloxetine 30mg gastro-resistant capsules,41728111000001105,AMP,0403040Y0AAAAAA
38877811000001107,Duloxetine 30mg gastro-resistant capsules,38877811000001107,AMP,0403040Y0AAAAAA
35142611000001109,Duloxetine 30mg gastro-resistant capsules,35142611000001109,AMP,0403040Y0AAAAAA
32429211000001104,Duloxetine 30mg gastro-resistant capsules,32429211000001104,AMP,0403040Y0AAAAAA
37858811000001104,Duloxetine 30mg gastro-resistant capsules,37858811000001104,AMP,0403040Y0AAAAAA
29823311000001105,Duloxetine 30mg gastro-resistant capsules,29823311000001105,AMP,0403040Y0AAAAAA
35861011000001109,Duloxetine 30mg gastro-resistant capsules,35861011000001109,AMP,0403040Y0AAAAAA
37333211000001105,Duloxetine 30mg gastro-resistant capsules,37333211000001105,AMP,0403040Y0AAAAAA
34759111000001105,Duloxetine 30mg gastro-resistant capsules,34759111000001105,AMP,0403040Y0AAAAAA
30951711000001102,Duloxetine 30mg gastro-resistant capsules,30951711000001102,AMP,0403040Y0AAAAAA
42294211000001107,Duloxetine 60mg gastro-resistant capsules,42294211000001107,VMP,0403040Y0AAABAB
29299211000001102,Duloxetine 60mg gastro-resistant capsules,29299211000001102,AMP,0403040Y0AAABAB
34931811000001106,Duloxetine 60mg gastro-resistant capsules,34931811000001106,AMP,0403040Y0AAABAB
29288211000001108,Duloxetine 60mg gastro-resistant capsules,29288211000001108,AMP,0403040Y0AAABAB
31896311000001102,Duloxetine 60mg gastro-resistant capsules,31896311000001102,AMP,0403040Y0AAABAB
41130411000001109,Duloxetine 60mg gastro-resistant capsules,41130411000001109,AMP,0403040Y0AAABAB
34504311000001102,Duloxetine 60mg gastro-resistant capsules,34504311000001102,AMP,0403040Y0AAABAB
40590811000001100,Duloxetine 60mg gastro-resistant capsules,40590811000001100,AMP,0403040Y0AAABAB
31379811000001108,Duloxetine 60mg gastro-resistant capsules,31379811000001108,AMP,0403040Y0AAABAB
30052811000001109,Duloxetine 60mg gastro-resistant capsules,30052811000001109,AMP,0403040Y0AAABAB
30085711000001100,Duloxetine 60mg gastro-resistant capsules,30085711000001100,AMP,0403040Y0AAABAB
34496711000001100,Duloxetine 60mg gastro-resistant capsules,34496711000001100,AMP,0403040Y0AAABAB
44171611000001107,Duloxetine 60mg gastro-resistant capsules,44171611000001107,AMP,0403040Y0AAABAB
29433211000001106,Duloxetine 60mg gastro-resistant capsules,29433211000001106,AMP,0403040Y0AAABAB
30124211000001105,Duloxetine 60mg gastro-resistant capsules,30124211000001105,AMP,0403040Y0AAABAB
41752211000001100,Duloxetine 60mg gastro-resistant capsules,41752211000001100,AMP,0403040Y0AAABAB
38878211000001105,Duloxetine 60mg gastro-resistant capsules,38878211000001105,AMP,0403040Y0AAABAB
35143011000001106,Duloxetine 60mg gastro-resistant capsules,35143011000001106,AMP,0403040Y0AAABAB
32429611000001102,Duloxetine 60mg gastro-resistant capsules,32429611000001102,AMP,0403040Y0AAABAB
37859011000001100,Duloxetine 60mg gastro-resistant capsules,37859011000001100,AMP,0403040Y0AAABAB
29824011000001109,Duloxetine 60mg gastro-resistant capsules,29824011000001109,AMP,0403040Y0AAABAB
36476211000001108,Duloxetine 60mg gastro-resistant capsules,36476211000001108,AMP,0403040Y0AAABAB
39536611000001106,Duloxetine 60mg gastro-resistant capsules,39536611000001106,AMP,0403040Y0AAABAB
34761911000001102,Duloxetine 60mg gastro-resistant capsules,34761911000001102,AMP,0403040Y0AAABAB
30951911000001100,Duloxetine 60mg gastro-resistant capsules,30951911000001100,AMP,0403040Y0AAABAB
39964811000001101,Duloxetine 90mg gastro-resistant capsules,39964811000001101,VMP,0403040Y0AAACAC
40083811000001108,Duloxetine 90mg gastro-resistant capsules,40083811000001108,AMP,0403040Y0AAACAC
41325611000001109,Duloxetine 90mg gastro-resistant capsules,41325611000001109,AMP,0403040Y0AAACAC
40196611000001107,Duloxetine 90mg gastro-resistant capsules,40196611000001107,AMP,0403040Y0AAACAC
43144411000001109,Duloxetine 90mg gastro-resistant capsules,43144411000001109,AMP,0403040Y0AAACAC
39949011000001104,Duloxetine 90mg gastro-resistant capsules,39949011000001104,AMP,0403040Y0AAACAC
39964711000001109,Duloxetine 120mg gastro-resistant capsules,39964711000001109,VMP,0403040Y0AAADAD
40084011000001100,Duloxetine 120mg gastro-resistant capsules,40084011000001100,AMP,0403040Y0AAADAD
41325411000001106,Duloxetine 120mg gastro-resistant capsules,41325411000001106,AMP,0403040Y0AAADAD
40196411000001109,Duloxetine 120mg gastro-resistant capsules,40196411000001109,AMP,0403040Y0AAADAD
43144211000001105,Duloxetine 120mg gastro-resistant capsules,43144211000001105,AMP,0403040Y0AAADAD
39949311000001101,Duloxetine 120mg gastro-resistant capsules,39949311000001101,AMP,0403040Y0AAADAD
9038411000001109,Cymbalta 30mg gastro-resistant capsules,9038411000001109,AMP,0403040Y0BBAAAA
9039311000001108,Cymbalta 60mg gastro-resistant capsules,9039311000001108,AMP,0403040Y0BBABAB
30990411000001105,Duciltia 30mg gastro-resistant capsules,30990411000001105,AMP,0403040Y0BCAAAA
30990611000001108,Duciltia 60mg gastro-resistant capsules,30990611000001108,AMP,0403040Y0BCAAAB
35034711000001103,Depalta 30mg gastro-resistant capsules,35034711000001103,AMP,0403040Y0BDAAAA
35035211000001106,Depalta 60mg gastro-resistant capsules,35035211000001106,AMP,0403040Y0BDABAB
36871511000001108,Dutor 30mg gastro-resistant capsules,36871511000001108,AMP,0403040Y0BEAAAA
36871911000001101,Dutor 60mg gastro-resistant capsules,36871911000001101,AMP,0403040Y0BEABAB
15499111000001100,Agomelatine 25mg tablets,15499111000001100,VMP,0403040Z0AAAAAA
36823811000001109,Agomelatine 25mg tablets,36823811000001109,AMP,0403040Z0AAAAAA
36797511000001109,Agomelatine 25mg tablets,36797511000001109,AMP,0403040Z0AAAAAA
36825311000001104,Agomelatine 25mg tablets,36825311000001104,AMP,0403040Z0AAAAAA
36602711000001107,Agomelatine 25mg tablets,36602711000001107,AMP,0403040Z0AAAAAA
37105211000001107,Agomelatine 25mg tablets,37105211000001107,AMP,0403040Z0AAAAAA
38763811000001107,Agomelatine 25mg tablets,38763811000001107,AMP,0403040Z0AAAAAA
37857811000001103,Agomelatine 25mg tablets,37857811000001103,AMP,0403040Z0AAAAAA
36776111000001105,Agomelatine 25mg tablets,36776111000001105,AMP,0403040Z0AAAAAA
37243311000001105,Agomelatine 25mg tablets,37243311000001105,AMP,0403040Z0AAAAAA
15457711000001104,Valdoxan 25mg tablets,15457711000001104,AMP,0403040Z0BBAAAA
8013111000001100,Duloxetine 20mg gastro-resistant capsules,8013111000001100,VMP,0704020AAAAAAAA
29225411000001105,Duloxetine 20mg gastro-resistant capsules,29225411000001105,AMP,0704020AAAAAAAA
29286911000001103,Duloxetine 20mg gastro-resistant capsules,29286911000001103,AMP,0704020AAAAAAAA
31894911000001109,Duloxetine 20mg gastro-resistant capsules,31894911000001109,AMP,0704020AAAAAAAA
41166411000001102,Duloxetine 20mg gastro-resistant capsules,41166411000001102,AMP,0704020AAAAAAAA
34503711000001100,Duloxetine 20mg gastro-resistant capsules,34503711000001100,AMP,0704020AAAAAAAA
30052211000001108,Duloxetine 20mg gastro-resistant capsules,30052211000001108,AMP,0704020AAAAAAAA
33672311000001105,Duloxetine 20mg gastro-resistant capsules,33672311000001105,AMP,0704020AAAAAAAA
37063011000001108,Duloxetine 20mg gastro-resistant capsules,37063011000001108,AMP,0704020AAAAAAAA
38877611000001108,Duloxetine 20mg gastro-resistant capsules,38877611000001108,AMP,0704020AAAAAAAA
35142411000001106,Duloxetine 20mg gastro-resistant capsules,35142411000001106,AMP,0704020AAAAAAAA
29822811000001109,Duloxetine 20mg gastro-resistant capsules,29822811000001109,AMP,0704020AAAAAAAA
34758911000001100,Duloxetine 20mg gastro-resistant capsules,34758911000001100,AMP,0704020AAAAAAAA
31080111000001102,Duloxetine 20mg gastro-resistant capsules,31080111000001102,AMP,0704020AAAAAAAA
8013211000001106,Duloxetine 40mg gastro-resistant capsules,8013211000001106,VMP,0704020AAAAABAB
29226211000001100,Duloxetine 40mg gastro-resistant capsules,29226211000001100,AMP,0704020AAAAABAB
29287811000001105,Duloxetine 40mg gastro-resistant capsules,29287811000001105,AMP,0704020AAAAABAB
31895811000001103,Duloxetine 40mg gastro-resistant capsules,31895811000001103,AMP,0704020AAAAABAB
41129911000001105,Duloxetine 40mg gastro-resistant capsules,41129911000001105,AMP,0704020AAAAABAB
34504111000001104,Duloxetine 40mg gastro-resistant capsules,34504111000001104,AMP,0704020AAAAABAB
30052611000001105,Duloxetine 40mg gastro-resistant capsules,30052611000001105,AMP,0704020AAAAABAB
33672911000001106,Duloxetine 40mg gastro-resistant capsules,33672911000001106,AMP,0704020AAAAABAB
37063311000001106,Duloxetine 40mg gastro-resistant capsules,37063311000001106,AMP,0704020AAAAABAB
38878011000001100,Duloxetine 40mg gastro-resistant capsules,38878011000001100,AMP,0704020AAAAABAB
35142811000001108,Duloxetine 40mg gastro-resistant capsules,35142811000001108,AMP,0704020AAAAABAB
29824511000001101,Duloxetine 40mg gastro-resistant capsules,29824511000001101,AMP,0704020AAAAABAB
34761711000001104,Duloxetine 40mg gastro-resistant capsules,34761711000001104,AMP,0704020AAAAABAB
31078911000001107,Duloxetine 40mg gastro-resistant capsules,31078911000001107,AMP,0704020AAAAABAB
35839211000001105,Duloxetine 60mg/5ml oral suspension,35839211000001105,VMP,0704020AAAAAEAE
35835211000001107,Duloxetine 60mg/5ml oral suspension,35835211000001107,AMP,0704020AAAAAEAE
35839111000001104,Duloxetine 30mg/5ml oral suspension,35839111000001104,VMP,0704020AAAAAFAF
35835411000001106,Duloxetine 30mg/5ml oral suspension,35835411000001106,AMP,0704020AAAAAFAF
8048811000001109,Yentreve 20mg gastro-resistant capsules,8048811000001109,AMP,0704020AABBAAAA
8049111000001109,Yentreve 40mg gastro-resistant capsules,8049111000001109,AMP,0704020AABBABAB
36871311000001102,Dutor 20mg gastro-resistant capsules,36871311000001102,AMP,0704020AABDAAAA
36871711000001103,Dutor 40mg gastro-resistant capsules,36871711000001103,AMP,0704020AABDACAB
321104009,VMP previous to 42127111000001102,321104009,VMP,0401010F0AAAAAA
321105005,VMP previous to 36088911000001104,321105005,VMP,0401010D0AAACAC
321117007,VMP previous to 42129311000001105,321117007,VMP,0401010L0AAAAAA
321118002,VMP previous to 42129411000001103,321118002,VMP,0401010L0AAABAB
321120004,VMP previous to 39699311000001107,321120004,VMP,0401010N0AAAAAA
321122007,VMP previous to 42131911000001109,321122007,VMP,0401010P0AAABAB
321123002,VMP previous to 42131811000001104,321123002,VMP,0401010P0AAACAC
321127001,VMP previous to 42132411000001106,321127001,VMP,0401010R0AAACAC
321129003,VMP previous to 42132311000001104,321129003,VMP,0401010R0AAAAAA
321141005,VMP previous to 42132511000001105,321141005,VMP,0401010R0AAAXAX
321152004,VMP previous to 42137211000001105,321152004,VMP,0401010T0AAAMAM
321153009,VMP previous to 42137311000001102,321153009,VMP,0401010T0AAANAN
321167000,VMP previous to 35915311000001101,321167000,VMP,0401010T0AAAEAE
321175006,VMP previous to 42139411000001100,321175006,VMP,0401010Z0AAAAAA
321177003,VMP previous to 42139311000001107,321177003,VMP,0401010Z0AAACAC
321183000,VMP previous to 42138911000001100,321183000,VMP,0401010Y0AAAAAA
321184006,VMP previous to 42138811000001105,321184006,VMP,0401010Y0AAABAB
321190005,VMP previous to 42138711000001102,321190005,VMP,0401010W0AAAAAA
321191009,VMP previous to 42138611000001106,321191009,VMP,0401010W0AAABAB
321196004,VMP previous to 42128111000001101,321196004,VMP,0401020K0AAAHAH
321197008,VMP previous to 42128311000001104,321197008,VMP,0401020K0AAAIAI
321198003,VMP previous to 42127711000001101,321198003,VMP,0401020K0AAAJAJ
321199006,VMP previous to 42128211000001107,321199006,VMP,0401020K0AAA6A6
321203006,VMP previous to 42128411000001106,321203006,VMP,0401020K0AABWBW
321238008,VMP previous to 42127611000001105,321238008,VMP,0401020K0AABBBB
321241004,VMP previous to 42122111000001104,321241004,VMP,0401020A0AAAAAA
321242006,VMP previous to 42125211000001100,321242006,VMP,0401020A0AAABAB
321246009,VMP previous to 42125511000001102,321246009,VMP,0401020G0AAAAAA
321247000,VMP previous to 42126811000001107,321247000,VMP,0401020E0AAADAD
321248005,VMP previous to 42126511000001109,321248005,VMP,0401020E0AAAEAE
321249002,VMP previous to 42126911000001102,321249002,VMP,0401020E0AAAAAA
321250002,VMP previous to 42126611000001108,321250002,VMP,0401020E0AAABAB
321276002,VMP previous to 42128611000001109,321276002,VMP,0401020V0AAAAAA
321277006,VMP previous to 42128511000001105,321277006,VMP,0401020V0AAABAB
321294008,VMP previous to 42131511000001102,321294008,VMP,0401020P0AAABAB
321295009,VMP previous to 42131611000001103,321295009,VMP,0401020P0AAACAC
321302003,VMP previous to 36040511000001101,321302003,VMP,0401020P0AAAAAA
321308004,VMP previous to 42132011000001102,321308004,VMP,0401020R0AAABAB
321314006,VMP previous to 42132611000001109,321314006,VMP,0401020T0AAABAB
321315007,VMP previous to 42132711000001100,321315007,VMP,0401020T0AAACAC
321323009,VMP previous to 39734411000001104,321323009,VMP,0401020B0AAAAAA
321327005,VMP previous to 39734311000001106,321327005,VMP,0401020B0AAABAB
321347002,VMP previous to 42136911000001104,321347002,VMP,0401030T0AAAAAA
321355009,VMP previous to 42125311000001108,321355009,VMP,0401030C0AAACAC
321357001,VMP previous to 42136811000001109,321357001,VMP,0401030T0AAABAB
321358006,VMP previous to 42125411000001101,321358006,VMP,0401030E0AAAAAA
321361007,VMP previous to 15374911000001100,321361007,VMP,0401030T0AAACAC
321362000,VMP previous to 42125611000001103,321362000,VMP,0401030H0AAABAB
321407005,VMP previous to 39692411000001106,321407005,VMP,0402010H0AAAAAA
321624009,VMP previous to 42278311000001100,321624009,VMP,0402010ABAAABAB
321625005,VMP previous to 42278011000001103,321625005,VMP,0402010ABAAACAC
321626006,VMP previous to 42278211000001108,321626006,VMP,0402010ABAAADAD
321635004,VMP previous to 39703111000001104,321635004,VMP,0402010ABAAAFAF
321745007,VMP previous to 42291111000001104,321745007,VMP,0403010B0AAAGAG
321746008,VMP previous to 42291211000001105,321746008,VMP,0403010B0AAAHAH
321747004,VMP previous to 42291311000001102,321747004,VMP,0403010B0AAAIAI
321761009,VMP previous to 35901411000001107,321761009,VMP,0403010B0AAANAN
321762002,VMP previous to 35901611000001105,321762002,VMP,0403010B0AAAFAF
321763007,VMP previous to 35901211000001108,321763007,VMP,0403010B0AAAAAA
321765000,VMP previous to 35901511000001106,321765000,VMP,0403010B0AAABAB
321785001,VMP previous to 42269711000001101,321785001,VMP,0403010F0AAAAAA
321786000,VMP previous to 42269811000001109,321786000,VMP,0403010F0AAABAB
321787009,VMP previous to 42269911000001104,321787009,VMP,0403010F0AAACAC
321789007,VMP previous to 36089011000001108,321789007,VMP,0403010F0AAADAD
321790003,VMP previous to 36089111000001109,321790003,VMP,0403010F0AAARAR
321805008,VMP previous to 42270611000001107,321805008,VMP,0403010J0AAAAAA
321806009,VMP previous to 42270711000001103,321806009,VMP,0403010J0AAAIAI
321811006,VMP previous to 42270811000001106,321811006,VMP,0403010L0AAAAAA
321812004,VMP previous to 42270911000001101,321812004,VMP,0403010L0AAABAB
321813009,VMP previous to 42271011000001109,321813009,VMP,0403010L0AAACAC
321814003,VMP previous to 42271111000001105,321814003,VMP,0403010L0AAADAD
321816001,VMP previous to 42295311000001100,321816001,VMP,0403010N0AAADAD
321817005,VMP previous to 42295411000001107,321817005,VMP,0403010N0AAAEAE
321825007,VMP previous to 36046511000001104,321825007,VMP,0403010N0AAACAC
321834002,VMP previous to 36040411000001100,321834002,VMP,0403010R0AAALAL
321835001,VMP previous to 39699211000001104,321835001,VMP,0403010R0AAAAAA
321841008,VMP previous to 42273711000001107,321841008,VMP,0403010S0AAAAAA
321842001,VMP previous to 42273811000001104,321842001,VMP,0403010S0AAABAB
321843006,VMP previous to 42273911000001109,321843006,VMP,0403010S0AAAEAE
321844000,VMP previous to 42274011000001107,321844000,VMP,0403010S0AAADAD
321846003,VMP previous to 42274111000001108,321846003,VMP,0403010T0AAAAAA
321847007,VMP previous to 42274211000001102,321847007,VMP,0403010T0AAABAB
321848002,VMP previous to 42274311000001105,321848002,VMP,0403010T0AAACAC
321861002,VMP previous to 39701411000001105,321861002,VMP,0403010V0AAADAD
321864005,VMP previous to 39701511000001109,321864005,VMP,0403010V0AAAEAE
321877001,VMP previous to 42280611000001101,321877001,VMP,0403010X0AAADAD
321880000,VMP previous to 42280411000001104,321880000,VMP,0403010X0AAABAB
321881001,VMP previous to 42280711000001105,321881001,VMP,0403010X0AAAAAA
321886006,VMP previous to 42281111000001103,321886006,VMP,0403010Y0AAAAAA
321887002,VMP previous to 42280911000001107,321887002,VMP,0403010Y0AAABAB
321888007,VMP previous to 42281011000001104,321888007,VMP,0403010Y0AAACAC
321893005,VMP previous to 42268011000001108,321893005,VMP,0403010C0AAABAB
321894004,VMP previous to 42206311000001108,321894004,VMP,0403010C0AAACAC
321902007,VMP previous to 42277211000001109,321902007,VMP,0403020M0AAAAAA
321908006,VMP previous to 42273411000001101,321908006,VMP,0403020H0AAAAAA
321910008,VMP previous to 39708811000001101,321910008,VMP,0403020Q0AAAAAA
321913005,VMP previous to 42274911000001106,321913005,VMP,0403020K0AAAAAA
321915003,VMP previous to 42275011000001106,321915003,VMP,0403020K0AAACAC
321926009,VMP previous to 39692711000001100,321926009,VMP,0403010V0AAALAL
321927000,VMP previous to 39692911000001103,321927000,VMP,0403010V0AAAMAM
321929002,VMP previous to 39731811000001104,321929002,VMP,0403010B0AAA8A8
321930007,VMP previous to 39731711000001107,321930007,VMP,0403010B0AAA9A9
321935002,VMP previous to 39692511000001105,321935002,VMP,0403040F0AAAAAA
321936001,VMP previous to 39692311000001104,321936001,VMP,0403040F0AAABAB
321941009,VMP previous to 41989911000001101,321941009,VMP,0403040S0AAABAB
321945000,VMP previous to 42272511000001109,321945000,VMP,0403030L0AAAAAA
321947008,VMP previous to 42272411000001105,321947008,VMP,0403030L0AAABAB
321949006,VMP previous to 42271711000001106,321949006,VMP,0403030E0AAAAAA
321951005,VMP previous to 42271811000001103,321951005,VMP,0403030E0AAACAC
321954002,VMP previous to 42272011000001101,321954002,VMP,0403030E0AAAEAE
321959007,VMP previous to 39704111000001102,321959007,VMP,0403030Q0AAAAAA
321960002,VMP previous to 39704011000001103,321960002,VMP,0403030Q0AAABAB
321964006,VMP previous to 42276511000001105,321964006,VMP,0403030P0AAAAAA
321966008,VMP previous to 42276611000001109,321966008,VMP,0403030P0AAABAB
321968009,VMP previous to 36565911000001109,321968009,VMP,0403030P0AAAGAG
321970000,VMP previous to 39707611000001104,321970000,VMP,0403040W0AAAAAA
321971001,VMP previous to 39707411000001102,321971001,VMP,0403040W0AAABAB
321974009,VMP previous to 39707311000001109,321974009,VMP,0403040W0AAACAC
321976006,VMP previous to 38750311000001104,321976006,VMP,0403040W0AAADAD
321978007,VMP previous to 38750411000001106,321978007,VMP,0403040W0AAAEAE
321980001,VMP previous to 42275111000001107,321980001,VMP,0403040T0AAAAAA
321981002,VMP previous to 42275211000001101,321981002,VMP,0403040T0AAABAB
321984005,VMP previous to 36061911000001105,321984005,VMP,0403040T0AAACAC
321987003,VMP previous to 42269411000001107,321987003,VMP,0403030D0AAAAAA
321989000,VMP previous to 42269311000001100,321989000,VMP,0403030D0AAABAB
321991008,VMP previous to 42269511000001106,321991008,VMP,0403030D0AAACAC
321994000,VMP previous to 42269611000001105,321994000,VMP,0403030Z0AAAAAA
321996003,VMP previous to 39703311000001102,321996003,VMP,0403040U0AAAAAA
321998002,VMP previous to 42274711000001109,321998002,VMP,0403040X0AAAAAA
323069006,VMP previous to 42127911000001104,323069006,VMP,0401020K0AABQBQ
323071006,VMP previous to 36097511000001106,323071006,VMP,0401020K0AAAQAQ
323072004,VMP previous to 36097611000001105,323072004,VMP,0401020K0AAACAC
323073009,VMP previous to 39709411000001106,323073009,VMP,0401020K0AAADAD
323074003,VMP previous to 42127811000001109,323074003,VMP,0401020K0AAAEAE
3404611000001102,VMP previous to 42271211000001104,3404611000001102,VMP,0403030X0AAAAAA
3682711000001102,VMP previous to 42125611000001103,3682711000001102,VMP,0401030H0AAABAB
373959000,VMP previous to 42271511000001101,373959000,VMP,0403030E0AAALAL
373965000,VMP previous to 42271611000001102,373965000,VMP,0403030E0AAAPAP
375193003,VMP previous to 42274511000001104,375193003,VMP,0403040X0AAANAN
375194009,VMP previous to 42274411000001103,375194009,VMP,0403040X0AAALAL
375195005,VMP previous to 42274611000001100,375195005,VMP,0403040X0AAAJAJ
375196006,VMP previous to 42274811000001101,375196006,VMP,0403040X0AAAPAP
376689003,VMP previous to 42280811000001102,376689003,VMP,0403010X0AAAPAP
376690007,VMP previous to 42280511000001100,376690007,VMP,0403010X0AAAQAQ
376803002,VMP previous to 42271911000001108,376803002,VMP,0403030E0AAANAN
377147002,VMP previous to 42131711000001107,377147002,VMP,0401020P0AAADAD
377277000,VMP previous to 42126711000001104,377277000,VMP,0102000D0AAAHAH
398895004,VMP previous to 38894311000001101,398895004,VMP,0401020K0AAAWAW
407915000,VMP previous to 42271211000001104,407915000,VMP,0403030X0AAAAAA
408067001,VMP previous to 42271311000001107,408067001,VMP,0403030X0AAABAB
4090211000001104,VMP previous to 42136911000001104,4090211000001104,VMP,0401030T0AAAAAA
409150001,VMP previous to 42271411000001100,409150001,VMP,0403030X0AAACAC
416946001,VMP previous to 42294211000001107,416946001,VMP,0403040Y0AAABAB
417231005,VMP previous to 42294111000001101,417231005,VMP,0403040Y0AAAAAA
421041006,VMP previous to 39701911000001102,421041006,VMP,0403030P0AAAKAK
422084009,VMP previous to 42276711000001100,422084009,VMP,0403030P0AAALAL
426016003,VMP previous to 42128011000001102,426016003,VMP,0401020K0AABMBM
426401009,VMP previous to 42278411000001107,426401009,VMP,0402010ABAAAXAX
426802009,VMP previous to 42278111000001102,426802009,VMP,0402010ABAAAWAW
426954000,VMP previous to 42278611000001105,426954000,VMP,0402010ABAAAYAY
429830008,VMP previous to 42278511000001106,429830008,VMP,0402010ABAAAKAK
4860611000001103,VMP previous to 42274611000001100,4860611000001103,VMP,0403040X0AAAJAJ
4956911000001105,VMP previous to 42271311000001107,4956911000001105,VMP,0403030X0AAABAB
5000111000001100,VMP previous to 42278511000001106,5000111000001100,VMP,0402010ABAAAKAK
5627811000001105,VMP previous to 42274411000001103,5627811000001105,VMP,0403040X0AAALAL
7335411000001106,VMP previous to 42271411000001100,7335411000001106,VMP,0403030X0AAACAC
8793011000001102,VMP previous to 42128011000001102,8793011000001102,VMP,0401020K0AABMBM
8797111000001109,VMP previous to 42274511000001104,8797111000001109,VMP,0403040X0AAANAN
8797311000001106,VMP previous to 42274811000001101,8797311000001106,VMP,0403040X0AAAPAP
9042911000001100,VMP previous to 42294111000001101,9042911000001100,VMP,0403040Y0AAAAAA
9043011000001108,VMP previous to 42294211000001107,9043011000001108,VMP,0403040Y0AAABAB
