code,term,dmd_id,dmd_type,bnf_code
42137911000001101,Valproic acid 150mg gastro-resistant capsules,42137911000001101,VMP,040801020AAAAAA
42138111000001103,Valproic acid 300mg gastro-resistant capsules,42138111000001103,VMP,040801020AAABAB
42138211000001109,Valproic acid 500mg gastro-resistant capsules,42138211000001109,VMP,040801020AAACAC
15535811000001106,Valproic acid 250mg/5ml oral solution,15535811000001106,VMP,040801020AAAFAF
15536811000001103,Valproic acid 250mg/5ml oral suspension,15536811000001103,VMP,040801020AAAFAF
15534811000001105,Valproic acid 250mg/5ml oral solution,15534811000001105,AMP,040801020AAAFAF
15536111000001105,Valproic acid 250mg/5ml oral suspension,15536111000001105,AMP,040801020AAAFAF
16102311000001106,Valproic acid 500mg/5ml oral solution,16102311000001106,VMP,040801020AAAGAG
16102411000001104,Valproic acid 500mg/5ml oral suspension,16102411000001104,VMP,040801020AAAGAG
16097311000001102,Valproic acid 500mg/5ml oral solution,16097311000001102,AMP,040801020AAAGAG
16097611000001107,Valproic acid 500mg/5ml oral suspension,16097611000001107,AMP,040801020AAAGAG
11146711000001104,Valproic acid 125mg gastro-resistant capsules,11146711000001104,VMP,040801020AAAHAH
3920911000001105,Convulex 150mg gastro-resistant capsules,3920911000001105,AMP,040801020BBAAAA
3921311000001104,Convulex 300mg gastro-resistant capsules,3921311000001104,AMP,040801020BBABAB
3921711000001100,Convulex 500mg gastro-resistant capsules,3921711000001100,AMP,040801020BBACAC
11141611000001101,Depakote 125mg sprinkle gastro-resistant capsules,11141611000001101,AMP,040801020BCACAH
42137711000001103,Topiramate 50mg tablets,42137711000001103,VMP,040801050AAAAAA
16186411000001104,Topiramate 50mg tablets,16186411000001104,AMP,040801050AAAAAA
18469711000001106,Topiramate 50mg tablets,18469711000001106,AMP,040801050AAAAAA
16085711000001105,Topiramate 50mg tablets,16085711000001105,AMP,040801050AAAAAA
42347711000001109,Topiramate 50mg tablets,42347711000001109,AMP,040801050AAAAAA
16167211000001104,Topiramate 50mg tablets,16167211000001104,AMP,040801050AAAAAA
17576211000001101,Topiramate 50mg tablets,17576211000001101,AMP,040801050AAAAAA
38407511000001105,Topiramate 50mg tablets,38407511000001105,AMP,040801050AAAAAA
30102611000001109,Topiramate 50mg tablets,30102611000001109,AMP,040801050AAAAAA
37338711000001109,Topiramate 50mg tablets,37338711000001109,AMP,040801050AAAAAA
30923611000001106,Topiramate 50mg tablets,30923611000001106,AMP,040801050AAAAAA
39912911000001103,Topiramate 50mg tablets,39912911000001103,AMP,040801050AAAAAA
35186811000001102,Topiramate 50mg tablets,35186811000001102,AMP,040801050AAAAAA
35949011000001107,Topiramate 50mg tablets,35949011000001107,AMP,040801050AAAAAA
43767911000001106,Topiramate 50mg tablets,43767911000001106,AMP,040801050AAAAAA
20004911000001102,Topiramate 50mg tablets,20004911000001102,AMP,040801050AAAAAA
17823411000001105,Topiramate 50mg tablets,17823411000001105,AMP,040801050AAAAAA
20902311000001102,Topiramate 50mg tablets,20902311000001102,AMP,040801050AAAAAA
16215311000001100,Topiramate 50mg tablets,16215311000001100,AMP,040801050AAAAAA
40288111000001104,Topiramate 50mg tablets,40288111000001104,AMP,040801050AAAAAA
16177611000001108,Topiramate 50mg tablets,16177611000001108,AMP,040801050AAAAAA
36880211000001106,Topiramate 50mg tablets,36880211000001106,AMP,040801050AAAAAA
16628111000001104,Topiramate 50mg tablets,16628111000001104,AMP,040801050AAAAAA
21891411000001104,Topiramate 50mg tablets,21891411000001104,AMP,040801050AAAAAA
16188811000001101,Topiramate 50mg tablets,16188811000001101,AMP,040801050AAAAAA
42137411000001109,Topiramate 100mg tablets,42137411000001109,VMP,040801050AAABAB
16186611000001101,Topiramate 100mg tablets,16186611000001101,AMP,040801050AAABAB
18469111000001105,Topiramate 100mg tablets,18469111000001105,AMP,040801050AAABAB
16085911000001107,Topiramate 100mg tablets,16085911000001107,AMP,040801050AAABAB
42347911000001106,Topiramate 100mg tablets,42347911000001106,AMP,040801050AAABAB
16167511000001101,Topiramate 100mg tablets,16167511000001101,AMP,040801050AAABAB
17576411000001102,Topiramate 100mg tablets,17576411000001102,AMP,040801050AAABAB
38416311000001104,Topiramate 100mg tablets,38416311000001104,AMP,040801050AAABAB
30102811000001108,Topiramate 100mg tablets,30102811000001108,AMP,040801050AAABAB
37338911000001106,Topiramate 100mg tablets,37338911000001106,AMP,040801050AAABAB
38087311000001105,Topiramate 100mg tablets,38087311000001105,AMP,040801050AAABAB
32448411000001106,Topiramate 100mg tablets,32448411000001106,AMP,040801050AAABAB
30923811000001105,Topiramate 100mg tablets,30923811000001105,AMP,040801050AAABAB
39912311000001104,Topiramate 100mg tablets,39912311000001104,AMP,040801050AAABAB
35187011000001106,Topiramate 100mg tablets,35187011000001106,AMP,040801050AAABAB
35949811000001101,Topiramate 100mg tablets,35949811000001101,AMP,040801050AAABAB
43767311000001105,Topiramate 100mg tablets,43767311000001105,AMP,040801050AAABAB
20005111000001101,Topiramate 100mg tablets,20005111000001101,AMP,040801050AAABAB
17823611000001108,Topiramate 100mg tablets,17823611000001108,AMP,040801050AAABAB
20905111000001106,Topiramate 100mg tablets,20905111000001106,AMP,040801050AAABAB
16215511000001106,Topiramate 100mg tablets,16215511000001106,AMP,040801050AAABAB
40209211000001101,Topiramate 100mg tablets,40209211000001101,AMP,040801050AAABAB
16177911000001102,Topiramate 100mg tablets,16177911000001102,AMP,040801050AAABAB
36880411000001105,Topiramate 100mg tablets,36880411000001105,AMP,040801050AAABAB
16624011000001109,Topiramate 100mg tablets,16624011000001109,AMP,040801050AAABAB
21891611000001101,Topiramate 100mg tablets,21891611000001101,AMP,040801050AAABAB
16189411000001106,Topiramate 100mg tablets,16189411000001106,AMP,040801050AAABAB
42137511000001108,Topiramate 200mg tablets,42137511000001108,VMP,040801050AAACAC
16186811000001102,Topiramate 200mg tablets,16186811000001102,AMP,040801050AAACAC
18469311000001107,Topiramate 200mg tablets,18469311000001107,AMP,040801050AAACAC
16086111000001103,Topiramate 200mg tablets,16086111000001103,AMP,040801050AAACAC
42348111000001109,Topiramate 200mg tablets,42348111000001109,AMP,040801050AAACAC
16167711000001106,Topiramate 200mg tablets,16167711000001106,AMP,040801050AAACAC
17576711000001108,Topiramate 200mg tablets,17576711000001108,AMP,040801050AAACAC
38413711000001107,Topiramate 200mg tablets,38413711000001107,AMP,040801050AAACAC
30103611000001104,Topiramate 200mg tablets,30103611000001104,AMP,040801050AAACAC
37339111000001101,Topiramate 200mg tablets,37339111000001101,AMP,040801050AAACAC
35086411000001108,Topiramate 200mg tablets,35086411000001108,AMP,040801050AAACAC
32448711000001100,Topiramate 200mg tablets,32448711000001100,AMP,040801050AAACAC
30924011000001102,Topiramate 200mg tablets,30924011000001102,AMP,040801050AAACAC
39912511000001105,Topiramate 200mg tablets,39912511000001105,AMP,040801050AAACAC
35187211000001101,Topiramate 200mg tablets,35187211000001101,AMP,040801050AAACAC
38953611000001108,Topiramate 200mg tablets,38953611000001108,AMP,040801050AAACAC
43767511000001104,Topiramate 200mg tablets,43767511000001104,AMP,040801050AAACAC
20005311000001104,Topiramate 200mg tablets,20005311000001104,AMP,040801050AAACAC
17825411000001109,Topiramate 200mg tablets,17825411000001109,AMP,040801050AAACAC
20910211000001106,Topiramate 200mg tablets,20910211000001106,AMP,040801050AAACAC
16215711000001101,Topiramate 200mg tablets,16215711000001101,AMP,040801050AAACAC
40288311000001102,Topiramate 200mg tablets,40288311000001102,AMP,040801050AAACAC
16178111000001104,Topiramate 200mg tablets,16178111000001104,AMP,040801050AAACAC
36880811000001107,Topiramate 200mg tablets,36880811000001107,AMP,040801050AAACAC
16625811000001102,Topiramate 200mg tablets,16625811000001102,AMP,040801050AAACAC
21891811000001102,Topiramate 200mg tablets,21891811000001102,AMP,040801050AAACAC
16190711000001108,Topiramate 200mg tablets,16190711000001108,AMP,040801050AAACAC
42137611000001107,Topiramate 25mg tablets,42137611000001107,VMP,040801050AAADAD
16186211000001103,Topiramate 25mg tablets,16186211000001103,AMP,040801050AAADAD
18469511000001101,Topiramate 25mg tablets,18469511000001101,AMP,040801050AAADAD
16085211000001103,Topiramate 25mg tablets,16085211000001103,AMP,040801050AAADAD
42347511000001104,Topiramate 25mg tablets,42347511000001104,AMP,040801050AAADAD
16166811000001100,Topiramate 25mg tablets,16166811000001100,AMP,040801050AAADAD
17576011000001106,Topiramate 25mg tablets,17576011000001106,AMP,040801050AAADAD
38414811000001101,Topiramate 25mg tablets,38414811000001101,AMP,040801050AAADAD
30102411000001106,Topiramate 25mg tablets,30102411000001106,AMP,040801050AAADAD
37382411000001105,Topiramate 25mg tablets,37382411000001105,AMP,040801050AAADAD
37145611000001104,Topiramate 25mg tablets,37145611000001104,AMP,040801050AAADAD
39912711000001100,Topiramate 25mg tablets,39912711000001100,AMP,040801050AAADAD
35186611000001101,Topiramate 25mg tablets,35186611000001101,AMP,040801050AAADAD
35943611000001102,Topiramate 25mg tablets,35943611000001102,AMP,040801050AAADAD
43767711000001109,Topiramate 25mg tablets,43767711000001109,AMP,040801050AAADAD
20004711000001104,Topiramate 25mg tablets,20004711000001104,AMP,040801050AAADAD
17823211000001106,Topiramate 25mg tablets,17823211000001106,AMP,040801050AAADAD
20901711000001105,Topiramate 25mg tablets,20901711000001105,AMP,040801050AAADAD
16215111000001102,Topiramate 25mg tablets,16215111000001102,AMP,040801050AAADAD
40287911000001102,Topiramate 25mg tablets,40287911000001102,AMP,040801050AAADAD
16177411000001105,Topiramate 25mg tablets,16177411000001105,AMP,040801050AAADAD
36879811000001107,Topiramate 25mg tablets,36879811000001107,AMP,040801050AAADAD
16627011000001101,Topiramate 25mg tablets,16627011000001101,AMP,040801050AAADAD
21891211000001103,Topiramate 25mg tablets,21891211000001103,AMP,040801050AAADAD
16188011000001107,Topiramate 25mg tablets,16188011000001107,AMP,040801050AAADAD
13355411000001101,Topiramate 10mg/5ml oral solution,13355411000001101,VMP,040801050AAAQAQ
13324611000001103,Topiramate 10mg/5ml oral suspension,13324611000001103,VMP,040801050AAAQAQ
13334211000001102,Topiramate 10mg/5ml oral solution,13334211000001102,AMP,040801050AAAQAQ
13319011000001104,Topiramate 10mg/5ml oral suspension,13319011000001104,AMP,040801050AAAQAQ
8723811000001103,Topiramate 50mg/5ml oral suspension,8723811000001103,VMP,040801050AAARAR
8713811000001109,Topiramate 50mg/5ml oral suspension,8713811000001109,AMP,040801050AAARAR
13357311000001100,Topiramate 75mg/5ml oral solution,13357311000001100,VMP,040801050AAASAS
13357411000001107,Topiramate 75mg/5ml oral suspension,13357411000001107,VMP,040801050AAASAS
13337511000001107,Topiramate 75mg/5ml oral solution,13337511000001107,AMP,040801050AAASAS
13333611000001103,Topiramate 75mg/5ml oral suspension,13333611000001103,AMP,040801050AAASAS
35919911000001103,Topiramate 15mg capsules,35919911000001103,VMP,040801050AAAUAU
16185611000001106,Topiramate 15mg capsules,16185611000001106,AMP,040801050AAAUAU
17575211000001107,Topiramate 15mg capsules,17575211000001107,AMP,040801050AAAUAU
16168111000001106,Topiramate 15mg capsules,16168111000001106,AMP,040801050AAAUAU
30101411000001101,Topiramate 15mg capsules,30101411000001101,AMP,040801050AAAUAU
17822011000001105,Topiramate 15mg capsules,17822011000001105,AMP,040801050AAAUAU
20910411000001105,Topiramate 15mg capsules,20910411000001105,AMP,040801050AAAUAU
18742711000001100,Topiramate 15mg capsules,18742711000001100,AMP,040801050AAAUAU
16176811000001105,Topiramate 15mg capsules,16176811000001105,AMP,040801050AAAUAU
21884711000001109,Topiramate 15mg capsules,21884711000001109,AMP,040801050AAAUAU
35920011000001101,Topiramate 25mg capsules,35920011000001101,VMP,040801050AAAVAV
16185811000001105,Topiramate 25mg capsules,16185811000001105,AMP,040801050AAAVAV
17575611000001109,Topiramate 25mg capsules,17575611000001109,AMP,040801050AAAVAV
16168411000001101,Topiramate 25mg capsules,16168411000001101,AMP,040801050AAAVAV
30101611000001103,Topiramate 25mg capsules,30101611000001103,AMP,040801050AAAVAV
17822611000001103,Topiramate 25mg capsules,17822611000001103,AMP,040801050AAAVAV
20910611000001108,Topiramate 25mg capsules,20910611000001108,AMP,040801050AAAVAV
18742911000001103,Topiramate 25mg capsules,18742911000001103,AMP,040801050AAAVAV
16177011000001101,Topiramate 25mg capsules,16177011000001101,AMP,040801050AAAVAV
21884911000001106,Topiramate 25mg capsules,21884911000001106,AMP,040801050AAAVAV
35920111000001100,Topiramate 50mg capsules,35920111000001100,VMP,040801050AAAWAW
16186011000001108,Topiramate 50mg capsules,16186011000001108,AMP,040801050AAAWAW
17575811000001108,Topiramate 50mg capsules,17575811000001108,AMP,040801050AAAWAW
16168611000001103,Topiramate 50mg capsules,16168611000001103,AMP,040801050AAAWAW
30102011000001102,Topiramate 50mg capsules,30102011000001102,AMP,040801050AAAWAW
30923411000001108,Topiramate 50mg capsules,30923411000001108,AMP,040801050AAAWAW
17822911000001109,Topiramate 50mg capsules,17822911000001109,AMP,040801050AAAWAW
20910811000001107,Topiramate 50mg capsules,20910811000001107,AMP,040801050AAAWAW
16177211000001106,Topiramate 50mg capsules,16177211000001106,AMP,040801050AAAWAW
21885111000001107,Topiramate 50mg capsules,21885111000001107,AMP,040801050AAAWAW
13355511000001102,Topiramate 12.5mg/5ml oral solution,13355511000001102,VMP,040801050AAAXAX
13324711000001107,Topiramate 12.5mg/5ml oral suspension,13324711000001107,VMP,040801050AAAXAX
13334511000001104,Topiramate 12.5mg/5ml oral solution,13334511000001104,AMP,040801050AAAXAX
13319311000001101,Topiramate 12.5mg/5ml oral suspension,13319311000001101,AMP,040801050AAAXAX
13355611000001103,Topiramate 125mg/5ml oral solution,13355611000001103,VMP,040801050AAAYAY
13324811000001104,Topiramate 125mg/5ml oral suspension,13324811000001104,VMP,040801050AAAYAY
13334811000001101,Topiramate 125mg/5ml oral solution,13334811000001101,AMP,040801050AAAYAY
13319811000001105,Topiramate 125mg/5ml oral suspension,13319811000001105,AMP,040801050AAAYAY
13324511000001102,Topiramate 100mg/5ml oral suspension,13324511000001102,VMP,040801050AAAZAZ
13318511000001101,Topiramate 100mg/5ml oral suspension,13318511000001101,AMP,040801050AAAZAZ
13356011000001101,Topiramate 200mg/5ml oral solution,13356011000001101,VMP,040801050AABABA
13356111000001100,Topiramate 200mg/5ml oral suspension,13356111000001100,VMP,040801050AABABA
13335411000001102,Topiramate 200mg/5ml oral solution,13335411000001102,AMP,040801050AABABA
13332111000001100,Topiramate 200mg/5ml oral suspension,13332111000001100,AMP,040801050AABABA
13356411000001105,Topiramate 20mg/5ml oral solution,13356411000001105,VMP,040801050AABDBD
13356611000001108,Topiramate 20mg/5ml oral suspension,13356611000001108,VMP,040801050AABDBD
13335711000001108,Topiramate 20mg/5ml oral solution,13335711000001108,AMP,040801050AABDBD
13332411000001105,Topiramate 20mg/5ml oral suspension,13332411000001105,AMP,040801050AABDBD
13357111000001102,Topiramate 6.25mg/5ml oral solution,13357111000001102,VMP,040801050AABHBH
13357211000001108,Topiramate 6.25mg/5ml oral suspension,13357211000001108,VMP,040801050AABHBH
13337211000001109,Topiramate 6.25mg/5ml oral solution,13337211000001109,AMP,040801050AABHBH
13333311000001108,Topiramate 6.25mg/5ml oral suspension,13333311000001108,AMP,040801050AABHBH
13356911000001102,Topiramate 5mg/5ml oral solution,13356911000001102,VMP,040801050AABIBI
13357011000001103,Topiramate 5mg/5ml oral suspension,13357011000001103,VMP,040801050AABIBI
13336911000001103,Topiramate 5mg/5ml oral solution,13336911000001103,AMP,040801050AABIBI
13333011000001105,Topiramate 5mg/5ml oral suspension,13333011000001105,AMP,040801050AABIBI
13356711000001104,Topiramate 30mg/5ml oral solution,13356711000001104,VMP,040801050AABLBL
13356811000001107,Topiramate 30mg/5ml oral suspension,13356811000001107,VMP,040801050AABLBL
13336311000001104,Topiramate 30mg/5ml oral solution,13336311000001104,AMP,040801050AABLBL
13332711000001104,Topiramate 30mg/5ml oral suspension,13332711000001104,AMP,040801050AABLBL
13355711000001107,Topiramate 12mg/5ml oral solution,13355711000001107,VMP,040801050AABPBP
13355911000001109,Topiramate 12mg/5ml oral suspension,13355911000001109,VMP,040801050AABPBP
13335111000001107,Topiramate 12mg/5ml oral solution,13335111000001107,AMP,040801050AABPBP
13331811000001103,Topiramate 12mg/5ml oral suspension,13331811000001103,AMP,040801050AABPBP
14984711000001105,Topiramate 35mg/5ml oral solution,14984711000001105,VMP,040801050AABRBR
14984811000001102,Topiramate 35mg/5ml oral suspension,14984811000001102,VMP,040801050AABRBR
14982011000001102,Topiramate 35mg/5ml oral solution,14982011000001102,AMP,040801050AABRBR
14982411000001106,Topiramate 35mg/5ml oral suspension,14982411000001106,AMP,040801050AABRBR
15381511000001104,Topiramate 150mg/5ml oral solution,15381511000001104,VMP,040801050AABSBS
15381611000001100,Topiramate 150mg/5ml oral suspension,15381611000001100,VMP,040801050AABSBS
15379811000001109,Topiramate 150mg/5ml oral solution,15379811000001109,AMP,040801050AABSBS
15380111000001102,Topiramate 150mg/5ml oral suspension,15380111000001102,AMP,040801050AABSBS
16075911000001100,Topiramate 16mg/5ml oral solution,16075911000001100,VMP,040801050AABTBT
16076011000001108,Topiramate 16mg/5ml oral suspension,16076011000001108,VMP,040801050AABTBT
16041811000001108,Topiramate 16mg/5ml oral solution,16041811000001108,AMP,040801050AABTBT
16042411000001101,Topiramate 16mg/5ml oral suspension,16042411000001101,AMP,040801050AABTBT
16091311000001108,Topiramate 67.5mg/5ml oral solution,16091311000001108,VMP,040801050AABUBU
16091411000001101,Topiramate 67.5mg/5ml oral suspension,16091411000001101,VMP,040801050AABUBU
16082211000001108,Topiramate 67.5mg/5ml oral solution,16082211000001108,AMP,040801050AABUBU
16082511000001106,Topiramate 67.5mg/5ml oral suspension,16082511000001106,AMP,040801050AABUBU
16091111000001106,Topiramate 15mg/5ml oral solution,16091111000001106,VMP,040801050AABVBV
16091211000001100,Topiramate 15mg/5ml oral suspension,16091211000001100,VMP,040801050AABVBV
16087911000001102,Topiramate 15mg/5ml oral solution,16087911000001102,AMP,040801050AABVBV
16088411000001109,Topiramate 15mg/5ml oral suspension,16088411000001109,AMP,040801050AABVBV
8723911000001108,Topiramate 25mg/5ml oral suspension,8723911000001108,VMP,040801050AABXBX
8713411000001107,Topiramate 25mg/5ml oral suspension,8713411000001107,AMP,040801050AABXBX
20556611000001105,Topiramate 250mg/5ml oral suspension,20556611000001105,VMP,040801050AABZBZ
20545111000001105,Topiramate 250mg/5ml oral suspension,20545111000001105,AMP,040801050AABZBZ
13355211000001100,Topiramate 100mg/5ml oral solution,13355211000001100,VMP,040801050AACCCC
13333911000001109,Topiramate 100mg/5ml oral solution,13333911000001109,AMP,040801050AACCCC
32638611000001106,Topiramate 62.5mg/5ml oral suspension,32638611000001106,VMP,040801050AACDCD
32623011000001109,Topiramate 62.5mg/5ml oral suspension,32623011000001109,AMP,040801050AACDCD
32880411000001109,Topiramate 25mg/5ml oral solution,32880411000001109,VMP,040801050AACECE
32845211000001108,Topiramate 25mg/5ml oral solution,32845211000001108,AMP,040801050AACECE
32880511000001108,Topiramate 8mg/5ml oral suspension,32880511000001108,VMP,040801050AACFCF
32857111000001108,Topiramate 8mg/5ml oral suspension,32857111000001108,AMP,040801050AACFCF
36753211000001109,Topiramate 50mg/5ml oral suspension sugar free,36753211000001109,VMP,040801050AACGCG
38744011000001106,Topiramate 50mg/5ml oral suspension sugar free,38744011000001106,AMP,040801050AACGCG
36941411000001102,Topiramate 50mg/5ml oral suspension sugar free,36941411000001102,AMP,040801050AACGCG
37827411000001101,Topiramate 50mg/5ml oral suspension sugar free,37827411000001101,AMP,040801050AACGCG
36567411000001107,Topiramate 50mg/5ml oral suspension sugar free,36567411000001107,AMP,040801050AACGCG
36753111000001103,Topiramate 100mg/5ml oral suspension sugar free,36753111000001103,VMP,040801050AACHCH
36941611000001104,Topiramate 100mg/5ml oral suspension sugar free,36941611000001104,AMP,040801050AACHCH
37827611000001103,Topiramate 100mg/5ml oral suspension sugar free,37827611000001103,AMP,040801050AACHCH
36567811000001109,Topiramate 100mg/5ml oral suspension sugar free,36567811000001109,AMP,040801050AACHCH
138611000001109,Topamax 50mg tablets,138611000001109,AMP,040801050BBAAAA
823811000001105,Topamax 100mg tablets,823811000001105,AMP,040801050BBABAB
235111000001108,Topamax 200mg tablets,235111000001108,AMP,040801050BBACAC
290011000001107,Topamax 25mg tablets,290011000001107,AMP,040801050BBADAD
4205011000001105,Topamax 15mg sprinkle capsules,4205011000001105,AMP,040801050BBAEAU
4206011000001101,Topamax 25mg sprinkle capsules,4206011000001101,AMP,040801050BBAFAV
4206411000001105,Topamax 50mg sprinkle capsules,4206411000001105,AMP,040801050BBAGAW
8368611000001103,Clobazam 5mg/5ml oral solution,8368611000001103,VMP,040801060AAA1A1
8368811000001104,Clobazam 5mg/5ml oral suspension,8368811000001104,VMP,040801060AAA1A1
8367711000001106,Clobazam 5mg/5ml oral solution,8367711000001106,AMP,040801060AAA1A1
8368711000001107,Clobazam 5mg/5ml oral suspension,8368711000001107,AMP,040801060AAA1A1
8367511000001101,Clobazam 50mg/5ml oral solution,8367511000001101,VMP,040801060AAA2A2
8367611000001102,Clobazam 50mg/5ml oral suspension,8367611000001102,VMP,040801060AAA2A2
8364311000001103,Clobazam 50mg/5ml oral solution,8364311000001103,AMP,040801060AAA2A2
8364711000001104,Clobazam 50mg/5ml oral suspension,8364711000001104,AMP,040801060AAA2A2
8366411000001102,Clobazam 25mg/5ml oral solution,8366411000001102,VMP,040801060AAA3A3
8366611000001104,Clobazam 25mg/5ml oral suspension,8366611000001104,VMP,040801060AAA3A3
8362011000001107,Clobazam 25mg/5ml oral solution,8362011000001107,AMP,040801060AAA3A3
8363211000001108,Clobazam 25mg/5ml oral suspension,8363211000001108,AMP,040801060AAA3A3
8360711000001105,Clobazam 10mg/5ml oral solution,8360711000001105,VMP,040801060AAA4A4
8360811000001102,Clobazam 10mg/5ml oral suspension,8360811000001102,VMP,040801060AAA4A4
8352311000001102,Clobazam 10mg/5ml oral solution,8352311000001102,AMP,040801060AAA4A4
8354811000001100,Clobazam 10mg/5ml oral suspension,8354811000001100,AMP,040801060AAA4A4
12024011000001101,Clobazam 7.5mg/5ml oral solution,12024011000001101,VMP,040801060AAA5A5
12024111000001100,Clobazam 7.5mg/5ml oral suspension,12024111000001100,VMP,040801060AAA5A5
11964711000001100,Clobazam 7.5mg/5ml oral solution,11964711000001100,AMP,040801060AAA5A5
11964411000001106,Clobazam 7.5mg/5ml oral suspension,11964411000001106,AMP,040801060AAA5A5
12024311000001103,Clobazam 750micrograms/5ml oral solution,12024311000001103,VMP,040801060AAA6A6
12024411000001105,Clobazam 750micrograms/5ml oral suspension,12024411000001105,VMP,040801060AAA6A6
11965311000001100,Clobazam 750micrograms/5ml oral solution,11965311000001100,AMP,040801060AAA6A6
11965011000001103,Clobazam 750micrograms/5ml oral suspension,11965011000001103,AMP,040801060AAA6A6
8360911000001107,Clobazam 15mg/5ml oral solution,8360911000001107,VMP,040801060AAA7A7
8361011000001104,Clobazam 15mg/5ml oral suspension,8361011000001104,VMP,040801060AAA7A7
8352711000001103,Clobazam 15mg/5ml oral solution,8352711000001103,AMP,040801060AAA7A7
8355011000001105,Clobazam 15mg/5ml oral suspension,8355011000001105,AMP,040801060AAA7A7
8360211000001103,Clobazam 1mg/5ml oral solution,8360211000001103,VMP,040801060AAA8A8
8361111000001103,Clobazam 1mg/5ml oral suspension,8361111000001103,VMP,040801060AAA8A8
8348911000001100,Clobazam 1mg/5ml oral solution,8348911000001100,AMP,040801060AAA8A8
8352611000001107,Clobazam 1mg/5ml oral suspension,8352611000001107,AMP,040801060AAA8A8
12024811000001107,Clobazam 8mg/5ml oral solution,12024811000001107,VMP,040801060AAA9A9
12024911000001102,Clobazam 8mg/5ml oral suspension,12024911000001102,VMP,040801060AAA9A9
11966511000001104,Clobazam 8mg/5ml oral solution,11966511000001104,AMP,040801060AAA9A9
11966211000001102,Clobazam 8mg/5ml oral suspension,11966211000001102,AMP,040801060AAA9A9
8792211000001101,Clobazam 2.5mg capsules,8792211000001101,VMP,040801060AAAGAG
8747011000001101,Clobazam 2.5mg capsules,8747011000001101,AMP,040801060AAAGAG
8361211000001109,Clobazam 2.5mg/5ml oral solution,8361211000001109,VMP,040801060AABABA
8361311000001101,Clobazam 2.5mg/5ml oral suspension,8361311000001101,VMP,040801060AABABA
8356711000001104,Clobazam 2.5mg/5ml oral solution,8356711000001104,AMP,040801060AABABA
8357211000001108,Clobazam 2.5mg/5ml oral suspension,8357211000001108,AMP,040801060AABABA
8367211000001104,Clobazam 4mg/5ml oral solution,8367211000001104,VMP,040801060AABKBK
8367411000001100,Clobazam 4mg/5ml oral suspension,8367411000001100,VMP,040801060AABKBK
8363611000001105,Clobazam 4mg/5ml oral solution,8363611000001105,AMP,040801060AABKBK
8364411000001105,Clobazam 4mg/5ml oral suspension,8364411000001105,AMP,040801060AABKBK
8366911000001105,Clobazam 3.5mg/5ml oral solution,8366911000001105,VMP,040801060AABLBL
8367111000001105,Clobazam 3.5mg/5ml oral suspension,8367111000001105,VMP,040801060AABLBL
8361911000001100,Clobazam 3.5mg/5ml oral solution,8361911000001100,AMP,040801060AABLBL
8362511000001104,Clobazam 3.5mg/5ml oral suspension,8362511000001104,AMP,040801060AABLBL
8366711000001108,Clobazam 2mg/5ml oral solution,8366711000001108,VMP,040801060AABNBN
8366811000001100,Clobazam 2mg/5ml oral suspension,8366811000001100,VMP,040801060AABNBN
8363011000001103,Clobazam 2mg/5ml oral solution,8363011000001103,AMP,040801060AABNBN
8363911000001104,Clobazam 2mg/5ml oral suspension,8363911000001104,AMP,040801060AABNBN
12022811000001101,Clobazam 3.75mg/5ml oral solution,12022811000001101,VMP,040801060AABPBP
12022911000001106,Clobazam 3.75mg/5ml oral suspension,12022911000001106,VMP,040801060AABPBP
11962311000001106,Clobazam 3.75mg/5ml oral solution,11962311000001106,AMP,040801060AABPBP
11962011000001108,Clobazam 3.75mg/5ml oral suspension,11962011000001108,AMP,040801060AABPBP
8366211000001101,Clobazam 20mg/5ml oral solution,8366211000001101,VMP,040801060AABSBS
8366311000001109,Clobazam 20mg/5ml oral suspension,8366311000001109,VMP,040801060AABSBS
8362811000001101,Clobazam 20mg/5ml oral solution,8362811000001101,AMP,040801060AABSBS
8366111000001107,Clobazam 20mg/5ml oral suspension,8366111000001107,AMP,040801060AABSBS
42127011000001103,Clobazam 10mg tablets,42127011000001103,VMP,040801060AABTBT
10356611000001109,Clobazam 10mg tablets,10356611000001109,AMP,040801060AABTBT
15628011000001102,Clobazam 10mg tablets,15628011000001102,AMP,040801060AABTBT
16641011000001109,Clobazam 10mg tablets,16641011000001109,AMP,040801060AABTBT
42267011000001107,Clobazam 10mg tablets,42267011000001107,AMP,040801060AABTBT
44436711000001105,Clobazam 10mg tablets,44436711000001105,AMP,040801060AABTBT
30042411000001109,Clobazam 10mg tablets,30042411000001109,AMP,040801060AABTBT
32397611000001108,Clobazam 10mg tablets,32397611000001108,AMP,040801060AABTBT
38843311000001109,Clobazam 10mg tablets,38843311000001109,AMP,040801060AABTBT
17860211000001106,Clobazam 10mg tablets,17860211000001106,AMP,040801060AABTBT
29789511000001107,Clobazam 10mg tablets,29789511000001107,AMP,040801060AABTBT
18389711000001104,Clobazam 10mg tablets,18389711000001104,AMP,040801060AABTBT
21858711000001105,Clobazam 10mg tablets,21858711000001105,AMP,040801060AABTBT
12022511000001104,Clobazam 250micrograms/5ml oral solution,12022511000001104,VMP,040801060AABUBU
12022611000001100,Clobazam 250micrograms/5ml oral suspension,12022611000001100,VMP,040801060AABUBU
11961411000001109,Clobazam 250micrograms/5ml oral solution,11961411000001109,AMP,040801060AABUBU
11961111000001104,Clobazam 250micrograms/5ml oral suspension,11961111000001104,AMP,040801060AABUBU
12023611000001105,Clobazam 600micrograms/5ml oral solution,12023611000001105,VMP,040801060AABWBW
12023811000001109,Clobazam 600micrograms/5ml oral suspension,12023811000001109,VMP,040801060AABWBW
11964111000001101,Clobazam 600micrograms/5ml oral solution,11964111000001101,AMP,040801060AABWBW
11963811000001105,Clobazam 600micrograms/5ml oral suspension,11963811000001105,AMP,040801060AABWBW
12024511000001109,Clobazam 7mg/5ml oral solution,12024511000001109,VMP,040801060AABXBX
12024611000001108,Clobazam 7mg/5ml oral suspension,12024611000001108,VMP,040801060AABXBX
11965911000001104,Clobazam 7mg/5ml oral solution,11965911000001104,AMP,040801060AABXBX
11965611000001105,Clobazam 7mg/5ml oral suspension,11965611000001105,AMP,040801060AABXBX
8360011000001108,Clobazam 12.5mg/5ml oral solution,8360011000001108,VMP,040801060AABYBY
8360111000001109,Clobazam 12.5mg/5ml oral suspension,8360111000001109,VMP,040801060AABYBY
8344911000001107,Clobazam 12.5mg/5ml oral solution,8344911000001107,AMP,040801060AABYBY
8345411000001103,Clobazam 12.5mg/5ml oral suspension,8345411000001103,AMP,040801060AABYBY
12021911000001100,Clobazam 1.5mg/5ml oral solution,12021911000001100,VMP,040801060AABZBZ
12022011000001107,Clobazam 1.5mg/5ml oral suspension,12022011000001107,VMP,040801060AABZBZ
11959111000001109,Clobazam 1.5mg/5ml oral solution,11959111000001109,AMP,040801060AABZBZ
11958811000001109,Clobazam 1.5mg/5ml oral suspension,11958811000001109,AMP,040801060AABZBZ
8367811000001103,Clobazam 6mg/5ml oral solution,8367811000001103,VMP,040801060AACACA
8368011000001105,Clobazam 6mg/5ml oral suspension,8368011000001105,VMP,040801060AACACA
8365111000001101,Clobazam 6mg/5ml oral solution,8365111000001101,AMP,040801060AACACA
8365411000001106,Clobazam 6mg/5ml oral suspension,8365411000001106,AMP,040801060AACACA
12023011000001103,Clobazam 32.5mg/5ml oral solution,12023011000001103,VMP,040801060AACBCB
12023111000001102,Clobazam 32.5mg/5ml oral suspension,12023111000001102,VMP,040801060AACBCB
11962911000001107,Clobazam 32.5mg/5ml oral solution,11962911000001107,AMP,040801060AACBCB
11962611000001101,Clobazam 32.5mg/5ml oral suspension,11962611000001101,AMP,040801060AACBCB
12025011000001102,Clobazam 9mg/5ml oral solution,12025011000001102,VMP,040801060AACCCC
12025111000001101,Clobazam 9mg/5ml oral suspension,12025111000001101,VMP,040801060AACCCC
11967111000001106,Clobazam 9mg/5ml oral solution,11967111000001106,AMP,040801060AACCCC
11966811000001101,Clobazam 9mg/5ml oral suspension,11966811000001101,AMP,040801060AACCCC
12023311000001100,Clobazam 500micrograms/5ml oral solution,12023311000001100,VMP,040801060AACDCD
12023511000001106,Clobazam 500micrograms/5ml oral suspension,12023511000001106,VMP,040801060AACDCD
11963511000001107,Clobazam 500micrograms/5ml oral solution,11963511000001107,AMP,040801060AACDCD
11963211000001109,Clobazam 500micrograms/5ml oral suspension,11963211000001109,AMP,040801060AACDCD
12022111000001108,Clobazam 100mg/5ml oral solution,12022111000001108,VMP,040801060AACFCF
12022211000001102,Clobazam 100mg/5ml oral suspension,12022211000001102,VMP,040801060AACFCF
11959611000001101,Clobazam 100mg/5ml oral solution,11959611000001101,AMP,040801060AACFCF
11959411000001104,Clobazam 100mg/5ml oral suspension,11959411000001104,AMP,040801060AACFCF
12022311000001105,Clobazam 120mg/5ml oral solution,12022311000001105,VMP,040801060AACHCH
12022411000001103,Clobazam 120mg/5ml oral suspension,12022411000001103,VMP,040801060AACHCH
11960311000001107,Clobazam 120mg/5ml oral solution,11960311000001107,AMP,040801060AACHCH
11960011000001109,Clobazam 120mg/5ml oral suspension,11960011000001109,AMP,040801060AACHCH
14410111000001100,Clobazam 1.25mg/5ml oral solution,14410111000001100,VMP,040801060AACLCL
14410211000001106,Clobazam 1.25mg/5ml oral suspension,14410211000001106,VMP,040801060AACLCL
14349311000001105,Clobazam 1.25mg/5ml oral solution,14349311000001105,AMP,040801060AACLCL
14350111000001101,Clobazam 1.25mg/5ml oral suspension,14350111000001101,AMP,040801060AACLCL
21856511000001101,Clobazam 5mg/5ml oral suspension sugar free,21856511000001101,VMP,040801060AACRCR
29933411000001108,Clobazam 5mg/5ml oral suspension sugar free,29933411000001108,AMP,040801060AACRCR
38337011000001101,Clobazam 5mg/5ml oral suspension sugar free,38337011000001101,AMP,040801060AACRCR
37471711000001108,Clobazam 5mg/5ml oral suspension sugar free,37471711000001108,AMP,040801060AACRCR
37225711000001107,Clobazam 5mg/5ml oral suspension sugar free,37225711000001107,AMP,040801060AACRCR
42288911000001109,Clobazam 5mg/5ml oral suspension sugar free,42288911000001109,AMP,040801060AACRCR
38843711000001108,Clobazam 5mg/5ml oral suspension sugar free,38843711000001108,AMP,040801060AACRCR
31953611000001101,Clobazam 5mg/5ml oral suspension sugar free,31953611000001101,AMP,040801060AACRCR
37921211000001104,Clobazam 5mg/5ml oral suspension sugar free,37921211000001104,AMP,040801060AACRCR
21856411000001100,Clobazam 10mg/5ml oral suspension sugar free,21856411000001100,VMP,040801060AACSCS
29933611000001106,Clobazam 10mg/5ml oral suspension sugar free,29933611000001106,AMP,040801060AACSCS
38336811000001105,Clobazam 10mg/5ml oral suspension sugar free,38336811000001105,AMP,040801060AACSCS
37471111000001107,Clobazam 10mg/5ml oral suspension sugar free,37471111000001107,AMP,040801060AACSCS
37225911000001109,Clobazam 10mg/5ml oral suspension sugar free,37225911000001109,AMP,040801060AACSCS
42289311000001102,Clobazam 10mg/5ml oral suspension sugar free,42289311000001102,AMP,040801060AACSCS
38843511000001103,Clobazam 10mg/5ml oral suspension sugar free,38843511000001103,AMP,040801060AACSCS
31954311000001108,Clobazam 10mg/5ml oral suspension sugar free,31954311000001108,AMP,040801060AACSCS
37921711000001106,Clobazam 10mg/5ml oral suspension sugar free,37921711000001106,AMP,040801060AACSCS
42265111000001104,Clobazam 20mg tablets,42265111000001104,VMP,040801060AACTCT
42405411000001109,Clobazam 20mg tablets,42405411000001109,AMP,040801060AACTCT
44022411000001107,Clobazam 20mg tablets,44022411000001107,AMP,040801060AACTCT
42252311000001100,Clobazam 20mg tablets,42252311000001100,AMP,040801060AACTCT
929911000001107,Frisium 10mg tablets,929911000001107,AMP,040801060BCACBT
21802811000001108,Tapclob 5mg/5ml oral suspension,21802811000001108,AMP,040801060BDAACR
21803611000001104,Tapclob 10mg/5ml oral suspension,21803611000001104,AMP,040801060BDABCS
29794211000001106,Perizam 2mg/ml oral suspension,29794211000001106,AMP,040801060BEAACS
29794011000001101,Perizam 1mg/ml oral suspension,29794011000001101,AMP,040801060BEABCR
34246711000001109,Zacco 5mg/5ml oral suspension,34246711000001109,AMP,040801060BFAACR
34247011000001105,Zacco 10mg/5ml oral suspension,34247011000001105,AMP,040801060BFABCS
42131211000001100,Levetiracetam 250mg tablets,42131211000001100,VMP,0408010A0AAAAAA
19472511000001101,Levetiracetam 250mg tablets,19472511000001101,AMP,0408010A0AAAAAA
20168111000001100,Levetiracetam 250mg tablets,20168111000001100,AMP,0408010A0AAAAAA
19633111000001103,Levetiracetam 250mg tablets,19633111000001103,AMP,0408010A0AAAAAA
19490111000001100,Levetiracetam 250mg tablets,19490111000001100,AMP,0408010A0AAAAAA
41217311000001108,Levetiracetam 250mg tablets,41217311000001108,AMP,0408010A0AAAAAA
21028311000001106,Levetiracetam 250mg tablets,21028311000001106,AMP,0408010A0AAAAAA
23587811000001101,Levetiracetam 250mg tablets,23587811000001101,AMP,0408010A0AAAAAA
42260311000001109,Levetiracetam 250mg tablets,42260311000001109,AMP,0408010A0AAAAAA
19430311000001105,Levetiracetam 250mg tablets,19430311000001105,AMP,0408010A0AAAAAA
37613111000001104,Levetiracetam 250mg tablets,37613111000001104,AMP,0408010A0AAAAAA
24365411000001108,Levetiracetam 250mg tablets,24365411000001108,AMP,0408010A0AAAAAA
19590911000001109,Levetiracetam 250mg tablets,19590911000001109,AMP,0408010A0AAAAAA
32415111000001103,Levetiracetam 250mg tablets,32415111000001103,AMP,0408010A0AAAAAA
27988911000001109,Levetiracetam 250mg tablets,27988911000001109,AMP,0408010A0AAAAAA
30219811000001103,Levetiracetam 250mg tablets,30219811000001103,AMP,0408010A0AAAAAA
39014111000001103,Levetiracetam 250mg tablets,39014111000001103,AMP,0408010A0AAAAAA
35164211000001106,Levetiracetam 250mg tablets,35164211000001106,AMP,0408010A0AAAAAA
22339211000001106,Levetiracetam 250mg tablets,22339211000001106,AMP,0408010A0AAAAAA
37093211000001100,Levetiracetam 250mg tablets,37093211000001100,AMP,0408010A0AAAAAA
28695711000001107,Levetiracetam 250mg tablets,28695711000001107,AMP,0408010A0AAAAAA
20290811000001109,Levetiracetam 250mg tablets,20290811000001109,AMP,0408010A0AAAAAA
37928611000001105,Levetiracetam 250mg tablets,37928611000001105,AMP,0408010A0AAAAAA
29885911000001104,Levetiracetam 250mg tablets,29885911000001104,AMP,0408010A0AAAAAA
19484711000001106,Levetiracetam 250mg tablets,19484711000001106,AMP,0408010A0AAAAAA
36830311000001109,Levetiracetam 250mg tablets,36830311000001109,AMP,0408010A0AAAAAA
37250811000001106,Levetiracetam 250mg tablets,37250811000001106,AMP,0408010A0AAAAAA
22064811000001103,Levetiracetam 250mg tablets,22064811000001103,AMP,0408010A0AAAAAA
23420711000001108,Levetiracetam 250mg tablets,23420711000001108,AMP,0408010A0AAAAAA
20914811000001102,Levetiracetam 250mg tablets,20914811000001102,AMP,0408010A0AAAAAA
42131311000001108,Levetiracetam 500mg tablets,42131311000001108,VMP,0408010A0AAABAB
19472711000001106,Levetiracetam 500mg tablets,19472711000001106,AMP,0408010A0AAABAB
20168311000001103,Levetiracetam 500mg tablets,20168311000001103,AMP,0408010A0AAABAB
19632511000001100,Levetiracetam 500mg tablets,19632511000001100,AMP,0408010A0AAABAB
19490311000001103,Levetiracetam 500mg tablets,19490311000001103,AMP,0408010A0AAABAB
40738811000001108,Levetiracetam 500mg tablets,40738811000001108,AMP,0408010A0AAABAB
21028511000001100,Levetiracetam 500mg tablets,21028511000001100,AMP,0408010A0AAABAB
23588011000001108,Levetiracetam 500mg tablets,23588011000001108,AMP,0408010A0AAABAB
42238411000001105,Levetiracetam 500mg tablets,42238411000001105,AMP,0408010A0AAABAB
19430511000001104,Levetiracetam 500mg tablets,19430511000001104,AMP,0408010A0AAABAB
40201011000001107,Levetiracetam 500mg tablets,40201011000001107,AMP,0408010A0AAABAB
24365611000001106,Levetiracetam 500mg tablets,24365611000001106,AMP,0408010A0AAABAB
19591111000001100,Levetiracetam 500mg tablets,19591111000001100,AMP,0408010A0AAABAB
32415311000001101,Levetiracetam 500mg tablets,32415311000001101,AMP,0408010A0AAABAB
27989111000001104,Levetiracetam 500mg tablets,27989111000001104,AMP,0408010A0AAABAB
39014411000001108,Levetiracetam 500mg tablets,39014411000001108,AMP,0408010A0AAABAB
35164411000001105,Levetiracetam 500mg tablets,35164411000001105,AMP,0408010A0AAABAB
22339411000001105,Levetiracetam 500mg tablets,22339411000001105,AMP,0408010A0AAABAB
37093411000001101,Levetiracetam 500mg tablets,37093411000001101,AMP,0408010A0AAABAB
28696111000001100,Levetiracetam 500mg tablets,28696111000001100,AMP,0408010A0AAABAB
20291011000001107,Levetiracetam 500mg tablets,20291011000001107,AMP,0408010A0AAABAB
37928811000001109,Levetiracetam 500mg tablets,37928811000001109,AMP,0408010A0AAABAB
29886111000001108,Levetiracetam 500mg tablets,29886111000001108,AMP,0408010A0AAABAB
19484911000001108,Levetiracetam 500mg tablets,19484911000001108,AMP,0408010A0AAABAB
36854511000001108,Levetiracetam 500mg tablets,36854511000001108,AMP,0408010A0AAABAB
37251111000001105,Levetiracetam 500mg tablets,37251111000001105,AMP,0408010A0AAABAB
22065211000001103,Levetiracetam 500mg tablets,22065211000001103,AMP,0408010A0AAABAB
23420911000001105,Levetiracetam 500mg tablets,23420911000001105,AMP,0408010A0AAABAB
20915011000001107,Levetiracetam 500mg tablets,20915011000001107,AMP,0408010A0AAABAB
42131111000001106,Levetiracetam 1g tablets,42131111000001106,VMP,0408010A0AAACAC
19472311000001107,Levetiracetam 1g tablets,19472311000001107,AMP,0408010A0AAACAC
20168711000001104,Levetiracetam 1g tablets,20168711000001104,AMP,0408010A0AAACAC
19632911000001107,Levetiracetam 1g tablets,19632911000001107,AMP,0408010A0AAACAC
19490711000001104,Levetiracetam 1g tablets,19490711000001104,AMP,0408010A0AAACAC
41216211000001102,Levetiracetam 1g tablets,41216211000001102,AMP,0408010A0AAACAC
21028911000001107,Levetiracetam 1g tablets,21028911000001107,AMP,0408010A0AAACAC
23588511000001100,Levetiracetam 1g tablets,23588511000001100,AMP,0408010A0AAACAC
42233111000001109,Levetiracetam 1g tablets,42233111000001109,AMP,0408010A0AAACAC
19430911000001106,Levetiracetam 1g tablets,19430911000001106,AMP,0408010A0AAACAC
38739111000001107,Levetiracetam 1g tablets,38739111000001107,AMP,0408010A0AAACAC
24365111000001103,Levetiracetam 1g tablets,24365111000001103,AMP,0408010A0AAACAC
19591511000001109,Levetiracetam 1g tablets,19591511000001109,AMP,0408010A0AAACAC
32415711000001102,Levetiracetam 1g tablets,32415711000001102,AMP,0408010A0AAACAC
27989511000001108,Levetiracetam 1g tablets,27989511000001108,AMP,0408010A0AAACAC
39013911000001102,Levetiracetam 1g tablets,39013911000001102,AMP,0408010A0AAACAC
35164811000001107,Levetiracetam 1g tablets,35164811000001107,AMP,0408010A0AAACAC
22339811000001107,Levetiracetam 1g tablets,22339811000001107,AMP,0408010A0AAACAC
37093911000001109,Levetiracetam 1g tablets,37093911000001109,AMP,0408010A0AAACAC
28696911000001102,Levetiracetam 1g tablets,28696911000001102,AMP,0408010A0AAACAC
20309611000001108,Levetiracetam 1g tablets,20309611000001108,AMP,0408010A0AAACAC
37929211000001103,Levetiracetam 1g tablets,37929211000001103,AMP,0408010A0AAACAC
29885511000001106,Levetiracetam 1g tablets,29885511000001106,AMP,0408010A0AAACAC
19485311000001106,Levetiracetam 1g tablets,19485311000001106,AMP,0408010A0AAACAC
36855011000001101,Levetiracetam 1g tablets,36855011000001101,AMP,0408010A0AAACAC
37252111000001100,Levetiracetam 1g tablets,37252111000001100,AMP,0408010A0AAACAC
22065611000001101,Levetiracetam 1g tablets,22065611000001101,AMP,0408010A0AAACAC
23421411000001106,Levetiracetam 1g tablets,23421411000001106,AMP,0408010A0AAACAC
20915411000001103,Levetiracetam 1g tablets,20915411000001103,AMP,0408010A0AAACAC
8583811000001108,Levetiracetam 300mg/5ml oral solution,8583811000001108,VMP,0408010A0AAADAD
8583911000001103,Levetiracetam 300mg/5ml oral suspension,8583911000001103,VMP,0408010A0AAADAD
8566111000001109,Levetiracetam 300mg/5ml oral solution,8566111000001109,AMP,0408010A0AAADAD
8566611000001101,Levetiracetam 300mg/5ml oral suspension,8566611000001101,AMP,0408010A0AAADAD
12645611000001103,Levetiracetam 400mg/5ml oral solution,12645611000001103,VMP,0408010A0AAAEAE
12645711000001107,Levetiracetam 400mg/5ml oral suspension,12645711000001107,VMP,0408010A0AAAEAE
12608311000001107,Levetiracetam 400mg/5ml oral solution,12608311000001107,AMP,0408010A0AAAEAE
12608011000001109,Levetiracetam 400mg/5ml oral suspension,12608011000001109,AMP,0408010A0AAAEAE
12645411000001101,Levetiracetam 250mg/5ml oral solution,12645411000001101,VMP,0408010A0AAAFAF
12645511000001102,Levetiracetam 250mg/5ml oral suspension,12645511000001102,VMP,0408010A0AAAFAF
12607711000001105,Levetiracetam 250mg/5ml oral solution,12607711000001105,AMP,0408010A0AAAFAF
12607411000001104,Levetiracetam 250mg/5ml oral suspension,12607411000001104,AMP,0408010A0AAAFAF
8285511000001102,Levetiracetam 100mg/ml oral solution sugar free,8285511000001102,VMP,0408010A0AAAHAH
19472111000001105,Levetiracetam 100mg/ml oral solution sugar free,19472111000001105,AMP,0408010A0AAAHAH
35241511000001104,Levetiracetam 100mg/ml oral solution sugar free,35241511000001104,AMP,0408010A0AAAHAH
19843411000001102,Levetiracetam 100mg/ml oral solution sugar free,19843411000001102,AMP,0408010A0AAAHAH
19489911000001109,Levetiracetam 100mg/ml oral solution sugar free,19489911000001109,AMP,0408010A0AAAHAH
41211111000001104,Levetiracetam 100mg/ml oral solution sugar free,41211111000001104,AMP,0408010A0AAAHAH
39477011000001109,Levetiracetam 100mg/ml oral solution sugar free,39477011000001109,AMP,0408010A0AAAHAH
19431111000001102,Levetiracetam 100mg/ml oral solution sugar free,19431111000001102,AMP,0408010A0AAAHAH
30767711000001106,Levetiracetam 100mg/ml oral solution sugar free,30767711000001106,AMP,0408010A0AAAHAH
37480211000001100,Levetiracetam 100mg/ml oral solution sugar free,37480211000001100,AMP,0408010A0AAAHAH
24364811000001109,Levetiracetam 100mg/ml oral solution sugar free,24364811000001109,AMP,0408010A0AAAHAH
19861211000001109,Levetiracetam 100mg/ml oral solution sugar free,19861211000001109,AMP,0408010A0AAAHAH
30219611000001102,Levetiracetam 100mg/ml oral solution sugar free,30219611000001102,AMP,0408010A0AAAHAH
39014811000001105,Levetiracetam 100mg/ml oral solution sugar free,39014811000001105,AMP,0408010A0AAAHAH
38715711000001102,Levetiracetam 100mg/ml oral solution sugar free,38715711000001102,AMP,0408010A0AAAHAH
45344611000001109,Levetiracetam 100mg/ml oral solution sugar free,45344611000001109,AMP,0408010A0AAAHAH
25369611000001100,Levetiracetam 100mg/ml oral solution sugar free,25369611000001100,AMP,0408010A0AAAHAH
39164211000001100,Levetiracetam 100mg/ml oral solution sugar free,39164211000001100,AMP,0408010A0AAAHAH
29885711000001101,Levetiracetam 100mg/ml oral solution sugar free,29885711000001101,AMP,0408010A0AAAHAH
42266811000001103,Levetiracetam 100mg/ml oral solution sugar free,42266811000001103,AMP,0408010A0AAAHAH
30788411000001103,Levetiracetam 100mg/ml oral solution sugar free,30788411000001103,AMP,0408010A0AAAHAH
28001411000001106,Levetiracetam 100mg/ml oral solution sugar free,28001411000001106,AMP,0408010A0AAAHAH
42431711000001108,Levetiracetam 100mg/ml oral solution sugar free,42431711000001108,AMP,0408010A0AAAHAH
22064511000001101,Levetiracetam 100mg/ml oral solution sugar free,22064511000001101,AMP,0408010A0AAAHAH
36797711000001104,Levetiracetam 100mg/ml oral solution sugar free,36797711000001104,AMP,0408010A0AAAHAH
42131411000001101,Levetiracetam 750mg tablets,42131411000001101,VMP,0408010A0AAAIAI
19472911000001108,Levetiracetam 750mg tablets,19472911000001108,AMP,0408010A0AAAIAI
20168511000001109,Levetiracetam 750mg tablets,20168511000001109,AMP,0408010A0AAAIAI
19632711000001105,Levetiracetam 750mg tablets,19632711000001105,AMP,0408010A0AAAIAI
19490511000001109,Levetiracetam 750mg tablets,19490511000001109,AMP,0408010A0AAAIAI
41217511000001102,Levetiracetam 750mg tablets,41217511000001102,AMP,0408010A0AAAIAI
21028711000001105,Levetiracetam 750mg tablets,21028711000001105,AMP,0408010A0AAAIAI
23588211000001103,Levetiracetam 750mg tablets,23588211000001103,AMP,0408010A0AAAIAI
42239111000001107,Levetiracetam 750mg tablets,42239111000001107,AMP,0408010A0AAAIAI
19430711000001109,Levetiracetam 750mg tablets,19430711000001109,AMP,0408010A0AAAIAI
38738811000001107,Levetiracetam 750mg tablets,38738811000001107,AMP,0408010A0AAAIAI
24365811000001105,Levetiracetam 750mg tablets,24365811000001105,AMP,0408010A0AAAIAI
19591311000001103,Levetiracetam 750mg tablets,19591311000001103,AMP,0408010A0AAAIAI
32415511000001107,Levetiracetam 750mg tablets,32415511000001107,AMP,0408010A0AAAIAI
27989311000001102,Levetiracetam 750mg tablets,27989311000001102,AMP,0408010A0AAAIAI
39014611000001106,Levetiracetam 750mg tablets,39014611000001106,AMP,0408010A0AAAIAI
35164611000001108,Levetiracetam 750mg tablets,35164611000001108,AMP,0408010A0AAAIAI
22339611000001108,Levetiracetam 750mg tablets,22339611000001108,AMP,0408010A0AAAIAI
37093611000001103,Levetiracetam 750mg tablets,37093611000001103,AMP,0408010A0AAAIAI
28696511000001109,Levetiracetam 750mg tablets,28696511000001109,AMP,0408010A0AAAIAI
20291211000001102,Levetiracetam 750mg tablets,20291211000001102,AMP,0408010A0AAAIAI
37929011000001108,Levetiracetam 750mg tablets,37929011000001108,AMP,0408010A0AAAIAI
29886311000001105,Levetiracetam 750mg tablets,29886311000001105,AMP,0408010A0AAAIAI
19485111000001109,Levetiracetam 750mg tablets,19485111000001109,AMP,0408010A0AAAIAI
36854811000001106,Levetiracetam 750mg tablets,36854811000001106,AMP,0408010A0AAAIAI
37251911000001108,Levetiracetam 750mg tablets,37251911000001108,AMP,0408010A0AAAIAI
22065411000001104,Levetiracetam 750mg tablets,22065411000001104,AMP,0408010A0AAAIAI
23421211000001107,Levetiracetam 750mg tablets,23421211000001107,AMP,0408010A0AAAIAI
20915211000001102,Levetiracetam 750mg tablets,20915211000001102,AMP,0408010A0AAAIAI
36038411000001103,Levetiracetam 500mg/5ml solution for infusion vials,36038411000001103,VMP,0408010A0AAAJAJ
41210611000001102,Levetiracetam 500mg/5ml concentrate for solution for infusion vials,41210611000001102,AMP,0408010A0AAAJAJ
34754411000001104,Levetiracetam 500mg/5ml concentrate for solution for infusion vials,34754411000001104,AMP,0408010A0AAAJAJ
36784011000001105,Levetiracetam 500mg/5ml concentrate for solution for infusion vials,36784011000001105,AMP,0408010A0AAAJAJ
35832511000001104,Levetiracetam 500mg/5ml concentrate for solution for infusion vials,35832511000001104,AMP,0408010A0AAAJAJ
37293211000001107,Levetiracetam 500mg/5ml concentrate for solution for infusion vials,37293211000001107,AMP,0408010A0AAAJAJ
25442311000001101,Levetiracetam 500mg/5ml concentrate for solution for infusion vials,25442311000001101,AMP,0408010A0AAAJAJ
34585511000001105,Levetiracetam 500mg/5ml concentrate for solution for infusion vials,34585511000001105,AMP,0408010A0AAAJAJ
32711911000001108,Levetiracetam 500mg/5ml concentrate for solution for infusion vials,32711911000001108,AMP,0408010A0AAAJAJ
40821711000001105,Levetiracetam 500mg/5ml concentrate for solution for infusion vials,40821711000001105,AMP,0408010A0AAAJAJ
21519511000001104,Levetiracetam 500mg/5ml concentrate for solution for infusion vials,21519511000001104,AMP,0408010A0AAAJAJ
32167211000001101,Levetiracetam 500mg/5ml concentrate for solution for infusion vials,32167211000001101,AMP,0408010A0AAAJAJ
21546911000001107,Levetiracetam 500mg/5ml solution for infusion vials,21546911000001107,AMP,0408010A0AAAJAJ
21733311000001104,Levetiracetam 250mg granules sachets sugar free,21733311000001104,VMP,0408010A0AAAKAK
21733411000001106,Levetiracetam 500mg granules sachets sugar free,21733411000001106,VMP,0408010A0AAALAL
21733211000001107,Levetiracetam 1g granules sachets sugar free,21733211000001107,VMP,0408010A0AAAMAM
28947311000001109,Levetiracetam 500mg/5ml solution for infusion ampoules,28947311000001109,VMP,0408010A0AAANAN
45423611000001101,Levetiracetam 500mg/5ml solution for infusion ampoules,45423611000001101,AMP,0408010A0AAANAN
36561911000001107,Levetiracetam 500mg/100ml infusion bags,36561911000001107,VMP,0408010A0AAAPAP
36561811000001102,Levetiracetam 1g/100ml infusion bags,36561811000001102,VMP,0408010A0AAAQAQ
36561711000001105,Levetiracetam 1.5g/100ml infusion bags,36561711000001105,VMP,0408010A0AAARAR
41545411000001106,Levetiracetam 750mg granules for oral solution sachets sugar free,41545411000001106,VMP,0408010A0AAASAS
42549011000001101,Levetiracetam 750mg granules for oral solution sachets sugar free,42549011000001101,AMP,0408010A0AAASAS
44024311000001107,Levetiracetam 750mg granules for oral solution sachets sugar free,44024311000001107,AMP,0408010A0AAASAS
41543411000001107,Levetiracetam 750mg granules for oral solution sachets sugar free,41543411000001107,AMP,0408010A0AAASAS
41545311000001104,Levetiracetam 1.5g granules for oral solution sachets sugar free,41545311000001104,VMP,0408010A0AAATAT
42549411000001105,Levetiracetam 1.5g granules for oral solution sachets sugar free,42549411000001105,AMP,0408010A0AAATAT
44025011000001108,Levetiracetam 1.5g granules for oral solution sachets sugar free,44025011000001108,AMP,0408010A0AAATAT
41544811000001107,Levetiracetam 1.5g granules for oral solution sachets sugar free,41544811000001107,AMP,0408010A0AAATAT
42427011000001104,Levetiracetam 1g granules for oral solution sachets sugar free,42427011000001104,VMP,0408010A0AAAUAU
42549211000001106,Levetiracetam 1g granules for oral solution sachets sugar free,42549211000001106,AMP,0408010A0AAAUAU
44024711000001106,Levetiracetam 1g granules for oral solution sachets sugar free,44024711000001106,AMP,0408010A0AAAUAU
42426811000001108,Levetiracetam 1g granules for oral solution sachets sugar free,42426811000001108,AMP,0408010A0AAAUAU
42427111000001103,Levetiracetam 250mg granules for oral solution sachets sugar free,42427111000001103,VMP,0408010A0AAAVAV
42548211000001101,Levetiracetam 250mg granules for oral solution sachets sugar free,42548211000001101,AMP,0408010A0AAAVAV
44026111000001103,Levetiracetam 250mg granules for oral solution sachets sugar free,44026111000001103,AMP,0408010A0AAAVAV
42426311000001104,Levetiracetam 250mg granules for oral solution sachets sugar free,42426311000001104,AMP,0408010A0AAAVAV
42427211000001109,Levetiracetam 500mg granules for oral solution sachets sugar free,42427211000001109,VMP,0408010A0AAAWAW
42548411000001102,Levetiracetam 500mg granules for oral solution sachets sugar free,42548411000001102,AMP,0408010A0AAAWAW
44025411000001104,Levetiracetam 500mg granules for oral solution sachets sugar free,44025411000001104,AMP,0408010A0AAAWAW
42426611000001109,Levetiracetam 500mg granules for oral solution sachets sugar free,42426611000001109,AMP,0408010A0AAAWAW
929411000001104,Keppra 250mg tablets,929411000001104,AMP,0408010A0BBAAAA
839211000001109,Keppra 500mg tablets,839211000001109,AMP,0408010A0BBABAB
3637411000001100,Keppra 1g tablets,3637411000001100,AMP,0408010A0BBACAC
8176611000001100,Keppra 100mg/ml oral solution,8176611000001100,AMP,0408010A0BBADAH
8171111000001104,Keppra 750mg tablets,8171111000001104,AMP,0408010A0BBAEAI
10446811000001102,Keppra 500mg/5ml concentrate for solution for infusion vials,10446811000001102,AMP,0408010A0BBAFAJ
19867811000001103,Matever 1g tablets,19867811000001103,AMP,0408010A0BCAAAC
19868011000001105,Matever 750mg tablets,19868011000001105,AMP,0408010A0BCABAI
19868411000001101,Matever 500mg tablets,19868411000001101,AMP,0408010A0BCACAB
19868711000001107,Matever 250mg tablets,19868711000001107,AMP,0408010A0BCADAA
19870811000001108,Matever 500mg/5ml concentrate for solution for infusion vials,19870811000001108,AMP,0408010A0BCAEAJ
21730711000001109,Desitrend 250mg granules sachets,21730711000001109,AMP,0408010A0BDAAAK
21731111000001102,Desitrend 500mg granules sachets,21731111000001102,AMP,0408010A0BDABAL
21731611000001105,Desitrend 1000mg granules sachets,21731611000001105,AMP,0408010A0BDACAM
23167411000001105,Desitrend 100mg/ml oral solution,23167411000001105,AMP,0408010A0BDADAH
28645811000001109,Desitrend 500mg/5ml concentrate for solution for infusion ampoules,28645811000001109,AMP,0408010A0BDAEAN
35533511000001107,Genlev 100mg/ml oral solution,35533511000001107,AMP,0408010A0BEAAAH
36544911000001100,Kevesy 500mg/100ml infusion bags,36544911000001100,AMP,0408010A0BFAAAP
36545211000001105,Kevesy 1g/100ml infusion bags,36545211000001105,AMP,0408010A0BFABAQ
36545511000001108,Kevesy 1.5g/100ml infusion bags,36545511000001108,AMP,0408010A0BFACAR
41963111000001100,Eltam 100mg/ml oral solution,41963111000001100,AMP,0408010A0BGAAAH
42128911000001103,Felbamate 400mg tablets,42128911000001103,VMP,0408010AAAAAAAA
42129011000001107,Felbamate 600mg tablets,42129011000001107,VMP,0408010AAAAABAB
20550711000001104,Felbamate 600mg tablets,20550711000001104,AMP,0408010AAAAABAB
42129111000001108,Felbamate 600mg/5ml oral suspension,42129111000001108,VMP,0408010AAAAACAC
27324211000001106,Felbamate 600mg/5ml oral suspension,27324211000001106,AMP,0408010AAAAACAC
17170611000001105,Felbatol 400mg tablets,17170611000001105,AMP,0408010AABBAAAA
17170911000001104,Felbatol 600mg tablets,17170911000001104,AMP,0408010AABBABAB
17638411000001107,Taloxa 600mg tablets,17638411000001107,AMP,0408010AABCAAAB
28276211000001103,Taloxa 600mg/5ml oral suspension,28276211000001103,AMP,0408010AABCABAC
39705111000001103,Tiagabine 5mg tablets,39705111000001103,VMP,0408010ABAAAAAA
39704911000001104,Tiagabine 10mg tablets,39704911000001104,VMP,0408010ABAAABAB
39705011000001104,Tiagabine 15mg tablets,39705011000001104,VMP,0408010ABAAACAC
27441011000001106,Tiagabine 2.5mg/5ml oral suspension,27441011000001106,VMP,0408010ABAAAEAE
27398011000001103,Tiagabine 2.5mg/5ml oral suspension,27398011000001103,AMP,0408010ABAAAEAE
3901811000001103,Gabitril 5mg tablets,3901811000001103,AMP,0408010ABBBAAAA
3902111000001100,Gabitril 10mg tablets,3902111000001100,AMP,0408010ABBBABAB
4130011000001105,Gabitril 15mg tablets,4130011000001105,AMP,0408010ABBBACAC
42139011000001109,Zonisamide 100mg capsules,42139011000001109,VMP,0408010ADAAAAAA
30989311000001108,Zonisamide 100mg capsules,30989311000001108,AMP,0408010ADAAAAAA
34177111000001107,Zonisamide 100mg capsules,34177111000001107,AMP,0408010ADAAAAAA
42694111000001103,Zonisamide 100mg capsules,42694111000001103,AMP,0408010ADAAAAAA
30986711000001102,Zonisamide 100mg capsules,30986711000001102,AMP,0408010ADAAAAAA
34674111000001103,Zonisamide 100mg capsules,34674111000001103,AMP,0408010ADAAAAAA
40539311000001106,Zonisamide 100mg capsules,40539311000001106,AMP,0408010ADAAAAAA
37832511000001103,Zonisamide 100mg capsules,37832511000001103,AMP,0408010ADAAAAAA
32788111000001104,Zonisamide 100mg capsules,32788111000001104,AMP,0408010ADAAAAAA
34275611000001109,Zonisamide 100mg capsules,34275611000001109,AMP,0408010ADAAAAAA
32774111000001102,Zonisamide 100mg capsules,32774111000001102,AMP,0408010ADAAAAAA
41418111000001106,Zonisamide 100mg capsules,41418111000001106,AMP,0408010ADAAAAAA
33746511000001105,Zonisamide 100mg capsules,33746511000001105,AMP,0408010ADAAAAAA
42490311000001106,Zonisamide 100mg capsules,42490311000001106,AMP,0408010ADAAAAAA
42480911000001106,Zonisamide 100mg capsules,42480911000001106,AMP,0408010ADAAAAAA
39903211000001104,Zonisamide 100mg capsules,39903211000001104,AMP,0408010ADAAAAAA
44682211000001108,Zonisamide 100mg capsules,44682211000001108,AMP,0408010ADAAAAAA
36513911000001109,Zonisamide 100mg capsules,36513911000001109,AMP,0408010ADAAAAAA
30922211000001103,Zonisamide 100mg capsules,30922211000001103,AMP,0408010ADAAAAAA
36832611000001103,Zonisamide 100mg capsules,36832611000001103,AMP,0408010ADAAAAAA
36890311000001102,Zonisamide 100mg capsules,36890311000001102,AMP,0408010ADAAAAAA
33431811000001105,Zonisamide 100mg capsules,33431811000001105,AMP,0408010ADAAAAAA
42139111000001105,Zonisamide 25mg capsules,42139111000001105,VMP,0408010ADAAABAB
30988911000001101,Zonisamide 25mg capsules,30988911000001101,AMP,0408010ADAAABAB
34176711000001105,Zonisamide 25mg capsules,34176711000001105,AMP,0408010ADAAABAB
42693711000001104,Zonisamide 25mg capsules,42693711000001104,AMP,0408010ADAAABAB
30986311000001101,Zonisamide 25mg capsules,30986311000001101,AMP,0408010ADAAABAB
34673511000001109,Zonisamide 25mg capsules,34673511000001109,AMP,0408010ADAAABAB
40538311000001100,Zonisamide 25mg capsules,40538311000001100,AMP,0408010ADAAABAB
37832111000001107,Zonisamide 25mg capsules,37832111000001107,AMP,0408010ADAAABAB
32787711000001104,Zonisamide 25mg capsules,32787711000001104,AMP,0408010ADAAABAB
34275211000001107,Zonisamide 25mg capsules,34275211000001107,AMP,0408010ADAAABAB
32773711000001103,Zonisamide 25mg capsules,32773711000001103,AMP,0408010ADAAABAB
41419011000001100,Zonisamide 25mg capsules,41419011000001100,AMP,0408010ADAAABAB
42489711000001102,Zonisamide 25mg capsules,42489711000001102,AMP,0408010ADAAABAB
42480511000001104,Zonisamide 25mg capsules,42480511000001104,AMP,0408010ADAAABAB
39903011000001109,Zonisamide 25mg capsules,39903011000001109,AMP,0408010ADAAABAB
44681811000001100,Zonisamide 25mg capsules,44681811000001100,AMP,0408010ADAAABAB
36514111000001108,Zonisamide 25mg capsules,36514111000001108,AMP,0408010ADAAABAB
30921411000001109,Zonisamide 25mg capsules,30921411000001109,AMP,0408010ADAAABAB
36872911000001107,Zonisamide 25mg capsules,36872911000001107,AMP,0408010ADAAABAB
36890511000001108,Zonisamide 25mg capsules,36890511000001108,AMP,0408010ADAAABAB
42139211000001104,Zonisamide 50mg capsules,42139211000001104,VMP,0408010ADAAACAC
30989111000001106,Zonisamide 50mg capsules,30989111000001106,AMP,0408010ADAAACAC
34176911000001107,Zonisamide 50mg capsules,34176911000001107,AMP,0408010ADAAACAC
42693911000001102,Zonisamide 50mg capsules,42693911000001102,AMP,0408010ADAAACAC
30986511000001107,Zonisamide 50mg capsules,30986511000001107,AMP,0408010ADAAACAC
34673911000001102,Zonisamide 50mg capsules,34673911000001102,AMP,0408010ADAAACAC
40539011000001108,Zonisamide 50mg capsules,40539011000001108,AMP,0408010ADAAACAC
37832311000001109,Zonisamide 50mg capsules,37832311000001109,AMP,0408010ADAAACAC
32787911000001102,Zonisamide 50mg capsules,32787911000001102,AMP,0408010ADAAACAC
34275411000001106,Zonisamide 50mg capsules,34275411000001106,AMP,0408010ADAAACAC
32773911000001101,Zonisamide 50mg capsules,32773911000001101,AMP,0408010ADAAACAC
41418811000001104,Zonisamide 50mg capsules,41418811000001104,AMP,0408010ADAAACAC
34680811000001109,Zonisamide 50mg capsules,34680811000001109,AMP,0408010ADAAACAC
42489911000001100,Zonisamide 50mg capsules,42489911000001100,AMP,0408010ADAAACAC
42480711000001109,Zonisamide 50mg capsules,42480711000001109,AMP,0408010ADAAACAC
39902811000001106,Zonisamide 50mg capsules,39902811000001106,AMP,0408010ADAAACAC
44682011000001103,Zonisamide 50mg capsules,44682011000001103,AMP,0408010ADAAACAC
36514411000001103,Zonisamide 50mg capsules,36514411000001103,AMP,0408010ADAAACAC
30921611000001107,Zonisamide 50mg capsules,30921611000001107,AMP,0408010ADAAACAC
36873111000001103,Zonisamide 50mg capsules,36873111000001103,AMP,0408010ADAAACAC
36890711000001103,Zonisamide 50mg capsules,36890711000001103,AMP,0408010ADAAACAC
34241211000001105,Zonisamide 50mg capsules,34241211000001105,AMP,0408010ADAAACAC
18084111000001100,Zonisamide 50mg/5ml oral solution,18084111000001100,VMP,0408010ADAAADAD
18060811000001100,Zonisamide 50mg/5ml oral solution,18060811000001100,AMP,0408010ADAAADAD
18084211000001106,Zonisamide 50mg/5ml oral suspension,18084211000001106,VMP,0408010ADAAAEAE
18061111000001101,Zonisamide 50mg/5ml oral suspension,18061111000001101,AMP,0408010ADAAAEAE
24595511000001107,Zonisamide 25mg/5ml oral suspension,24595511000001107,VMP,0408010ADAAAFAF
24582211000001103,Zonisamide 25mg/5ml oral suspension,24582211000001103,AMP,0408010ADAAAFAF
24595411000001108,Zonisamide 100mg/5ml oral suspension,24595411000001108,VMP,0408010ADAAAGAG
24582511000001100,Zonisamide 100mg/5ml oral suspension,24582511000001100,AMP,0408010ADAAAGAG
9303511000001105,Zonegran 25mg capsules,9303511000001105,AMP,0408010ADBBABAB
9303911000001103,Zonegran 50mg capsules,9303911000001103,AMP,0408010ADBBACAC
9304111000001104,Zonegran 100mg capsules,9304111000001104,AMP,0408010ADBBADAA
39205511000001103,Desizon 20mg/ml oral suspension,39205511000001103,AMP,0408010ADBCAAAG
42135411000001103,Pregabalin 25mg capsules,42135411000001103,VMP,0408010AEAAAAAA
28963911000001107,Pregabalin 25mg capsules,28963911000001107,AMP,0408010AEAAAAAA
30786811000001102,Pregabalin 25mg capsules,30786811000001102,AMP,0408010AEAAAAAA
31898611000001108,Pregabalin 25mg capsules,31898611000001108,AMP,0408010AEAAAAAA
41263911000001101,Pregabalin 25mg capsules,41263911000001101,AMP,0408010AEAAAAAA
40906711000001102,Pregabalin 25mg capsules,40906711000001102,AMP,0408010AEAAAAAA
39250111000001106,Pregabalin 25mg capsules,39250111000001106,AMP,0408010AEAAAAAA
43927311000001106,Pregabalin 25mg capsules,43927311000001106,AMP,0408010AEAAAAAA
37327811000001102,Pregabalin 25mg capsules,37327811000001102,AMP,0408010AEAAAAAA
41782011000001101,Pregabalin 25mg capsules,41782011000001101,AMP,0408010AEAAAAAA
30115211000001104,Pregabalin 25mg capsules,30115211000001104,AMP,0408010AEAAAAAA
40013611000001106,Pregabalin 25mg capsules,40013611000001106,AMP,0408010AEAAAAAA
32443211000001104,Pregabalin 25mg capsules,32443211000001104,AMP,0408010AEAAAAAA
36345111000001101,Pregabalin 25mg capsules,36345111000001101,AMP,0408010AEAAAAAA
41962211000001100,Pregabalin 25mg capsules,41962211000001100,AMP,0408010AEAAAAAA
43963511000001104,Pregabalin 25mg capsules,43963511000001104,AMP,0408010AEAAAAAA
37131411000001104,Pregabalin 25mg capsules,37131411000001104,AMP,0408010AEAAAAAA
39178811000001100,Pregabalin 25mg capsules,39178811000001100,AMP,0408010AEAAAAAA
35176411000001108,Pregabalin 25mg capsules,35176411000001108,AMP,0408010AEAAAAAA
40866811000001101,Pregabalin 25mg capsules,40866811000001101,AMP,0408010AEAAAAAA
38938711000001109,Pregabalin 25mg capsules,38938711000001109,AMP,0408010AEAAAAAA
30224011000001103,Pregabalin 25mg capsules,30224011000001103,AMP,0408010AEAAAAAA
37295211000001106,Pregabalin 25mg capsules,37295211000001106,AMP,0408010AEAAAAAA
29938311000001109,Pregabalin 25mg capsules,29938311000001109,AMP,0408010AEAAAAAA
35722411000001102,Pregabalin 25mg capsules,35722411000001102,AMP,0408010AEAAAAAA
36861411000001103,Pregabalin 25mg capsules,36861411000001103,AMP,0408010AEAAAAAA
33608811000001105,Pregabalin 25mg capsules,33608811000001105,AMP,0408010AEAAAAAA
32164111000001102,Pregabalin 25mg capsules,32164111000001102,AMP,0408010AEAAAAAA
30783411000001109,Pregabalin 25mg capsules,30783411000001109,AMP,0408010AEAAAAAA
42135611000001100,Pregabalin 50mg capsules,42135611000001100,VMP,0408010AEAAABAB
28964511000001102,Pregabalin 50mg capsules,28964511000001102,AMP,0408010AEAAABAB
30787011000001106,Pregabalin 50mg capsules,30787011000001106,AMP,0408010AEAAABAB
31899611000001104,Pregabalin 50mg capsules,31899611000001104,AMP,0408010AEAAABAB
41292311000001105,Pregabalin 50mg capsules,41292311000001105,AMP,0408010AEAAABAB
40907411000001105,Pregabalin 50mg capsules,40907411000001105,AMP,0408010AEAAABAB
39182911000001103,Pregabalin 50mg capsules,39182911000001103,AMP,0408010AEAAABAB
43927611000001101,Pregabalin 50mg capsules,43927611000001101,AMP,0408010AEAAABAB
37329211000001109,Pregabalin 50mg capsules,37329211000001109,AMP,0408010AEAAABAB
41782411000001105,Pregabalin 50mg capsules,41782411000001105,AMP,0408010AEAAABAB
30115511000001101,Pregabalin 50mg capsules,30115511000001101,AMP,0408010AEAAABAB
40013811000001105,Pregabalin 50mg capsules,40013811000001105,AMP,0408010AEAAABAB
32444011000001106,Pregabalin 50mg capsules,32444011000001106,AMP,0408010AEAAABAB
36349011000001100,Pregabalin 50mg capsules,36349011000001100,AMP,0408010AEAAABAB
41962711000001107,Pregabalin 50mg capsules,41962711000001107,AMP,0408010AEAAABAB
43964211000001104,Pregabalin 50mg capsules,43964211000001104,AMP,0408010AEAAABAB
37132111000001104,Pregabalin 50mg capsules,37132111000001104,AMP,0408010AEAAABAB
44333811000001104,Pregabalin 50mg capsules,44333811000001104,AMP,0408010AEAAABAB
39180711000001104,Pregabalin 50mg capsules,39180711000001104,AMP,0408010AEAAABAB
35176711000001102,Pregabalin 50mg capsules,35176711000001102,AMP,0408010AEAAABAB
40867211000001100,Pregabalin 50mg capsules,40867211000001100,AMP,0408010AEAAABAB
38939511000001105,Pregabalin 50mg capsules,38939511000001105,AMP,0408010AEAAABAB
30224511000001106,Pregabalin 50mg capsules,30224511000001106,AMP,0408010AEAAABAB
37295011000001101,Pregabalin 50mg capsules,37295011000001101,AMP,0408010AEAAABAB
37907311000001105,Pregabalin 50mg capsules,37907311000001105,AMP,0408010AEAAABAB
29936111000001108,Pregabalin 50mg capsules,29936111000001108,AMP,0408010AEAAABAB
35722811000001100,Pregabalin 50mg capsules,35722811000001100,AMP,0408010AEAAABAB
36862011000001104,Pregabalin 50mg capsules,36862011000001104,AMP,0408010AEAAABAB
33608611000001106,Pregabalin 50mg capsules,33608611000001106,AMP,0408010AEAAABAB
32164811000001109,Pregabalin 50mg capsules,32164811000001109,AMP,0408010AEAAABAB
30782811000001103,Pregabalin 50mg capsules,30782811000001103,AMP,0408010AEAAABAB
42135711000001109,Pregabalin 75mg capsules,42135711000001109,VMP,0408010AEAAACAC
28964811000001104,Pregabalin 75mg capsules,28964811000001104,AMP,0408010AEAAACAC
30787311000001109,Pregabalin 75mg capsules,30787311000001109,AMP,0408010AEAAACAC
31901111000001103,Pregabalin 75mg capsules,31901111000001103,AMP,0408010AEAAACAC
41296111000001107,Pregabalin 75mg capsules,41296111000001107,AMP,0408010AEAAACAC
40908211000001105,Pregabalin 75mg capsules,40908211000001105,AMP,0408010AEAAACAC
39250511000001102,Pregabalin 75mg capsules,39250511000001102,AMP,0408010AEAAACAC
43990611000001106,Pregabalin 75mg capsules,43990611000001106,AMP,0408010AEAAACAC
37329411000001108,Pregabalin 75mg capsules,37329411000001108,AMP,0408010AEAAACAC
41782611000001108,Pregabalin 75mg capsules,41782611000001108,AMP,0408010AEAAACAC
30115811000001103,Pregabalin 75mg capsules,30115811000001103,AMP,0408010AEAAACAC
39932111000001108,Pregabalin 75mg capsules,39932111000001108,AMP,0408010AEAAACAC
32444211000001101,Pregabalin 75mg capsules,32444211000001101,AMP,0408010AEAAACAC
36350711000001107,Pregabalin 75mg capsules,36350711000001107,AMP,0408010AEAAACAC
41962911000001109,Pregabalin 75mg capsules,41962911000001109,AMP,0408010AEAAACAC
43965611000001101,Pregabalin 75mg capsules,43965611000001101,AMP,0408010AEAAACAC
37132311000001102,Pregabalin 75mg capsules,37132311000001102,AMP,0408010AEAAACAC
39180911000001102,Pregabalin 75mg capsules,39180911000001102,AMP,0408010AEAAACAC
35177111000001100,Pregabalin 75mg capsules,35177111000001100,AMP,0408010AEAAACAC
40867411000001101,Pregabalin 75mg capsules,40867411000001101,AMP,0408010AEAAACAC
46016711000001102,Pregabalin 75mg capsules,46016711000001102,AMP,0408010AEAAACAC
38940111000001105,Pregabalin 75mg capsules,38940111000001105,AMP,0408010AEAAACAC
30224911000001104,Pregabalin 75mg capsules,30224911000001104,AMP,0408010AEAAACAC
37294811000001106,Pregabalin 75mg capsules,37294811000001106,AMP,0408010AEAAACAC
37907611000001100,Pregabalin 75mg capsules,37907611000001100,AMP,0408010AEAAACAC
29935311000001100,Pregabalin 75mg capsules,29935311000001100,AMP,0408010AEAAACAC
35723111000001101,Pregabalin 75mg capsules,35723111000001101,AMP,0408010AEAAACAC
36862311000001101,Pregabalin 75mg capsules,36862311000001101,AMP,0408010AEAAACAC
33608411000001108,Pregabalin 75mg capsules,33608411000001108,AMP,0408010AEAAACAC
32323211000001105,Pregabalin 75mg capsules,32323211000001105,AMP,0408010AEAAACAC
30783011000001100,Pregabalin 75mg capsules,30783011000001100,AMP,0408010AEAAACAC
42135011000001107,Pregabalin 100mg capsules,42135011000001107,VMP,0408010AEAAADAD
28965011000001109,Pregabalin 100mg capsules,28965011000001109,AMP,0408010AEAAADAD
30787511000001103,Pregabalin 100mg capsules,30787511000001103,AMP,0408010AEAAADAD
31901711000001102,Pregabalin 100mg capsules,31901711000001102,AMP,0408010AEAAADAD
41218911000001105,Pregabalin 100mg capsules,41218911000001105,AMP,0408010AEAAADAD
40908811000001106,Pregabalin 100mg capsules,40908811000001106,AMP,0408010AEAAADAD
39183111000001107,Pregabalin 100mg capsules,39183111000001107,AMP,0408010AEAAADAD
43991011000001108,Pregabalin 100mg capsules,43991011000001108,AMP,0408010AEAAADAD
37329611000001106,Pregabalin 100mg capsules,37329611000001106,AMP,0408010AEAAADAD
41782811000001107,Pregabalin 100mg capsules,41782811000001107,AMP,0408010AEAAADAD
30116211000001105,Pregabalin 100mg capsules,30116211000001105,AMP,0408010AEAAADAD
39932311000001105,Pregabalin 100mg capsules,39932311000001105,AMP,0408010AEAAADAD
32444411000001102,Pregabalin 100mg capsules,32444411000001102,AMP,0408010AEAAADAD
36351511000001109,Pregabalin 100mg capsules,36351511000001109,AMP,0408010AEAAADAD
41961411000001106,Pregabalin 100mg capsules,41961411000001106,AMP,0408010AEAAADAD
43965911000001107,Pregabalin 100mg capsules,43965911000001107,AMP,0408010AEAAADAD
37132711000001103,Pregabalin 100mg capsules,37132711000001103,AMP,0408010AEAAADAD
39180311000001103,Pregabalin 100mg capsules,39180311000001103,AMP,0408010AEAAADAD
35177311000001103,Pregabalin 100mg capsules,35177311000001103,AMP,0408010AEAAADAD
40866211000001102,Pregabalin 100mg capsules,40866211000001102,AMP,0408010AEAAADAD
38940711000001106,Pregabalin 100mg capsules,38940711000001106,AMP,0408010AEAAADAD
30225311000001101,Pregabalin 100mg capsules,30225311000001101,AMP,0408010AEAAADAD
37294611000001107,Pregabalin 100mg capsules,37294611000001107,AMP,0408010AEAAADAD
37907811000001101,Pregabalin 100mg capsules,37907811000001101,AMP,0408010AEAAADAD
29936311000001105,Pregabalin 100mg capsules,29936311000001105,AMP,0408010AEAAADAD
35723411000001106,Pregabalin 100mg capsules,35723411000001106,AMP,0408010AEAAADAD
36862711000001102,Pregabalin 100mg capsules,36862711000001102,AMP,0408010AEAAADAD
33608211000001109,Pregabalin 100mg capsules,33608211000001109,AMP,0408010AEAAADAD
32165111000001103,Pregabalin 100mg capsules,32165111000001103,AMP,0408010AEAAADAD
30783211000001105,Pregabalin 100mg capsules,30783211000001105,AMP,0408010AEAAADAD
42135111000001108,Pregabalin 150mg capsules,42135111000001108,VMP,0408010AEAAAEAE
28965211000001104,Pregabalin 150mg capsules,28965211000001104,AMP,0408010AEAAAEAE
30787711000001108,Pregabalin 150mg capsules,30787711000001108,AMP,0408010AEAAAEAE
31902411000001103,Pregabalin 150mg capsules,31902411000001103,AMP,0408010AEAAAEAE
41219511000001109,Pregabalin 150mg capsules,41219511000001109,AMP,0408010AEAAAEAE
40909011000001105,Pregabalin 150mg capsules,40909011000001105,AMP,0408010AEAAAEAE
39183411000001102,Pregabalin 150mg capsules,39183411000001102,AMP,0408010AEAAAEAE
43991411000001104,Pregabalin 150mg capsules,43991411000001104,AMP,0408010AEAAAEAE
37330511000001102,Pregabalin 150mg capsules,37330511000001102,AMP,0408010AEAAAEAE
30116411000001109,Pregabalin 150mg capsules,30116411000001109,AMP,0408010AEAAAEAE
39932511000001104,Pregabalin 150mg capsules,39932511000001104,AMP,0408010AEAAAEAE
32446111000001100,Pregabalin 150mg capsules,32446111000001100,AMP,0408010AEAAAEAE
36353011000001100,Pregabalin 150mg capsules,36353011000001100,AMP,0408010AEAAAEAE
41961611000001109,Pregabalin 150mg capsules,41961611000001109,AMP,0408010AEAAAEAE
43966611000001106,Pregabalin 150mg capsules,43966611000001106,AMP,0408010AEAAAEAE
37133111000001105,Pregabalin 150mg capsules,37133111000001105,AMP,0408010AEAAAEAE
39180511000001109,Pregabalin 150mg capsules,39180511000001109,AMP,0408010AEAAAEAE
35177711000001104,Pregabalin 150mg capsules,35177711000001104,AMP,0408010AEAAAEAE
39356911000001102,Pregabalin 150mg capsules,39356911000001102,AMP,0408010AEAAAEAE
46016511000001107,Pregabalin 150mg capsules,46016511000001107,AMP,0408010AEAAAEAE
38940911000001108,Pregabalin 150mg capsules,38940911000001108,AMP,0408010AEAAAEAE
30225511000001107,Pregabalin 150mg capsules,30225511000001107,AMP,0408010AEAAAEAE
37294411000001109,Pregabalin 150mg capsules,37294411000001109,AMP,0408010AEAAAEAE
37908011000001108,Pregabalin 150mg capsules,37908011000001108,AMP,0408010AEAAAEAE
29936811000001101,Pregabalin 150mg capsules,29936811000001101,AMP,0408010AEAAAEAE
35723611000001109,Pregabalin 150mg capsules,35723611000001109,AMP,0408010AEAAAEAE
36863211000001103,Pregabalin 150mg capsules,36863211000001103,AMP,0408010AEAAAEAE
33608011000001104,Pregabalin 150mg capsules,33608011000001104,AMP,0408010AEAAAEAE
32323411000001109,Pregabalin 150mg capsules,32323411000001109,AMP,0408010AEAAAEAE
30782011000001109,Pregabalin 150mg capsules,30782011000001109,AMP,0408010AEAAAEAE
42135211000001102,Pregabalin 200mg capsules,42135211000001102,VMP,0408010AEAAAFAF
28965411000001100,Pregabalin 200mg capsules,28965411000001100,AMP,0408010AEAAAFAF
30787911000001105,Pregabalin 200mg capsules,30787911000001105,AMP,0408010AEAAAFAF
31902911000001106,Pregabalin 200mg capsules,31902911000001106,AMP,0408010AEAAAFAF
41262411000001100,Pregabalin 200mg capsules,41262411000001100,AMP,0408010AEAAAFAF
40909711000001107,Pregabalin 200mg capsules,40909711000001107,AMP,0408010AEAAAFAF
39183611000001104,Pregabalin 200mg capsules,39183611000001104,AMP,0408010AEAAAFAF
43991811000001102,Pregabalin 200mg capsules,43991811000001102,AMP,0408010AEAAAFAF
37331711000001104,Pregabalin 200mg capsules,37331711000001104,AMP,0408010AEAAAFAF
30116611000001107,Pregabalin 200mg capsules,30116611000001107,AMP,0408010AEAAAFAF
39932911000001106,Pregabalin 200mg capsules,39932911000001106,AMP,0408010AEAAAFAF
32446711000001104,Pregabalin 200mg capsules,32446711000001104,AMP,0408010AEAAAFAF
36354011000001103,Pregabalin 200mg capsules,36354011000001103,AMP,0408010AEAAAFAF
41961811000001108,Pregabalin 200mg capsules,41961811000001108,AMP,0408010AEAAAFAF
43967711000001104,Pregabalin 200mg capsules,43967711000001104,AMP,0408010AEAAAFAF
37133511000001101,Pregabalin 200mg capsules,37133511000001101,AMP,0408010AEAAAFAF
39178211000001101,Pregabalin 200mg capsules,39178211000001101,AMP,0408010AEAAAFAF
35178011000001100,Pregabalin 200mg capsules,35178011000001100,AMP,0408010AEAAAFAF
40866411000001103,Pregabalin 200mg capsules,40866411000001103,AMP,0408010AEAAAFAF
38941111000001104,Pregabalin 200mg capsules,38941111000001104,AMP,0408010AEAAAFAF
30225111000001103,Pregabalin 200mg capsules,30225111000001103,AMP,0408010AEAAAFAF
37294211000001105,Pregabalin 200mg capsules,37294211000001105,AMP,0408010AEAAAFAF
29937611000001103,Pregabalin 200mg capsules,29937611000001103,AMP,0408010AEAAAFAF
35723811000001108,Pregabalin 200mg capsules,35723811000001108,AMP,0408010AEAAAFAF
36863511000001100,Pregabalin 200mg capsules,36863511000001100,AMP,0408010AEAAAFAF
33607811000001106,Pregabalin 200mg capsules,33607811000001106,AMP,0408010AEAAAFAF
32165511000001107,Pregabalin 200mg capsules,32165511000001107,AMP,0408010AEAAAFAF
30782211000001104,Pregabalin 200mg capsules,30782211000001104,AMP,0408010AEAAAFAF
42135511000001104,Pregabalin 300mg capsules,42135511000001104,VMP,0408010AEAAAGAG
28965811000001103,Pregabalin 300mg capsules,28965811000001103,AMP,0408010AEAAAGAG
30788311000001105,Pregabalin 300mg capsules,30788311000001105,AMP,0408010AEAAAGAG
31904411000001105,Pregabalin 300mg capsules,31904411000001105,AMP,0408010AEAAAGAG
41291011000001104,Pregabalin 300mg capsules,41291011000001104,AMP,0408010AEAAAGAG
40910411000001108,Pregabalin 300mg capsules,40910411000001108,AMP,0408010AEAAAGAG
40484411000001101,Pregabalin 300mg capsules,40484411000001101,AMP,0408010AEAAAGAG
42252911000001104,Pregabalin 300mg capsules,42252911000001104,AMP,0408010AEAAAGAG
37332811000001103,Pregabalin 300mg capsules,37332811000001103,AMP,0408010AEAAAGAG
30117011000001102,Pregabalin 300mg capsules,30117011000001102,AMP,0408010AEAAAGAG
39933111000001102,Pregabalin 300mg capsules,39933111000001102,AMP,0408010AEAAAGAG
32450011000001102,Pregabalin 300mg capsules,32450011000001102,AMP,0408010AEAAAGAG
36355411000001108,Pregabalin 300mg capsules,36355411000001108,AMP,0408010AEAAAGAG
41962511000001102,Pregabalin 300mg capsules,41962511000001102,AMP,0408010AEAAAGAG
43968011000001100,Pregabalin 300mg capsules,43968011000001100,AMP,0408010AEAAAGAG
37134311000001109,Pregabalin 300mg capsules,37134311000001109,AMP,0408010AEAAAGAG
39179111000001100,Pregabalin 300mg capsules,39179111000001100,AMP,0408010AEAAAGAG
35178511000001108,Pregabalin 300mg capsules,35178511000001108,AMP,0408010AEAAAGAG
40867011000001105,Pregabalin 300mg capsules,40867011000001105,AMP,0408010AEAAAGAG
45710211000001107,Pregabalin 300mg capsules,45710211000001107,AMP,0408010AEAAAGAG
38941911000001101,Pregabalin 300mg capsules,38941911000001101,AMP,0408010AEAAAGAG
30224311000001100,Pregabalin 300mg capsules,30224311000001100,AMP,0408010AEAAAGAG
37293811000001108,Pregabalin 300mg capsules,37293811000001108,AMP,0408010AEAAAGAG
38300411000001102,Pregabalin 300mg capsules,38300411000001102,AMP,0408010AEAAAGAG
29938111000001107,Pregabalin 300mg capsules,29938111000001107,AMP,0408010AEAAAGAG
35724211000001105,Pregabalin 300mg capsules,35724211000001105,AMP,0408010AEAAAGAG
36865111000001105,Pregabalin 300mg capsules,36865111000001105,AMP,0408010AEAAAGAG
33607411000001109,Pregabalin 300mg capsules,33607411000001109,AMP,0408010AEAAAGAG
32165811000001105,Pregabalin 300mg capsules,32165811000001105,AMP,0408010AEAAAGAG
30782611000001102,Pregabalin 300mg capsules,30782611000001102,AMP,0408010AEAAAGAG
14016711000001109,Pregabalin 75mg/5ml oral solution,14016711000001109,VMP,0408010AEAAAHAH
13986911000001101,Pregabalin 75mg/5ml oral solution,13986911000001101,AMP,0408010AEAAAHAH
42135311000001105,Pregabalin 225mg capsules,42135311000001105,VMP,0408010AEAAAIAI
28965611000001102,Pregabalin 225mg capsules,28965611000001102,AMP,0408010AEAAAIAI
30788111000001108,Pregabalin 225mg capsules,30788111000001108,AMP,0408010AEAAAIAI
31903611000001105,Pregabalin 225mg capsules,31903611000001105,AMP,0408010AEAAAIAI
41263211000001105,Pregabalin 225mg capsules,41263211000001105,AMP,0408010AEAAAIAI
40910211000001109,Pregabalin 225mg capsules,40910211000001109,AMP,0408010AEAAAIAI
39476211000001101,Pregabalin 225mg capsules,39476211000001101,AMP,0408010AEAAAIAI
42244111000001107,Pregabalin 225mg capsules,42244111000001107,AMP,0408010AEAAAIAI
37332411000001100,Pregabalin 225mg capsules,37332411000001100,AMP,0408010AEAAAIAI
30116811000001106,Pregabalin 225mg capsules,30116811000001106,AMP,0408010AEAAAIAI
39932711000001109,Pregabalin 225mg capsules,39932711000001109,AMP,0408010AEAAAIAI
32446911000001102,Pregabalin 225mg capsules,32446911000001102,AMP,0408010AEAAAIAI
36354411000001107,Pregabalin 225mg capsules,36354411000001107,AMP,0408010AEAAAIAI
41962011000001105,Pregabalin 225mg capsules,41962011000001105,AMP,0408010AEAAAIAI
37133911000001108,Pregabalin 225mg capsules,37133911000001108,AMP,0408010AEAAAIAI
39178611000001104,Pregabalin 225mg capsules,39178611000001104,AMP,0408010AEAAAIAI
35178311000001102,Pregabalin 225mg capsules,35178311000001102,AMP,0408010AEAAAIAI
40866611000001100,Pregabalin 225mg capsules,40866611000001100,AMP,0408010AEAAAIAI
38941711000001103,Pregabalin 225mg capsules,38941711000001103,AMP,0408010AEAAAIAI
30224711000001101,Pregabalin 225mg capsules,30224711000001101,AMP,0408010AEAAAIAI
37294011000001100,Pregabalin 225mg capsules,37294011000001100,AMP,0408010AEAAAIAI
38299711000001105,Pregabalin 225mg capsules,38299711000001105,AMP,0408010AEAAAIAI
29937911000001109,Pregabalin 225mg capsules,29937911000001109,AMP,0408010AEAAAIAI
35724011000001100,Pregabalin 225mg capsules,35724011000001100,AMP,0408010AEAAAIAI
36863911000001107,Pregabalin 225mg capsules,36863911000001107,AMP,0408010AEAAAIAI
33607611000001107,Pregabalin 225mg capsules,33607611000001107,AMP,0408010AEAAAIAI
32323711000001103,Pregabalin 225mg capsules,32323711000001103,AMP,0408010AEAAAIAI
30782411000001100,Pregabalin 225mg capsules,30782411000001100,AMP,0408010AEAAAIAI
15125311000001109,Pregabalin 150mg/5ml oral solution,15125311000001109,VMP,0408010AEAAAJAJ
15125411000001102,Pregabalin 150mg/5ml oral suspension,15125411000001102,VMP,0408010AEAAAJAJ
15118611000001104,Pregabalin 150mg/5ml oral solution,15118611000001104,AMP,0408010AEAAAJAJ
15118911000001105,Pregabalin 150mg/5ml oral suspension,15118911000001105,AMP,0408010AEAAAJAJ
15243311000001108,Pregabalin 200mg/5ml oral solution,15243311000001108,VMP,0408010AEAAAKAK
15243411000001101,Pregabalin 200mg/5ml oral suspension,15243411000001101,VMP,0408010AEAAAKAK
15238911000001103,Pregabalin 200mg/5ml oral solution,15238911000001103,AMP,0408010AEAAAKAK
15239211000001102,Pregabalin 200mg/5ml oral suspension,15239211000001102,AMP,0408010AEAAAKAK
15534611000001106,Pregabalin 75mg oral powder sachets,15534611000001106,VMP,0408010AEAAALAL
15527611000001102,Pregabalin 75mg oral powder sachets,15527611000001102,AMP,0408010AEAAALAL
15915211000001106,Pregabalin 25mg/5ml oral solution,15915211000001106,VMP,0408010AEAAAMAM
15915311000001103,Pregabalin 25mg/5ml oral suspension,15915311000001103,VMP,0408010AEAAAMAM
15896311000001103,Pregabalin 25mg/5ml oral solution,15896311000001103,AMP,0408010AEAAAMAM
15896811000001107,Pregabalin 25mg/5ml oral suspension,15896811000001107,AMP,0408010AEAAAMAM
20556411000001107,Pregabalin 20mg/ml oral solution sugar free,20556411000001107,VMP,0408010AEAAANAN
30129411000001108,Pregabalin 20mg/ml oral solution sugar free,30129411000001108,AMP,0408010AEAAANAN
35323511000001106,Pregabalin 20mg/ml oral solution sugar free,35323511000001106,AMP,0408010AEAAANAN
34717211000001100,Pregabalin 20mg/ml oral solution sugar free,34717211000001100,AMP,0408010AEAAANAN
31068111000001102,Pregabalin 20mg/ml oral solution sugar free,31068111000001102,AMP,0408010AEAAANAN
39492211000001105,Pregabalin 20mg/ml oral solution sugar free,39492211000001105,AMP,0408010AEAAANAN
35084611000001102,Pregabalin 20mg/ml oral solution sugar free,35084611000001102,AMP,0408010AEAAANAN
29915911000001107,Pregabalin 20mg/ml oral solution sugar free,29915911000001107,AMP,0408010AEAAANAN
32770711000001107,Pregabalin 20mg/ml oral solution sugar free,32770711000001107,AMP,0408010AEAAANAN
31995011000001104,Pregabalin 20mg/ml oral solution sugar free,31995011000001104,AMP,0408010AEAAANAN
37323411000001106,Pregabalin 20mg/ml oral solution sugar free,37323411000001106,AMP,0408010AEAAANAN
37134711000001108,Pregabalin 20mg/ml oral solution sugar free,37134711000001108,AMP,0408010AEAAANAN
39178411000001102,Pregabalin 20mg/ml oral solution sugar free,39178411000001102,AMP,0408010AEAAANAN
41512211000001108,Pregabalin 20mg/ml oral solution sugar free,41512211000001108,AMP,0408010AEAAANAN
36793911000001106,Pregabalin 20mg/ml oral solution sugar free,36793911000001106,AMP,0408010AEAAANAN
30101811000001104,Pregabalin 20mg/ml oral solution sugar free,30101811000001104,AMP,0408010AEAAANAN
35838111000001106,Pregabalin 20mg/ml oral solution sugar free,35838111000001106,AMP,0408010AEAAANAN
32879411000001109,Pregabalin 50mg/5ml oral suspension,32879411000001109,VMP,0408010AEAAAQAQ
32867211000001106,Pregabalin 50mg/5ml oral suspension,32867211000001106,AMP,0408010AEAAAQAQ
34683911000001107,Pregabalin 300mg/5ml oral suspension,34683911000001107,VMP,0408010AEAAARAR
34677911000001106,Pregabalin 300mg/5ml oral suspension,34677911000001106,AMP,0408010AEAAARAR
38019911000001101,Pregabalin 25mg tablets,38019911000001101,VMP,0408010AEAAASAS
38686511000001109,Pregabalin 25mg tablets,38686511000001109,AMP,0408010AEAAASAS
38850711000001102,Pregabalin 25mg tablets,38850711000001102,AMP,0408010AEAAASAS
40369911000001104,Pregabalin 25mg tablets,40369911000001104,AMP,0408010AEAAASAS
39889311000001102,Pregabalin 25mg tablets,39889311000001102,AMP,0408010AEAAASAS
37902711000001107,Pregabalin 25mg tablets,37902711000001107,AMP,0408010AEAAASAS
38020111000001103,Pregabalin 50mg tablets,38020111000001103,VMP,0408010AEAAATAT
38686711000001104,Pregabalin 50mg tablets,38686711000001104,AMP,0408010AEAAATAT
38851311000001106,Pregabalin 50mg tablets,38851311000001106,AMP,0408010AEAAATAT
40370611000001107,Pregabalin 50mg tablets,40370611000001107,AMP,0408010AEAAATAT
39889711000001103,Pregabalin 50mg tablets,39889711000001103,AMP,0408010AEAAATAT
37903011000001101,Pregabalin 50mg tablets,37903011000001101,AMP,0408010AEAAATAT
38019511000001108,Pregabalin 100mg tablets,38019511000001108,VMP,0408010AEAAAUAU
38686911000001102,Pregabalin 100mg tablets,38686911000001102,AMP,0408010AEAAAUAU
38849711000001106,Pregabalin 100mg tablets,38849711000001106,AMP,0408010AEAAAUAU
40368811000001102,Pregabalin 100mg tablets,40368811000001102,AMP,0408010AEAAAUAU
39888511000001102,Pregabalin 100mg tablets,39888511000001102,AMP,0408010AEAAAUAU
37903311000001103,Pregabalin 100mg tablets,37903311000001103,AMP,0408010AEAAAUAU
38019711000001103,Pregabalin 200mg tablets,38019711000001103,VMP,0408010AEAAAVAV
38687311000001100,Pregabalin 200mg tablets,38687311000001100,AMP,0408010AEAAAVAV
38850111000001103,Pregabalin 200mg tablets,38850111000001103,AMP,0408010AEAAAVAV
40369511000001106,Pregabalin 200mg tablets,40369511000001106,AMP,0408010AEAAAVAV
39888911000001109,Pregabalin 200mg tablets,39888911000001109,AMP,0408010AEAAAVAV
37903611000001108,Pregabalin 200mg tablets,37903611000001108,AMP,0408010AEAAAVAV
38020011000001104,Pregabalin 300mg tablets,38020011000001104,VMP,0408010AEAAAWAW
38687711000001101,Pregabalin 300mg tablets,38687711000001101,AMP,0408010AEAAAWAW
38851111000001109,Pregabalin 300mg tablets,38851111000001109,AMP,0408010AEAAAWAW
40370311000001102,Pregabalin 300mg tablets,40370311000001102,AMP,0408010AEAAAWAW
39889511000001108,Pregabalin 300mg tablets,39889511000001108,AMP,0408010AEAAAWAW
37903911000001102,Pregabalin 300mg tablets,37903911000001102,AMP,0408010AEAAAWAW
38020211000001109,Pregabalin 75mg tablets,38020211000001109,VMP,0408010AEAAAXAX
38743511000001101,Pregabalin 75mg tablets,38743511000001101,AMP,0408010AEAAAXAX
38851911000001107,Pregabalin 75mg tablets,38851911000001107,AMP,0408010AEAAAXAX
40370911000001101,Pregabalin 75mg tablets,40370911000001101,AMP,0408010AEAAAXAX
39889911000001101,Pregabalin 75mg tablets,39889911000001101,AMP,0408010AEAAAXAX
37853811000001109,Pregabalin 75mg tablets,37853811000001109,AMP,0408010AEAAAXAX
38019611000001107,Pregabalin 150mg tablets,38019611000001107,VMP,0408010AEAAAYAY
38687111000001102,Pregabalin 150mg tablets,38687111000001102,AMP,0408010AEAAAYAY
38849911000001108,Pregabalin 150mg tablets,38849911000001108,AMP,0408010AEAAAYAY
40369311000001100,Pregabalin 150mg tablets,40369311000001100,AMP,0408010AEAAAYAY
39888711000001107,Pregabalin 150mg tablets,39888711000001107,AMP,0408010AEAAAYAY
37854111000001100,Pregabalin 150mg tablets,37854111000001100,AMP,0408010AEAAAYAY
38019811000001106,Pregabalin 225mg tablets,38019811000001106,VMP,0408010AEAAAZAZ
38687511000001106,Pregabalin 225mg tablets,38687511000001106,AMP,0408010AEAAAZAZ
38850311000001101,Pregabalin 225mg tablets,38850311000001101,AMP,0408010AEAAAZAZ
40369711000001101,Pregabalin 225mg tablets,40369711000001101,AMP,0408010AEAAAZAZ
39889111000001104,Pregabalin 225mg tablets,39889111000001104,AMP,0408010AEAAAZAZ
37854411000001105,Pregabalin 225mg tablets,37854411000001105,AMP,0408010AEAAAZAZ
14016811000001101,Pregabalin 75mg/5ml oral suspension,14016811000001101,VMP,0408010AEAABABA
13987211000001107,Pregabalin 75mg/5ml oral suspension,13987211000001107,AMP,0408010AEAABABA
7889411000001104,Lyrica 25mg capsules,7889411000001104,AMP,0408010AEBBAAAA
7890211000001109,Lyrica 50mg capsules,7890211000001109,AMP,0408010AEBBABAB
7890511000001107,Lyrica 75mg capsules,7890511000001107,AMP,0408010AEBBACAC
7890811000001105,Lyrica 100mg capsules,7890811000001105,AMP,0408010AEBBADAD
7891211000001103,Lyrica 150mg capsules,7891211000001103,AMP,0408010AEBBAEAE
7891611000001101,Lyrica 200mg capsules,7891611000001101,AMP,0408010AEBBAFAF
7892111000001104,Lyrica 300mg capsules,7892111000001104,AMP,0408010AEBBAGAG
13076011000001103,Lyrica 225mg capsules,13076011000001103,AMP,0408010AEBBAHAI
20545811000001103,Lyrica 20mg/ml oral solution,20545811000001103,AMP,0408010AEBBAIAN
28736211000001106,Rewisca 100mg capsules,28736211000001106,AMP,0408010AEBCAAAD
28736711000001104,Rewisca 25mg capsules,28736711000001104,AMP,0408010AEBCABAA
28737611000001105,Rewisca 50mg capsules,28737611000001105,AMP,0408010AEBCACAB
28738211000001107,Rewisca 75mg capsules,28738211000001107,AMP,0408010AEBCADAC
28738711000001100,Rewisca 150mg capsules,28738711000001100,AMP,0408010AEBCAEAE
28739111000001108,Rewisca 200mg capsules,28739111000001108,AMP,0408010AEBCAFAF
28740211000001105,Rewisca 225mg capsules,28740211000001105,AMP,0408010AEBCAGAI
28742111000001100,Rewisca 300mg capsules,28742111000001100,AMP,0408010AEBCAHAG
28909711000001107,Lecaent 25mg capsules,28909711000001107,AMP,0408010AEBDAAAA
28910011000001104,Lecaent 50mg capsules,28910011000001104,AMP,0408010AEBDABAB
28910211000001109,Lecaent 75mg capsules,28910211000001109,AMP,0408010AEBDACAC
28910411000001108,Lecaent 100mg capsules,28910411000001108,AMP,0408010AEBDADAD
28910611000001106,Lecaent 150mg capsules,28910611000001106,AMP,0408010AEBDAEAE
28910811000001105,Lecaent 200mg capsules,28910811000001105,AMP,0408010AEBDAFAF
28911011000001108,Lecaent 225mg capsules,28911011000001108,AMP,0408010AEBDAGAI
28911211000001103,Lecaent 300mg capsules,28911211000001103,AMP,0408010AEBDAHAG
28996411000001106,Alzain 25mg capsules,28996411000001106,AMP,0408010AEBEAAAA
28996611000001109,Alzain 50mg capsules,28996611000001109,AMP,0408010AEBEABAB
28996911000001103,Alzain 75mg capsules,28996911000001103,AMP,0408010AEBEACAC
28997111000001103,Alzain 100mg capsules,28997111000001103,AMP,0408010AEBEADAD
28997311000001101,Alzain 150mg capsules,28997311000001101,AMP,0408010AEBEAEAE
28997511000001107,Alzain 200mg capsules,28997511000001107,AMP,0408010AEBEAFAF
28997711000001102,Alzain 225mg capsules,28997711000001102,AMP,0408010AEBEAGAI
28997911000001100,Alzain 300mg capsules,28997911000001100,AMP,0408010AEBEAHAG
33709111000001104,Axalid 25mg capsules,33709111000001104,AMP,0408010AEBFAAAA
33709711000001103,Axalid 50mg capsules,33709711000001103,AMP,0408010AEBFABAB
33710311000001109,Axalid 75mg capsules,33710311000001109,AMP,0408010AEBFACAC
33710511000001103,Axalid 100mg capsules,33710511000001103,AMP,0408010AEBFADAD
33712111000001106,Axalid 150mg capsules,33712111000001106,AMP,0408010AEBFAEAE
33712511000001102,Axalid 200mg capsules,33712511000001102,AMP,0408010AEBFAFAF
33715511000001108,Axalid 225mg capsules,33715511000001108,AMP,0408010AEBFAGAI
33715911000001101,Axalid 300mg capsules,33715911000001101,AMP,0408010AEBFAHAG
12865211000001100,Rufinamide 100mg tablets,12865211000001100,VMP,0408010AFAAAAAA
45461711000001102,Rufinamide 100mg tablets,45461711000001102,AMP,0408010AFAAAAAA
42136611000001105,Rufinamide 200mg tablets,42136611000001105,VMP,0408010AFAAABAB
45462611000001100,Rufinamide 200mg tablets,45462611000001100,AMP,0408010AFAAABAB
42136711000001101,Rufinamide 400mg tablets,42136711000001101,VMP,0408010AFAAACAC
45462911000001106,Rufinamide 400mg tablets,45462911000001106,AMP,0408010AFAAACAC
20353211000001104,Rufinamide 40mg/ml oral suspension sugar free,20353211000001104,VMP,0408010AFAAADAD
45462311000001105,Rufinamide 40mg/ml oral suspension sugar free,45462311000001105,AMP,0408010AFAAADAD
12862111000001104,Inovelon 100mg tablets,12862111000001104,AMP,0408010AFBBAAAA
13123911000001104,Inovelon 200mg tablets,13123911000001104,AMP,0408010AFBBABAB
13124211000001106,Inovelon 400mg tablets,13124211000001106,AMP,0408010AFBBACAC
20343811000001100,Inovelon 40mg/ml oral suspension,20343811000001100,AMP,0408010AFBBADAD
13411111000001108,Stiripentol 250mg capsules,13411111000001108,VMP,0408010AGAAAAAA
13411311000001105,Stiripentol 500mg capsules,13411311000001105,VMP,0408010AGAAABAB
13411211000001102,Stiripentol 250mg oral powder sachets,13411211000001102,VMP,0408010AGAAACAC
13411411000001103,Stiripentol 500mg oral powder sachets,13411411000001103,VMP,0408010AGAAADAD
13402911000001103,Diacomit 250mg capsules,13402911000001103,AMP,0408010AGBBAAAA
13403711000001108,Diacomit 500mg capsules,13403711000001108,AMP,0408010AGBBABAB
13403211000001101,Diacomit 250mg oral powder sachets,13403211000001101,AMP,0408010AGBBACAC
13404211000001103,Diacomit 500mg oral powder sachets,13404211000001103,AMP,0408010AGBBADAD
42130411000001105,Lacosamide 50mg tablets,42130411000001105,VMP,0408010AHAAAAAA
41112611000001104,Lacosamide 50mg tablets,41112611000001104,AMP,0408010AHAAAAAA
41163911000001104,Lacosamide 50mg tablets,41163911000001104,AMP,0408010AHAAAAAA
44085011000001103,Lacosamide 50mg tablets,44085011000001103,AMP,0408010AHAAAAAA
41338511000001100,Lacosamide 50mg tablets,41338511000001100,AMP,0408010AHAAAAAA
41100611000001102,Lacosamide 50mg tablets,41100611000001102,AMP,0408010AHAAAAAA
41083811000001101,Lacosamide 50mg tablets,41083811000001101,AMP,0408010AHAAAAAA
41129711000001108,Lacosamide 50mg tablets,41129711000001108,AMP,0408010AHAAAAAA
41147211000001105,Lacosamide 50mg tablets,41147211000001105,AMP,0408010AHAAAAAA
45864611000001104,Lacosamide 50mg tablets,45864611000001104,AMP,0408010AHAAAAAA
41299011000001100,Lacosamide 50mg tablets,41299011000001100,AMP,0408010AHAAAAAA
41433811000001100,Lacosamide 50mg tablets,41433811000001100,AMP,0408010AHAAAAAA
42877011000001108,Lacosamide 50mg tablets,42877011000001108,AMP,0408010AHAAAAAA
40862711000001105,Lacosamide 50mg tablets,40862711000001105,AMP,0408010AHAAAAAA
40799011000001102,Lacosamide 50mg tablets,40799011000001102,AMP,0408010AHAAAAAA
42130111000001100,Lacosamide 100mg tablets,42130111000001100,VMP,0408010AHAAABAB
41112811000001100,Lacosamide 100mg tablets,41112811000001100,AMP,0408010AHAAABAB
41164211000001106,Lacosamide 100mg tablets,41164211000001106,AMP,0408010AHAAABAB
44083911000001100,Lacosamide 100mg tablets,44083911000001100,AMP,0408010AHAAABAB
41337711000001109,Lacosamide 100mg tablets,41337711000001109,AMP,0408010AHAAABAB
41098011000001104,Lacosamide 100mg tablets,41098011000001104,AMP,0408010AHAAABAB
41082811000001109,Lacosamide 100mg tablets,41082811000001109,AMP,0408010AHAAABAB
41130111000001104,Lacosamide 100mg tablets,41130111000001104,AMP,0408010AHAAABAB
41075011000001104,Lacosamide 100mg tablets,41075011000001104,AMP,0408010AHAAABAB
42903811000001109,Lacosamide 100mg tablets,42903811000001109,AMP,0408010AHAAABAB
41299211000001105,Lacosamide 100mg tablets,41299211000001105,AMP,0408010AHAAABAB
41434011000001108,Lacosamide 100mg tablets,41434011000001108,AMP,0408010AHAAABAB
42877211000001103,Lacosamide 100mg tablets,42877211000001103,AMP,0408010AHAAABAB
40863011000001104,Lacosamide 100mg tablets,40863011000001104,AMP,0408010AHAAABAB
40799211000001107,Lacosamide 100mg tablets,40799211000001107,AMP,0408010AHAAABAB
42130211000001106,Lacosamide 150mg tablets,42130211000001106,VMP,0408010AHAAACAC
41113111000001101,Lacosamide 150mg tablets,41113111000001101,AMP,0408010AHAAACAC
41164511000001109,Lacosamide 150mg tablets,41164511000001109,AMP,0408010AHAAACAC
44084411000001106,Lacosamide 150mg tablets,44084411000001106,AMP,0408010AHAAACAC
41338011000001108,Lacosamide 150mg tablets,41338011000001108,AMP,0408010AHAAACAC
41102711000001105,Lacosamide 150mg tablets,41102711000001105,AMP,0408010AHAAACAC
41083611000001100,Lacosamide 150mg tablets,41083611000001100,AMP,0408010AHAAACAC
41130511000001108,Lacosamide 150mg tablets,41130511000001108,AMP,0408010AHAAACAC
41075211000001109,Lacosamide 150mg tablets,41075211000001109,AMP,0408010AHAAACAC
41299811000001106,Lacosamide 150mg tablets,41299811000001106,AMP,0408010AHAAACAC
41434311000001106,Lacosamide 150mg tablets,41434311000001106,AMP,0408010AHAAACAC
42877411000001104,Lacosamide 150mg tablets,42877411000001104,AMP,0408010AHAAACAC
40863211000001109,Lacosamide 150mg tablets,40863211000001109,AMP,0408010AHAAACAC
40799511000001105,Lacosamide 150mg tablets,40799511000001105,AMP,0408010AHAAACAC
42130311000001103,Lacosamide 200mg tablets,42130311000001103,VMP,0408010AHAAADAD
41113411000001106,Lacosamide 200mg tablets,41113411000001106,AMP,0408010AHAAADAD
41164811000001107,Lacosamide 200mg tablets,41164811000001107,AMP,0408010AHAAADAD
44084811000001108,Lacosamide 200mg tablets,44084811000001108,AMP,0408010AHAAADAD
41338311000001106,Lacosamide 200mg tablets,41338311000001106,AMP,0408010AHAAADAD
41103011000001104,Lacosamide 200mg tablets,41103011000001104,AMP,0408010AHAAADAD
41083111000001108,Lacosamide 200mg tablets,41083111000001108,AMP,0408010AHAAADAD
41130911000001101,Lacosamide 200mg tablets,41130911000001101,AMP,0408010AHAAADAD
41147611000001107,Lacosamide 200mg tablets,41147611000001107,AMP,0408010AHAAADAD
42908411000001101,Lacosamide 200mg tablets,42908411000001101,AMP,0408010AHAAADAD
41300511000001105,Lacosamide 200mg tablets,41300511000001105,AMP,0408010AHAAADAD
41434511000001100,Lacosamide 200mg tablets,41434511000001100,AMP,0408010AHAAADAD
42877611000001101,Lacosamide 200mg tablets,42877611000001101,AMP,0408010AHAAADAD
40863811000001105,Lacosamide 200mg tablets,40863811000001105,AMP,0408010AHAAADAD
40799811000001108,Lacosamide 200mg tablets,40799811000001108,AMP,0408010AHAAADAD
14203611000001101,Lacosamide 200mg/20ml solution for infusion vials,14203611000001101,VMP,0408010AHAAAEAE
43009311000001104,Lacosamide 200mg/20ml solution for infusion vials,43009311000001104,AMP,0408010AHAAAEAE
42853911000001101,Lacosamide 200mg/20ml solution for infusion vials,42853911000001101,AMP,0408010AHAAAEAE
41075411000001108,Lacosamide 200mg/20ml solution for infusion vials,41075411000001108,AMP,0408010AHAAAEAE
14410411000001105,Lacosamide 15mg/ml oral solution sugar free,14410411000001105,VMP,0408010AHAAAFAF
19821611000001100,Lacosamide 10mg/ml oral solution sugar free,19821611000001100,VMP,0408010AHAAAGAG
41754511000001107,Lacosamide 10mg/ml oral solution sugar free,41754511000001107,AMP,0408010AHAAAGAG
45177411000001109,Lacosamide 10mg/ml oral solution sugar free,45177411000001109,AMP,0408010AHAAAGAG
42817311000001103,Lacosamide 10mg/ml oral solution sugar free,42817311000001103,AMP,0408010AHAAAGAG
44231711000001103,Lacosamide 10mg/ml oral solution sugar free,44231711000001103,AMP,0408010AHAAAGAG
43200111000001101,Lacosamide 10mg/ml oral solution sugar free,43200111000001101,AMP,0408010AHAAAGAG
41075611000001106,Lacosamide 10mg/ml oral solution sugar free,41075611000001106,AMP,0408010AHAAAGAG
42793911000001109,Lacosamide 10mg/ml oral solution sugar free,42793911000001109,AMP,0408010AHAAAGAG
41510811000001108,Lacosamide 10mg/ml oral solution sugar free,41510811000001108,AMP,0408010AHAAAGAG
43787211000001104,Lacosamide 10mg/ml oral solution sugar free,43787211000001104,AMP,0408010AHAAAGAG
14194911000001109,Vimpat 50mg tablets,14194911000001109,AMP,0408010AHBBAAAA
14199511000001103,Vimpat 100mg tablets,14199511000001103,AMP,0408010AHBBABAB
14196911000001101,Vimpat 150mg tablets,14196911000001101,AMP,0408010AHBBACAC
14194411000001101,Vimpat 200mg tablets,14194411000001101,AMP,0408010AHBBADAD
14196211000001105,Vimpat 200mg/20ml solution for infusion vials,14196211000001105,AMP,0408010AHBBAEAE
14316311000001106,Vimpat 15mg/ml syrup,14316311000001106,AMP,0408010AHBBAFAF
19811011000001103,Vimpat 10mg/ml syrup,19811011000001103,AMP,0408010AHBBAGAG
20353711000001106,Vimpat 10mg/ml syrup,20353711000001106,AMP,0408010AHBBAHAG
41132611000001108,Eplaid 50mg tablets,41132611000001108,AMP,0408010AHBCAAAA
41132811000001107,Eplaid 100mg tablets,41132811000001107,AMP,0408010AHBCABAB
41133111000001106,Eplaid 150mg tablets,41133111000001106,AMP,0408010AHBCACAC
41133411000001101,Eplaid 200mg tablets,41133411000001101,AMP,0408010AHBCADAD
16197411000001103,Eslicarbazepine 800mg tablets,16197411000001103,VMP,0408010AIAAAAAA
40439611000001107,Eslicarbazepine 800mg tablets,40439611000001107,AMP,0408010AIAAAAAA
40196811000001106,Eslicarbazepine 800mg tablets,40196811000001106,AMP,0408010AIAAAAAA
43998411000001106,Eslicarbazepine 800mg tablets,43998411000001106,AMP,0408010AIAAAAAA
40111911000001105,Eslicarbazepine 800mg tablets,40111911000001105,AMP,0408010AIAAAAAA
45994611000001108,Eslicarbazepine 800mg tablets,45994611000001108,AMP,0408010AIAAAAAA
40830911000001102,Eslicarbazepine 800mg tablets,40830911000001102,AMP,0408010AIAAAAAA
40628211000001104,Eslicarbazepine 800mg tablets,40628211000001104,AMP,0408010AIAAAAAA
34606611000001108,Eslicarbazepine 200mg tablets,34606611000001108,VMP,0408010AIAAABAB
40439411000001109,Eslicarbazepine 200mg tablets,40439411000001109,AMP,0408010AIAAABAB
44085411000001107,Eslicarbazepine 200mg tablets,44085411000001107,AMP,0408010AIAAABAB
43998211000001107,Eslicarbazepine 200mg tablets,43998211000001107,AMP,0408010AIAAABAB
40112111000001102,Eslicarbazepine 200mg tablets,40112111000001102,AMP,0408010AIAAABAB
40830711000001104,Eslicarbazepine 200mg tablets,40830711000001104,AMP,0408010AIAAABAB
40628011000001109,Eslicarbazepine 200mg tablets,40628011000001109,AMP,0408010AIAAABAB
36511211000001104,Eslicarbazepine 50mg/1ml oral suspension sugar free,36511211000001104,VMP,0408010AIAAACAC
16178611000001107,Zebinix 800mg tablets,16178611000001107,AMP,0408010AIBBAAAA
34581711000001102,Zebinix 200mg tablets,34581711000001102,AMP,0408010AIBBABAB
36510411000001109,Zebinix 50mg/1ml oral suspension,36510411000001109,AMP,0408010AIBBACAC
40445311000001103,Arupsan 200mg tablets,40445311000001103,AMP,0408010AIBCAAAB
40445511000001109,Arupsan 800mg tablets,40445511000001109,AMP,0408010AIBCABAA
42136111000001102,Retigabine 100mg tablets,42136111000001102,VMP,0408010AJAAAAAA
42136211000001108,Retigabine 200mg tablets,42136211000001108,VMP,0408010AJAAABAB
42136311000001100,Retigabine 300mg tablets,42136311000001100,VMP,0408010AJAAACAC
42136411000001107,Retigabine 400mg tablets,42136411000001107,VMP,0408010AJAAADAD
42136511000001106,Retigabine 50mg tablets,42136511000001106,VMP,0408010AJAAAEAE
18772111000001102,Retigabine 50mg tablets and Retigabine 100mg tablets,18772111000001102,VMP,0408010AJAAAFAF
18770811000001108,Trobalt 100mg tablets,18770811000001108,AMP,0408010AJBBAAAA
18770411000001106,Trobalt 200mg tablets,18770411000001106,AMP,0408010AJBBABAB
18770111000001101,Trobalt 300mg tablets,18770111000001101,AMP,0408010AJBBACAC
18769811000001106,Trobalt 400mg tablets,18769811000001106,AMP,0408010AJBBADAD
18769311000001102,Trobalt 50mg tablets,18769311000001102,AMP,0408010AJBBAEAE
18771411000001102,Trobalt tablets starter pack,18771411000001102,AMP,0408010AJBBAFAF
42133311000001109,Perampanel 2mg tablets,42133311000001109,VMP,0408010AKAAAAAA
46079511000001107,Perampanel 2mg tablets,46079511000001107,AMP,0408010AKAAAAAA
46088011000001102,Perampanel 2mg tablets,46088011000001102,AMP,0408010AKAAAAAA
46021511000001105,Perampanel 2mg tablets,46021511000001105,AMP,0408010AKAAAAAA
45537411000001100,Perampanel 2mg tablets,45537411000001100,AMP,0408010AKAAAAAA
46098311000001103,Perampanel 2mg tablets,46098311000001103,AMP,0408010AKAAAAAA
46076611000001103,Perampanel 2mg tablets,46076611000001103,AMP,0408010AKAAAAAA
45998011000001105,Perampanel 2mg tablets,45998011000001105,AMP,0408010AKAAAAAA
46068711000001102,Perampanel 2mg tablets,46068711000001102,AMP,0408010AKAAAAAA
42133411000001102,Perampanel 4mg tablets,42133411000001102,VMP,0408010AKAAABAB
46079811000001105,Perampanel 4mg tablets,46079811000001105,AMP,0408010AKAAABAB
46087411000001107,Perampanel 4mg tablets,46087411000001107,AMP,0408010AKAAABAB
46021311000001104,Perampanel 4mg tablets,46021311000001104,AMP,0408010AKAAABAB
45537711000001106,Perampanel 4mg tablets,45537711000001106,AMP,0408010AKAAABAB
46098611000001108,Perampanel 4mg tablets,46098611000001108,AMP,0408010AKAAABAB
46076911000001109,Perampanel 4mg tablets,46076911000001109,AMP,0408010AKAAABAB
45998511000001102,Perampanel 4mg tablets,45998511000001102,AMP,0408010AKAAABAB
46069411000001100,Perampanel 4mg tablets,46069411000001100,AMP,0408010AKAAABAB
42133511000001103,Perampanel 6mg tablets,42133511000001103,VMP,0408010AKAAACAC
46080011000001104,Perampanel 6mg tablets,46080011000001104,AMP,0408010AKAAACAC
46087011000001103,Perampanel 6mg tablets,46087011000001103,AMP,0408010AKAAACAC
46021111000001101,Perampanel 6mg tablets,46021111000001101,AMP,0408010AKAAACAC
45537911000001108,Perampanel 6mg tablets,45537911000001108,AMP,0408010AKAAACAC
46098811000001107,Perampanel 6mg tablets,46098811000001107,AMP,0408010AKAAACAC
46077111000001109,Perampanel 6mg tablets,46077111000001109,AMP,0408010AKAAACAC
45998711000001107,Perampanel 6mg tablets,45998711000001107,AMP,0408010AKAAACAC
46069611000001102,Perampanel 6mg tablets,46069611000001102,AMP,0408010AKAAACAC
42133611000001104,Perampanel 8mg tablets,42133611000001104,VMP,0408010AKAAADAD
46080211000001109,Perampanel 8mg tablets,46080211000001109,AMP,0408010AKAAADAD
46086611000001108,Perampanel 8mg tablets,46086611000001108,AMP,0408010AKAAADAD
46020911000001105,Perampanel 8mg tablets,46020911000001105,AMP,0408010AKAAADAD
45538111000001106,Perampanel 8mg tablets,45538111000001106,AMP,0408010AKAAADAD
46099211000001101,Perampanel 8mg tablets,46099211000001101,AMP,0408010AKAAADAD
46077311000001106,Perampanel 8mg tablets,46077311000001106,AMP,0408010AKAAADAD
45998911000001109,Perampanel 8mg tablets,45998911000001109,AMP,0408010AKAAADAD
46069811000001103,Perampanel 8mg tablets,46069811000001103,AMP,0408010AKAAADAD
42133111000001107,Perampanel 10mg tablets,42133111000001107,VMP,0408010AKAAAEAE
46080411000001108,Perampanel 10mg tablets,46080411000001108,AMP,0408010AKAAAEAE
46088211000001107,Perampanel 10mg tablets,46088211000001107,AMP,0408010AKAAAEAE
46020711000001108,Perampanel 10mg tablets,46020711000001108,AMP,0408010AKAAAEAE
45538311000001108,Perampanel 10mg tablets,45538311000001108,AMP,0408010AKAAAEAE
46099611000001104,Perampanel 10mg tablets,46099611000001104,AMP,0408010AKAAAEAE
46077611000001101,Perampanel 10mg tablets,46077611000001101,AMP,0408010AKAAAEAE
45999211000001105,Perampanel 10mg tablets,45999211000001105,AMP,0408010AKAAAEAE
46069011000001109,Perampanel 10mg tablets,46069011000001109,AMP,0408010AKAAAEAE
42133211000001101,Perampanel 12mg tablets,42133211000001101,VMP,0408010AKAAAFAF
46080611000001106,Perampanel 12mg tablets,46080611000001106,AMP,0408010AKAAAFAF
46088511000001105,Perampanel 12mg tablets,46088511000001105,AMP,0408010AKAAAFAF
46020511000001103,Perampanel 12mg tablets,46020511000001103,AMP,0408010AKAAAFAF
45538511000001102,Perampanel 12mg tablets,45538511000001102,AMP,0408010AKAAAFAF
46099911000001105,Perampanel 12mg tablets,46099911000001105,AMP,0408010AKAAAFAF
46077911000001107,Perampanel 12mg tablets,46077911000001107,AMP,0408010AKAAAFAF
45999411000001109,Perampanel 12mg tablets,45999411000001109,AMP,0408010AKAAAFAF
46069211000001104,Perampanel 12mg tablets,46069211000001104,AMP,0408010AKAAAFAF
34378611000001108,Perampanel 4mg/5ml oral suspension,34378611000001108,VMP,0408010AKAAAGAG
34354311000001105,Perampanel 4mg/5ml oral suspension,34354311000001105,AMP,0408010AKAAAGAG
35575411000001105,Perampanel 6mg/5ml oral suspension,35575411000001105,VMP,0408010AKAAAHAH
35549311000001102,Perampanel 6mg/5ml oral suspension,35549311000001102,AMP,0408010AKAAAHAH
36595911000001106,Perampanel 5mg/5ml oral suspension,36595911000001106,VMP,0408010AKAAAIAI
36582211000001108,Perampanel 5mg/5ml oral suspension,36582211000001108,AMP,0408010AKAAAIAI
36915111000001101,Perampanel 500micrograms/ml oral suspension sugar free,36915111000001101,VMP,0408010AKAAAJAJ
45537211000001104,Perampanel 500micrograms/ml oral suspension sugar free,45537211000001104,AMP,0408010AKAAAJAJ
36905211000001109,Perampanel 2mg/5ml oral suspension,36905211000001109,VMP,0408010AKAAAKAK
36875511000001106,Perampanel 2mg/5ml oral suspension,36875511000001106,AMP,0408010AKAAAKAK
21212111000001106,Fycompa 2mg tablets,21212111000001106,AMP,0408010AKBBAAAA
21212611000001103,Fycompa 4mg tablets,21212611000001103,AMP,0408010AKBBABAB
21213011000001101,Fycompa 6mg tablets,21213011000001101,AMP,0408010AKBBACAC
21213311000001103,Fycompa 8mg tablets,21213311000001103,AMP,0408010AKBBADAD
21213611000001108,Fycompa 10mg tablets,21213611000001108,AMP,0408010AKBBAEAE
21213911000001102,Fycompa 12mg tablets,21213911000001102,AMP,0408010AKBBAFAF
36776811000001103,Fycompa 0.5mg/ml oral suspension,36776811000001103,AMP,0408010AKBBAGAJ
31533811000001106,Brivaracetam 10mg tablets,31533811000001106,VMP,0408010ALAAAAAA
31534011000001103,Brivaracetam 25mg tablets,31534011000001103,VMP,0408010ALAAABAB
31534111000001102,Brivaracetam 50mg tablets,31534111000001102,VMP,0408010ALAAACAC
31534511000001106,Brivaracetam 75mg tablets,31534511000001106,VMP,0408010ALAAADAD
31533711000001103,Brivaracetam 100mg tablets,31533711000001103,VMP,0408010ALAAAEAE
31534411000001107,Brivaracetam 50mg/5ml solution for injection vials,31534411000001107,VMP,0408010ALAAAFAF
31534211000001108,Brivaracetam 50mg/5ml oral solution sugar free,31534211000001108,VMP,0408010ALAAAGAG
31499611000001107,Briviact 10mg tablets,31499611000001107,AMP,0408010ALBBAAAA
31500511000001109,Briviact 25mg tablets,31500511000001109,AMP,0408010ALBBABAB
31501311000001108,Briviact 50mg tablets,31501311000001108,AMP,0408010ALBBACAC
31502211000001107,Briviact 75mg tablets,31502211000001107,AMP,0408010ALBBADAD
31502611000001109,Briviact 100mg tablets,31502611000001109,AMP,0408010ALBBAEAE
31505811000001101,Briviact 50mg/5ml solution for injection vials,31505811000001101,AMP,0408010ALBBAFAF
31507311000001102,Briviact 10mg/ml oral solution,31507311000001102,AMP,0408010ALBBAGAG
36508311000001103,Cannabidiol 100mg/ml oral solution sugar free,36508311000001103,VMP,0408010AMAAAAAA
36786811000001106,Cannabidiol 25mg/ml oral solution sugar free,36786811000001106,VMP,0408010AMAAABAB
36507911000001103,Epidiolex 100mg/ml oral solution,36507911000001103,AMP,0408010AMBBAAAA
36778611000001101,Epidiolex 25mg/ml oral solution,36778611000001101,AMP,0408010AMBBABAB
38029811000001101,Epidyolex 100mg/ml oral solution,38029811000001101,AMP,0408010AMBCAAAA
40207211000001107,Cenobamate 50mg tablets,40207211000001107,VMP,0408010ANAAAAAA
40206211000001105,Cenobamate 100mg tablets,40206211000001105,VMP,0408010ANAAABAB
40206511000001108,Cenobamate 150mg tablets,40206511000001108,VMP,0408010ANAAACAC
40206611000001107,Cenobamate 200mg tablets,40206611000001107,VMP,0408010ANAAADAD
40206411000001109,Cenobamate 12.5mg tablets and Cenobamate 25mg tablets,40206411000001109,VMP,0408010ANAAAEAE
40199011000001106,Ontozry 50mg tablets,40199011000001106,AMP,0408010ANBBAAAA
40202111000001103,Ontozry 100mg tablets,40202111000001103,AMP,0408010ANBBABAB
40202911000001100,Ontozry 150mg tablets,40202911000001100,AMP,0408010ANBBACAC
40203711000001105,Ontozry 200mg tablets,40203711000001105,AMP,0408010ANBBADAD
40206011000001100,Ontozry 12.5mg/25mg tablets treatment initiation pack,40206011000001100,AMP,0408010ANBBAEAE
42125811000001104,Carbamazepine 100mg tablets,42125811000001104,VMP,0408010C0AAABAB
206611000001101,Carbamazepine 100mg tablets,206611000001101,AMP,0408010C0AAABAB
506411000001105,Carbamazepine 100mg tablets,506411000001105,AMP,0408010C0AAABAB
19817511000001100,Carbamazepine 100mg tablets,19817511000001100,AMP,0408010C0AAABAB
40852711000001104,Carbamazepine 100mg tablets,40852711000001104,AMP,0408010C0AAABAB
504111000001107,Carbamazepine 100mg tablets,504111000001107,AMP,0408010C0AAABAB
39845311000001108,Carbamazepine 100mg tablets,39845311000001108,AMP,0408010C0AAABAB
38161111000001105,Carbamazepine 100mg tablets,38161111000001105,AMP,0408010C0AAABAB
45164511000001108,Carbamazepine 100mg tablets,45164511000001108,AMP,0408010C0AAABAB
332111000001105,Carbamazepine 100mg tablets,332111000001105,AMP,0408010C0AAABAB
612111000001105,Carbamazepine 100mg tablets,612111000001105,AMP,0408010C0AAABAB
42126211000001106,Carbamazepine 200mg tablets,42126211000001106,VMP,0408010C0AAACAC
380311000001102,Carbamazepine 200mg tablets,380311000001102,AMP,0408010C0AAACAC
520611000001103,Carbamazepine 200mg tablets,520611000001103,AMP,0408010C0AAACAC
19817711000001105,Carbamazepine 200mg tablets,19817711000001105,AMP,0408010C0AAACAC
40852911000001102,Carbamazepine 200mg tablets,40852911000001102,AMP,0408010C0AAACAC
406111000001108,Carbamazepine 200mg tablets,406111000001108,AMP,0408010C0AAACAC
38819911000001100,Carbamazepine 200mg tablets,38819911000001100,AMP,0408010C0AAACAC
38160911000001101,Carbamazepine 200mg tablets,38160911000001101,AMP,0408010C0AAACAC
45164711000001103,Carbamazepine 200mg tablets,45164711000001103,AMP,0408010C0AAACAC
34211000001106,Carbamazepine 200mg tablets,34211000001106,AMP,0408010C0AAACAC
196211000001103,Carbamazepine 200mg tablets,196211000001103,AMP,0408010C0AAACAC
42126411000001105,Carbamazepine 400mg tablets,42126411000001105,VMP,0408010C0AAADAD
253111000001106,Carbamazepine 400mg tablets,253111000001106,AMP,0408010C0AAADAD
405811000001109,Carbamazepine 400mg tablets,405811000001109,AMP,0408010C0AAADAD
19817911000001107,Carbamazepine 400mg tablets,19817911000001107,AMP,0408010C0AAADAD
40853111000001106,Carbamazepine 400mg tablets,40853111000001106,AMP,0408010C0AAADAD
425011000001109,Carbamazepine 400mg tablets,425011000001109,AMP,0408010C0AAADAD
39845111000001106,Carbamazepine 400mg tablets,39845111000001106,AMP,0408010C0AAADAD
38160711000001103,Carbamazepine 400mg tablets,38160711000001103,AMP,0408010C0AAADAD
45164911000001101,Carbamazepine 400mg tablets,45164911000001101,AMP,0408010C0AAADAD
89011000001106,Carbamazepine 400mg tablets,89011000001106,AMP,0408010C0AAADAD
35711000001100,Carbamazepine 400mg tablets,35711000001100,AMP,0408010C0AAADAD
37082411000001106,Carbamazepine 200mg modified-release tablets,37082411000001106,VMP,0408010C0AAAGAG
4571411000001103,Carbamazepine 200mg modified-release tablets,4571411000001103,AMP,0408010C0AAAGAG
778111000001105,Carbamazepine 200mg modified-release tablets,778111000001105,AMP,0408010C0AAAGAG
851511000001107,Carbamazepine 200mg modified-release tablets,851511000001107,AMP,0408010C0AAAGAG
42749811000001108,Carbamazepine 200mg modified-release tablets,42749811000001108,AMP,0408010C0AAAGAG
37082511000001105,Carbamazepine 400mg modified-release tablets,37082511000001105,VMP,0408010C0AAAHAH
4571611000001100,Carbamazepine 400mg modified-release tablets,4571611000001100,AMP,0408010C0AAAHAH
509911000001106,Carbamazepine 400mg modified-release tablets,509911000001106,AMP,0408010C0AAAHAH
796011000001100,Carbamazepine 400mg modified-release tablets,796011000001100,AMP,0408010C0AAAHAH
42749611000001109,Carbamazepine 400mg modified-release tablets,42749611000001109,AMP,0408010C0AAAHAH
42125711000001107,Carbamazepine 100mg chewable tablets sugar free,42125711000001107,VMP,0408010C0AAAJAJ
42126111000001100,Carbamazepine 200mg chewable tablets sugar free,42126111000001100,VMP,0408010C0AAAKAK
42125911000001109,Carbamazepine 100mg/5ml oral suspension sugar free,42125911000001109,VMP,0408010C0AAAPAP
19570411000001105,Carbamazepine 100mg/5ml oral suspension sugar free,19570411000001105,AMP,0408010C0AAAPAP
19491711000001107,Carbamazepine 100mg/5ml oral suspension sugar free,19491711000001107,AMP,0408010C0AAAPAP
34574311000001105,Carbamazepine 100mg/5ml oral suspension sugar free,34574311000001105,AMP,0408010C0AAAPAP
22629711000001105,Carbamazepine 100mg/5ml oral suspension sugar free,22629711000001105,AMP,0408010C0AAAPAP
38819711000001102,Carbamazepine 100mg/5ml oral suspension sugar free,38819711000001102,AMP,0408010C0AAAPAP
29778811000001108,Carbamazepine 100mg/5ml oral suspension sugar free,29778811000001108,AMP,0408010C0AAAPAP
34759711000001106,Carbamazepine 100mg/5ml oral suspension sugar free,34759711000001106,AMP,0408010C0AAAPAP
42126011000001101,Carbamazepine 125mg suppositories,42126011000001101,VMP,0408010C0AAAUAU
34187611000001108,Carbamazepine 125mg suppositories,34187611000001108,AMP,0408010C0AAAUAU
33732111000001104,Carbamazepine 125mg suppositories,33732111000001104,AMP,0408010C0AAAUAU
33676811000001100,Carbamazepine 125mg suppositories,33676811000001100,AMP,0408010C0AAAUAU
42126311000001103,Carbamazepine 250mg suppositories,42126311000001103,VMP,0408010C0AAAVAV
40263311000001107,Carbamazepine 250mg suppositories,40263311000001107,AMP,0408010C0AAAVAV
33732311000001102,Carbamazepine 250mg suppositories,33732311000001102,AMP,0408010C0AAAVAV
33677011000001109,Carbamazepine 250mg suppositories,33677011000001109,AMP,0408010C0AAAVAV
12388011000001103,Carbamazepine 200mg/5ml oral solution,12388011000001103,VMP,0408010C0AAAXAX
12388111000001102,Carbamazepine 200mg/5ml oral suspension,12388111000001102,VMP,0408010C0AAAXAX
12326711000001107,Carbamazepine 200mg/5ml oral solution,12326711000001107,AMP,0408010C0AAAXAX
12326411000001101,Carbamazepine 200mg/5ml oral suspension,12326411000001101,AMP,0408010C0AAAXAX
8354911000001105,Carbamazepine 500mg/5ml oral suspension,8354911000001105,VMP,0408010C0AAAYAY
8326911000001101,Carbamazepine 500mg/5ml oral suspension,8326911000001101,AMP,0408010C0AAAYAY
12387411000001108,Carbamazepine 100mg/5ml oral solution,12387411000001108,VMP,0408010C0AABDBD
12387511000001107,Carbamazepine 100mg/5ml oral suspension,12387511000001107,VMP,0408010C0AABDBD
12323811000001108,Carbamazepine 100mg/5ml oral solution,12323811000001108,AMP,0408010C0AABDBD
12323011000001102,Carbamazepine 100mg/5ml oral suspension,12323011000001102,AMP,0408010C0AABDBD
12388211000001108,Carbamazepine 35mg/5ml oral solution,12388211000001108,VMP,0408010C0AABEBE
12388311000001100,Carbamazepine 35mg/5ml oral suspension,12388311000001100,VMP,0408010C0AABEBE
12327911000001107,Carbamazepine 35mg/5ml oral solution,12327911000001107,AMP,0408010C0AABEBE
12327411000001104,Carbamazepine 35mg/5ml oral suspension,12327411000001104,AMP,0408010C0AABEBE
12387811000001105,Carbamazepine 120mg/5ml oral solution,12387811000001105,VMP,0408010C0AABFBF
12387911000001100,Carbamazepine 120mg/5ml oral suspension,12387911000001100,VMP,0408010C0AABFBF
12325911000001102,Carbamazepine 120mg/5ml oral solution,12325911000001102,AMP,0408010C0AABFBF
12325611000001108,Carbamazepine 120mg/5ml oral suspension,12325611000001108,AMP,0408010C0AABFBF
12387611000001106,Carbamazepine 10mg/5ml oral solution,12387611000001106,VMP,0408010C0AABGBG
12387711000001102,Carbamazepine 10mg/5ml oral suspension,12387711000001102,VMP,0408010C0AABGBG
12324911000001101,Carbamazepine 10mg/5ml oral solution,12324911000001101,AMP,0408010C0AABGBG
12324411000001109,Carbamazepine 10mg/5ml oral suspension,12324411000001109,AMP,0408010C0AABGBG
8354711000001108,Carbamazepine 40mg/5ml oral suspension,8354711000001108,VMP,0408010C0AABHBH
8326111000001104,Carbamazepine 40mg/5ml oral suspension,8326111000001104,AMP,0408010C0AABHBH
34606411000001105,Carbamazepine 50mg/5ml oral solution,34606411000001105,VMP,0408010C0AABIBI
34606011000001101,Carbamazepine 50mg/5ml oral solution,34606011000001101,AMP,0408010C0AABIBI
680511000001100,Tegretol 100mg tablets,680511000001100,AMP,0408010C0BBAAAB
443711000001108,Tegretol 200mg tablets,443711000001108,AMP,0408010C0BBABAC
702711000001104,Tegretol 400mg tablets,702711000001104,AMP,0408010C0BBACAD
760111000001100,Tegretol 100mg/5ml liquid,760111000001100,AMP,0408010C0BBADAP
261911000001101,Tegretol Prolonged Release 200mg tablets,261911000001101,AMP,0408010C0BBAEAG
662611000001103,Tegretol Prolonged Release 400mg tablets,662611000001103,AMP,0408010C0BBAFAH
3160011000001104,Tegretol 100mg Chewtabs,3160011000001104,AMP,0408010C0BBAGAJ
3160911000001100,Tegretol 200mg Chewtabs,3160911000001100,AMP,0408010C0BBAHAK
3923811000001107,Tegretol 125mg suppositories,3923811000001107,AMP,0408010C0BBAIAU
3924111000001103,Tegretol 250mg suppositories,3924111000001103,AMP,0408010C0BBAJAV
43136511000001103,Tegretol 100mg/5ml liquid,43136511000001103,AMP,0408010C0BBAKAP
260011000001109,Epimaz 100mg tablets,260011000001109,AMP,0408010C0BCAAAB
296811000001104,Epimaz 200mg tablets,296811000001104,AMP,0408010C0BCABAC
760511000001109,Epimaz 400mg tablets,760511000001109,AMP,0408010C0BCACAD
352911000001109,Epimaz Retard 200mg tablets,352911000001109,AMP,0408010C0BCADAG
643611000001102,Epimaz Retard 400mg tablets,643611000001102,AMP,0408010C0BCAEAH
12311000001104,Teril Retard 200mg tablets,12311000001104,AMP,0408010C0BEAAAG
658111000001104,Teril Retard 400mg tablets,658111000001104,AMP,0408010C0BEABAH
369911000001109,Carbagen SR 200mg tablets,369911000001109,AMP,0408010C0BFAAAG
640811000001105,Carbagen SR 400mg tablets,640811000001105,AMP,0408010C0BFABAH
24108311000001104,Carbagen 100mg tablets,24108311000001104,AMP,0408010C0BFACAB
24108811000001108,Carbagen 200mg tablets,24108811000001108,AMP,0408010C0BFADAC
24109211000001102,Carbagen 400mg tablets,24109211000001102,AMP,0408010C0BFAEAD
789211000001102,Arbil MR 200mg tablets,789211000001102,AMP,0408010C0BGAAAG
210911000001107,Arbil MR 400mg tablets,210911000001107,AMP,0408010C0BGABAH
40922211000001102,Curatil Prolonged Release 200mg tablets,40922211000001102,AMP,0408010C0BHAAAG
42132911000001103,Oxcarbazepine 300mg tablets,42132911000001103,VMP,0408010D0AAABAB
11926211000001106,Oxcarbazepine 300mg tablets,11926211000001106,AMP,0408010D0AAABAB
15166711000001105,Oxcarbazepine 300mg tablets,15166711000001105,AMP,0408010D0AAABAB
13653811000001109,Oxcarbazepine 300mg tablets,13653811000001109,AMP,0408010D0AAABAB
46119211000001106,Oxcarbazepine 300mg tablets,46119211000001106,AMP,0408010D0AAABAB
30070111000001104,Oxcarbazepine 300mg tablets,30070111000001104,AMP,0408010D0AAABAB
30843411000001104,Oxcarbazepine 300mg tablets,30843411000001104,AMP,0408010D0AAABAB
39068611000001102,Oxcarbazepine 300mg tablets,39068611000001102,AMP,0408010D0AAABAB
38326811000001108,Oxcarbazepine 300mg tablets,38326811000001108,AMP,0408010D0AAABAB
36807711000001104,Oxcarbazepine 300mg tablets,36807711000001104,AMP,0408010D0AAABAB
15113911000001100,Oxcarbazepine 300mg tablets,15113911000001100,AMP,0408010D0AAABAB
15849611000001108,Oxcarbazepine 300mg tablets,15849611000001108,AMP,0408010D0AAABAB
13437611000001104,Oxcarbazepine 300mg tablets,13437611000001104,AMP,0408010D0AAABAB
42132811000001108,Oxcarbazepine 150mg tablets,42132811000001108,VMP,0408010D0AAACAC
11926011000001101,Oxcarbazepine 150mg tablets,11926011000001101,AMP,0408010D0AAACAC
15166311000001106,Oxcarbazepine 150mg tablets,15166311000001106,AMP,0408010D0AAACAC
13653311000001100,Oxcarbazepine 150mg tablets,13653311000001100,AMP,0408010D0AAACAC
30069911000001104,Oxcarbazepine 150mg tablets,30069911000001104,AMP,0408010D0AAACAC
42641111000001106,Oxcarbazepine 150mg tablets,42641111000001106,AMP,0408010D0AAACAC
30843211000001103,Oxcarbazepine 150mg tablets,30843211000001103,AMP,0408010D0AAACAC
39068011000001109,Oxcarbazepine 150mg tablets,39068011000001109,AMP,0408010D0AAACAC
36808011000001100,Oxcarbazepine 150mg tablets,36808011000001100,AMP,0408010D0AAACAC
15113711000001102,Oxcarbazepine 150mg tablets,15113711000001102,AMP,0408010D0AAACAC
15849411000001105,Oxcarbazepine 150mg tablets,15849411000001105,AMP,0408010D0AAACAC
13437411000001102,Oxcarbazepine 150mg tablets,13437411000001102,AMP,0408010D0AAACAC
42133011000001106,Oxcarbazepine 600mg tablets,42133011000001106,VMP,0408010D0AAADAD
11926411000001105,Oxcarbazepine 600mg tablets,11926411000001105,AMP,0408010D0AAADAD
15166511000001100,Oxcarbazepine 600mg tablets,15166511000001100,AMP,0408010D0AAADAD
13654011000001101,Oxcarbazepine 600mg tablets,13654011000001101,AMP,0408010D0AAADAD
46119411000001105,Oxcarbazepine 600mg tablets,46119411000001105,AMP,0408010D0AAADAD
30070311000001102,Oxcarbazepine 600mg tablets,30070311000001102,AMP,0408010D0AAADAD
30843611000001101,Oxcarbazepine 600mg tablets,30843611000001101,AMP,0408010D0AAADAD
39068811000001103,Oxcarbazepine 600mg tablets,39068811000001103,AMP,0408010D0AAADAD
38321211000001104,Oxcarbazepine 600mg tablets,38321211000001104,AMP,0408010D0AAADAD
36807511000001109,Oxcarbazepine 600mg tablets,36807511000001109,AMP,0408010D0AAADAD
15114111000001101,Oxcarbazepine 600mg tablets,15114111000001101,AMP,0408010D0AAADAD
15849811000001107,Oxcarbazepine 600mg tablets,15849811000001107,AMP,0408010D0AAADAD
13437811000001100,Oxcarbazepine 600mg tablets,13437811000001100,AMP,0408010D0AAADAD
38752611000001105,Oxcarbazepine 60mg/ml oral suspension sugar free,38752611000001105,VMP,0408010D0AAAEAE
42640911000001102,Oxcarbazepine 60mg/ml oral suspension sugar free,42640911000001102,AMP,0408010D0AAAEAE
13003111000001102,Oxcarbazepine 400mg/5ml oral suspension,13003111000001102,VMP,0408010D0AAAFAF
12983311000001104,Oxcarbazepine 400mg/5ml oral suspension,12983311000001104,AMP,0408010D0AAAFAF
3672511000001102,Trileptal 300mg tablets,3672511000001102,AMP,0408010D0BBAAAB
3839911000001106,Trileptal 150mg tablets,3839911000001106,AMP,0408010D0BBABAC
3784111000001104,Trileptal 600mg tablets,3784111000001104,AMP,0408010D0BBACAD
7315411000001103,Trileptal 60mg/ml oral suspension,7315411000001103,AMP,0408010D0BBADAE
7662511000001100,Clonazepam 2.5mg/ml drops sugar free,7662511000001100,VMP,0408010F0AAAAAA
15865811000001102,Clonazepam 2.5mg/ml drops sugar free,15865811000001102,AMP,0408010F0AAAAAA
42127411000001107,Clonazepam 500microgram tablets,42127411000001107,VMP,0408010F0AAABAB
13653211000001108,Clonazepam 500microgram tablets,13653211000001108,AMP,0408010F0AAABAB
40979211000001106,Clonazepam 500microgram tablets,40979211000001106,AMP,0408010F0AAABAB
43178911000001107,Clonazepam 500microgram tablets,43178911000001107,AMP,0408010F0AAABAB
13932311000001105,Clonazepam 500microgram tablets,13932311000001105,AMP,0408010F0AAABAB
17966511000001102,Clonazepam 500microgram tablets,17966511000001102,AMP,0408010F0AAABAB
44863511000001109,Clonazepam 500microgram tablets,44863511000001109,AMP,0408010F0AAABAB
45716911000001100,Clonazepam 500microgram tablets,45716911000001100,AMP,0408010F0AAABAB
37226511000001109,Clonazepam 500microgram tablets,37226511000001109,AMP,0408010F0AAABAB
45345211000001108,Clonazepam 500microgram tablets,45345211000001108,AMP,0408010F0AAABAB
32398011000001100,Clonazepam 500microgram tablets,32398011000001100,AMP,0408010F0AAABAB
45581511000001104,Clonazepam 500microgram tablets,45581511000001104,AMP,0408010F0AAABAB
37053711000001100,Clonazepam 500microgram tablets,37053711000001100,AMP,0408010F0AAABAB
38845011000001107,Clonazepam 500microgram tablets,38845011000001107,AMP,0408010F0AAABAB
40682511000001109,Clonazepam 500microgram tablets,40682511000001109,AMP,0408010F0AAABAB
43000211000001100,Clonazepam 500microgram tablets,43000211000001100,AMP,0408010F0AAABAB
17861111000001106,Clonazepam 500microgram tablets,17861111000001106,AMP,0408010F0AAABAB
29790911000001107,Clonazepam 500microgram tablets,29790911000001107,AMP,0408010F0AAABAB
37451611000001101,Clonazepam 500microgram tablets,37451611000001101,AMP,0408010F0AAABAB
15627711000001101,Clonazepam 500microgram tablets,15627711000001101,AMP,0408010F0AAABAB
21922211000001109,Clonazepam 500microgram tablets,21922211000001109,AMP,0408010F0AAABAB
42127311000001100,Clonazepam 2mg tablets,42127311000001100,VMP,0408010F0AAACAC
13655811000001108,Clonazepam 2mg tablets,13655811000001108,AMP,0408010F0AAACAC
40979411000001105,Clonazepam 2mg tablets,40979411000001105,AMP,0408010F0AAACAC
43178711000001105,Clonazepam 2mg tablets,43178711000001105,AMP,0408010F0AAACAC
13932511000001104,Clonazepam 2mg tablets,13932511000001104,AMP,0408010F0AAACAC
17966811000001104,Clonazepam 2mg tablets,17966811000001104,AMP,0408010F0AAACAC
44863011000001101,Clonazepam 2mg tablets,44863011000001101,AMP,0408010F0AAACAC
45717811000001107,Clonazepam 2mg tablets,45717811000001107,AMP,0408010F0AAACAC
37227011000001103,Clonazepam 2mg tablets,37227011000001103,AMP,0408010F0AAACAC
45345011000001103,Clonazepam 2mg tablets,45345011000001103,AMP,0408010F0AAACAC
32398211000001105,Clonazepam 2mg tablets,32398211000001105,AMP,0408010F0AAACAC
45580811000001109,Clonazepam 2mg tablets,45580811000001109,AMP,0408010F0AAACAC
37054011000001100,Clonazepam 2mg tablets,37054011000001100,AMP,0408010F0AAACAC
38845211000001102,Clonazepam 2mg tablets,38845211000001102,AMP,0408010F0AAACAC
40682711000001104,Clonazepam 2mg tablets,40682711000001104,AMP,0408010F0AAACAC
43000711000001107,Clonazepam 2mg tablets,43000711000001107,AMP,0408010F0AAACAC
17861411000001101,Clonazepam 2mg tablets,17861411000001101,AMP,0408010F0AAACAC
15077211000001103,Clonazepam 2mg tablets,15077211000001103,AMP,0408010F0AAACAC
37450611000001106,Clonazepam 2mg tablets,37450611000001106,AMP,0408010F0AAACAC
15627511000001106,Clonazepam 2mg tablets,15627511000001106,AMP,0408010F0AAACAC
21922411000001108,Clonazepam 2mg tablets,21922411000001108,AMP,0408010F0AAACAC
8395711000001103,Clonazepam 250micrograms/5ml oral solution,8395711000001103,VMP,0408010F0AABCBC
8380311000001108,Clonazepam 250micrograms/5ml oral solution,8380311000001108,AMP,0408010F0AABCBC
8397511000001104,Clonazepam 625micrograms/5ml oral solution,8397511000001104,VMP,0408010F0AABDBD
8397611000001100,Clonazepam 625micrograms/5ml oral suspension,8397611000001100,VMP,0408010F0AABDBD
8390911000001105,Clonazepam 625micrograms/5ml oral solution,8390911000001105,AMP,0408010F0AABDBD
8392211000001100,Clonazepam 625micrograms/5ml oral suspension,8392211000001100,AMP,0408010F0AABDBD
8397111000001108,Clonazepam 500micrograms/5ml oral solution,8397111000001108,VMP,0408010F0AABEBE
8397211000001102,Clonazepam 500micrograms/5ml oral suspension,8397211000001102,VMP,0408010F0AABEBE
8385311000001101,Clonazepam 500micrograms/5ml oral solution,8385311000001101,AMP,0408010F0AABEBE
8386311000001106,Clonazepam 500micrograms/5ml oral suspension,8386311000001106,AMP,0408010F0AABEBE
8382211000001104,Clonazepam 1.25mg/5ml oral solution,8382211000001104,VMP,0408010F0AABFBF
8382311000001107,Clonazepam 1.25mg/5ml oral suspension,8382311000001107,VMP,0408010F0AABFBF
8372811000001109,Clonazepam 1.25mg/5ml oral solution,8372811000001109,AMP,0408010F0AABFBF
8374311000001107,Clonazepam 1.25mg/5ml oral suspension,8374311000001107,AMP,0408010F0AABFBF
8395111000001104,Clonazepam 1mg/5ml oral solution,8395111000001104,VMP,0408010F0AABGBG
8395211000001105,Clonazepam 1mg/5ml oral suspension,8395211000001105,VMP,0408010F0AABGBG
8378711000001103,Clonazepam 1mg/5ml oral solution,8378711000001103,AMP,0408010F0AABGBG
8379711000001107,Clonazepam 1mg/5ml oral suspension,8379711000001107,AMP,0408010F0AABGBG
8395511000001108,Clonazepam 200micrograms/5ml oral solution,8395511000001108,VMP,0408010F0AABHBH
8395611000001107,Clonazepam 200micrograms/5ml oral suspension,8395611000001107,VMP,0408010F0AABHBH
8377011000001101,Clonazepam 200micrograms/5ml oral solution,8377011000001101,AMP,0408010F0AABHBH
8378111000001104,Clonazepam 200micrograms/5ml oral suspension,8378111000001104,AMP,0408010F0AABHBH
11957111000001103,Clonazepam 750micrograms/5ml oral solution,11957111000001103,VMP,0408010F0AABIBI
11957211000001109,Clonazepam 750micrograms/5ml oral suspension,11957211000001109,VMP,0408010F0AABIBI
11951711000001106,Clonazepam 750micrograms/5ml oral solution,11951711000001106,AMP,0408010F0AABIBI
11951411000001100,Clonazepam 750micrograms/5ml oral suspension,11951411000001100,AMP,0408010F0AABIBI
11944411000001100,Clonazepam 120micrograms/5ml oral solution,11944411000001100,VMP,0408010F0AABJBJ
11944511000001101,Clonazepam 120micrograms/5ml oral suspension,11944511000001101,VMP,0408010F0AABJBJ
11940511000001105,Clonazepam 120micrograms/5ml oral solution,11940511000001105,AMP,0408010F0AABJBJ
11940211000001107,Clonazepam 120micrograms/5ml oral suspension,11940211000001107,AMP,0408010F0AABJBJ
8382411000001100,Clonazepam 1.5mg/5ml oral solution,8382411000001100,VMP,0408010F0AABKBK
8382511000001101,Clonazepam 1.5mg/5ml oral suspension,8382511000001101,VMP,0408010F0AABKBK
8371211000001101,Clonazepam 1.5mg/5ml oral solution,8371211000001101,AMP,0408010F0AABKBK
8372111000001102,Clonazepam 1.5mg/5ml oral suspension,8372111000001102,AMP,0408010F0AABKBK
11956711000001100,Clonazepam 600micrograms/5ml oral solution,11956711000001100,VMP,0408010F0AABLBL
11956811000001108,Clonazepam 600micrograms/5ml oral suspension,11956811000001108,VMP,0408010F0AABLBL
11950511000001108,Clonazepam 600micrograms/5ml oral solution,11950511000001108,AMP,0408010F0AABLBL
11950211000001105,Clonazepam 600micrograms/5ml oral suspension,11950211000001105,AMP,0408010F0AABLBL
8397311000001105,Clonazepam 5mg/5ml oral solution,8397311000001105,VMP,0408010F0AABMBM
8397411000001103,Clonazepam 5mg/5ml oral suspension,8397411000001103,VMP,0408010F0AABMBM
8387211000001101,Clonazepam 5mg/5ml oral solution,8387211000001101,AMP,0408010F0AABMBM
8388211000001102,Clonazepam 5mg/5ml oral suspension,8388211000001102,AMP,0408010F0AABMBM
11956111000001101,Clonazepam 37.5micrograms/5ml oral solution,11956111000001101,VMP,0408010F0AABNBN
11956211000001107,Clonazepam 37.5micrograms/5ml oral suspension,11956211000001107,VMP,0408010F0AABNBN
11948511000001108,Clonazepam 37.5micrograms/5ml oral solution,11948511000001108,AMP,0408010F0AABNBN
11948211000001105,Clonazepam 37.5micrograms/5ml oral suspension,11948211000001105,AMP,0408010F0AABNBN
8395311000001102,Clonazepam 2.5mg/5ml oral solution,8395311000001102,VMP,0408010F0AABPBP
8395411000001109,Clonazepam 2.5mg/5ml oral suspension,8395411000001109,VMP,0408010F0AABPBP
8376711000001102,Clonazepam 2.5mg/5ml oral solution,8376711000001102,AMP,0408010F0AABPBP
8378411000001109,Clonazepam 2.5mg/5ml oral suspension,8378411000001109,AMP,0408010F0AABPBP
11955911000001105,Clonazepam 340micrograms/5ml oral solution,11955911000001105,VMP,0408010F0AABQBQ
11956011000001102,Clonazepam 340micrograms/5ml oral suspension,11956011000001102,VMP,0408010F0AABQBQ
11947911000001102,Clonazepam 340micrograms/5ml oral solution,11947911000001102,AMP,0408010F0AABQBQ
11947611000001108,Clonazepam 340micrograms/5ml oral suspension,11947611000001108,AMP,0408010F0AABQBQ
8396111000001105,Clonazepam 3.75mg/5ml oral solution,8396111000001105,VMP,0408010F0AABRBR
8396211000001104,Clonazepam 3.75mg/5ml oral suspension,8396211000001104,VMP,0408010F0AABRBR
8383311000001102,Clonazepam 3.75mg/5ml oral solution,8383311000001102,AMP,0408010F0AABRBR
8383711000001103,Clonazepam 3.75mg/5ml oral suspension,8383711000001103,AMP,0408010F0AABRBR
8395911000001101,Clonazepam 2mg/5ml oral solution,8395911000001101,VMP,0408010F0AABSBS
8396011000001109,Clonazepam 2mg/5ml oral suspension,8396011000001109,VMP,0408010F0AABSBS
8379411000001101,Clonazepam 2mg/5ml oral solution,8379411000001101,AMP,0408010F0AABSBS
8380111000001106,Clonazepam 2mg/5ml oral suspension,8380111000001106,AMP,0408010F0AABSBS
11956311000001104,Clonazepam 400micrograms/5ml oral solution,11956311000001104,VMP,0408010F0AABTBT
11956411000001106,Clonazepam 400micrograms/5ml oral suspension,11956411000001106,VMP,0408010F0AABTBT
11949111000001106,Clonazepam 400micrograms/5ml oral solution,11949111000001106,AMP,0408010F0AABTBT
11948811000001106,Clonazepam 400micrograms/5ml oral suspension,11948811000001106,AMP,0408010F0AABTBT
11957711000001102,Clonazepam 900micrograms/5ml oral solution,11957711000001102,VMP,0408010F0AABUBU
11957811000001105,Clonazepam 900micrograms/5ml oral suspension,11957811000001105,VMP,0408010F0AABUBU
11953511000001102,Clonazepam 900micrograms/5ml oral solution,11953511000001102,AMP,0408010F0AABUBU
11953211000001100,Clonazepam 900micrograms/5ml oral suspension,11953211000001100,AMP,0408010F0AABUBU
8396911000001108,Clonazepam 4mg/5ml oral solution,8396911000001108,VMP,0408010F0AABVBV
8397011000001107,Clonazepam 4mg/5ml oral suspension,8397011000001107,VMP,0408010F0AABVBV
8384911000001104,Clonazepam 4mg/5ml oral solution,8384911000001104,AMP,0408010F0AABVBV
8386111000001109,Clonazepam 4mg/5ml oral suspension,8386111000001109,AMP,0408010F0AABVBV
11955511000001103,Clonazepam 312.5micrograms/5ml oral solution,11955511000001103,VMP,0408010F0AABWBW
11955611000001104,Clonazepam 312.5micrograms/5ml oral suspension,11955611000001104,VMP,0408010F0AABWBW
11946711000001102,Clonazepam 312.5micrograms/5ml oral solution,11946711000001102,AMP,0408010F0AABWBW
11946411000001108,Clonazepam 312.5micrograms/5ml oral suspension,11946411000001108,AMP,0408010F0AABWBW
11956511000001105,Clonazepam 50micrograms/5ml oral solution,11956511000001105,VMP,0408010F0AABZBZ
11956611000001109,Clonazepam 50micrograms/5ml oral suspension,11956611000001109,VMP,0408010F0AABZBZ
11949911000001109,Clonazepam 50micrograms/5ml oral solution,11949911000001109,AMP,0408010F0AABZBZ
11949611000001103,Clonazepam 50micrograms/5ml oral suspension,11949611000001103,AMP,0408010F0AABZBZ
11944211000001104,Clonazepam 12.5mg/5ml oral solution,11944211000001104,VMP,0408010F0AACACA
11944311000001107,Clonazepam 12.5mg/5ml oral suspension,11944311000001107,VMP,0408010F0AACACA
11939911000001108,Clonazepam 12.5mg/5ml oral solution,11939911000001108,AMP,0408010F0AACACA
11939611000001102,Clonazepam 12.5mg/5ml oral suspension,11939611000001102,AMP,0408010F0AACACA
11955111000001107,Clonazepam 25micrograms/5ml oral solution,11955111000001107,VMP,0408010F0AACCCC
11955211000001101,Clonazepam 25micrograms/5ml oral suspension,11955211000001101,VMP,0408010F0AACCCC
11942911000001104,Clonazepam 25micrograms/5ml oral solution,11942911000001104,AMP,0408010F0AACCCC
11942611000001105,Clonazepam 25micrograms/5ml oral suspension,11942611000001105,AMP,0408010F0AACCCC
8396311000001107,Clonazepam 350micrograms/5ml oral solution,8396311000001107,VMP,0408010F0AACDCD
8396411000001100,Clonazepam 350micrograms/5ml oral suspension,8396411000001100,VMP,0408010F0AACDCD
8381411000001105,Clonazepam 350micrograms/5ml oral solution,8381411000001105,AMP,0408010F0AACDCD
8380811000001104,Clonazepam 350micrograms/5ml oral suspension,8380811000001104,AMP,0408010F0AACDCD
11944611000001102,Clonazepam 125micrograms/5ml oral solution,11944611000001102,VMP,0408010F0AACECE
11944711000001106,Clonazepam 125micrograms/5ml oral suspension,11944711000001106,VMP,0408010F0AACECE
11941111000001107,Clonazepam 125micrograms/5ml oral solution,11941111000001107,AMP,0408010F0AACECE
11940811000001108,Clonazepam 125micrograms/5ml oral suspension,11940811000001108,AMP,0408010F0AACECE
11944011000001109,Clonazepam 100micrograms/5ml oral solution,11944011000001109,VMP,0408010F0AACFCF
11944111000001105,Clonazepam 100micrograms/5ml oral suspension,11944111000001105,VMP,0408010F0AACFCF
11939311000001107,Clonazepam 100micrograms/5ml oral solution,11939311000001107,AMP,0408010F0AACFCF
11939011000001109,Clonazepam 100micrograms/5ml oral suspension,11939011000001109,AMP,0408010F0AACFCF
11955311000001109,Clonazepam 300micrograms/5ml oral solution,11955311000001109,VMP,0408010F0AACGCG
11955411000001102,Clonazepam 300micrograms/5ml oral suspension,11955411000001102,VMP,0408010F0AACGCG
11946111000001103,Clonazepam 300micrograms/5ml oral solution,11946111000001103,AMP,0408010F0AACGCG
11945811000001102,Clonazepam 300micrograms/5ml oral suspension,11945811000001102,AMP,0408010F0AACGCG
11954511000001104,Clonazepam 150micrograms/5ml oral solution,11954511000001104,VMP,0408010F0AACHCH
11954611000001100,Clonazepam 150micrograms/5ml oral suspension,11954611000001100,VMP,0408010F0AACHCH
11941711000001108,Clonazepam 150micrograms/5ml oral solution,11941711000001108,AMP,0408010F0AACHCH
11941411000001102,Clonazepam 150micrograms/5ml oral suspension,11941411000001102,AMP,0408010F0AACHCH
11956911000001103,Clonazepam 700micrograms/5ml oral solution,11956911000001103,VMP,0408010F0AACICI
11957011000001104,Clonazepam 700micrograms/5ml oral suspension,11957011000001104,VMP,0408010F0AACICI
11951111000001105,Clonazepam 700micrograms/5ml oral solution,11951111000001105,AMP,0408010F0AACICI
11950811000001106,Clonazepam 700micrograms/5ml oral suspension,11950811000001106,AMP,0408010F0AACICI
8396711000001106,Clonazepam 3mg/5ml oral solution,8396711000001106,VMP,0408010F0AACJCJ
8396811000001103,Clonazepam 3mg/5ml oral suspension,8396811000001103,VMP,0408010F0AACJCJ
8381711000001104,Clonazepam 3mg/5ml oral solution,8381711000001104,AMP,0408010F0AACJCJ
8382011000001109,Clonazepam 3mg/5ml oral suspension,8382011000001109,AMP,0408010F0AACJCJ
11957511000001107,Clonazepam 875micrograms/5ml oral solution,11957511000001107,VMP,0408010F0AACKCK
11957611000001106,Clonazepam 875micrograms/5ml oral suspension,11957611000001106,VMP,0408010F0AACKCK
11952911000001102,Clonazepam 875micrograms/5ml oral solution,11952911000001102,AMP,0408010F0AACKCK
11952611000001108,Clonazepam 875micrograms/5ml oral suspension,11952611000001108,AMP,0408010F0AACKCK
11954911000001106,Clonazepam 25mg/5ml oral solution,11954911000001106,VMP,0408010F0AACLCL
11955011000001106,Clonazepam 25mg/5ml oral suspension,11955011000001106,VMP,0408010F0AACLCL
11943511000001104,Clonazepam 25mg/5ml oral solution,11943511000001104,AMP,0408010F0AACLCL
11943211000001102,Clonazepam 25mg/5ml oral suspension,11943211000001102,AMP,0408010F0AACLCL
8397711000001109,Clonazepam 7.5mg/5ml oral solution,8397711000001109,VMP,0408010F0AACMCM
8397811000001101,Clonazepam 7.5mg/5ml oral suspension,8397811000001101,VMP,0408010F0AACMCM
8389311000001104,Clonazepam 7.5mg/5ml oral solution,8389311000001104,AMP,0408010F0AACMCM
8389711000001100,Clonazepam 7.5mg/5ml oral suspension,8389711000001100,AMP,0408010F0AACMCM
11954711000001109,Clonazepam 160micrograms/5ml oral solution,11954711000001109,VMP,0408010F0AACNCN
11954811000001101,Clonazepam 160micrograms/5ml oral suspension,11954811000001101,VMP,0408010F0AACNCN
11942311000001100,Clonazepam 160micrograms/5ml oral solution,11942311000001100,AMP,0408010F0AACNCN
11942011000001103,Clonazepam 160micrograms/5ml oral suspension,11942011000001103,AMP,0408010F0AACNCN
11957311000001101,Clonazepam 80micrograms/5ml oral solution,11957311000001101,VMP,0408010F0AACPCP
11957411000001108,Clonazepam 80micrograms/5ml oral suspension,11957411000001108,VMP,0408010F0AACPCP
11952311000001103,Clonazepam 80micrograms/5ml oral solution,11952311000001103,AMP,0408010F0AACPCP
11952011000001101,Clonazepam 80micrograms/5ml oral suspension,11952011000001101,AMP,0408010F0AACPCP
20128211000001100,Clonazepam 500micrograms/5ml oral solution sugar free,20128211000001100,VMP,0408010F0AACQCQ
20612511000001109,Clonazepam 500micrograms/5ml oral solution sugar free,20612511000001109,AMP,0408010F0AACQCQ
35826811000001102,Clonazepam 500micrograms/5ml oral solution sugar free,35826811000001102,AMP,0408010F0AACQCQ
20359311000001105,Clonazepam 500micrograms/5ml oral solution sugar free,20359311000001105,AMP,0408010F0AACQCQ
37226111000001100,Clonazepam 500micrograms/5ml oral solution sugar free,37226111000001100,AMP,0408010F0AACQCQ
38845611000001100,Clonazepam 500micrograms/5ml oral solution sugar free,38845611000001100,AMP,0408010F0AACQCQ
20018711000001105,Clonazepam 500micrograms/5ml oral solution sugar free,20018711000001105,AMP,0408010F0AACQCQ
29790511000001100,Clonazepam 500micrograms/5ml oral solution sugar free,29790511000001100,AMP,0408010F0AACQCQ
34886611000001100,Clonazepam 500micrograms/5ml oral solution sugar free,34886611000001100,AMP,0408010F0AACQCQ
22081811000001103,Clonazepam 500micrograms/5ml oral solution sugar free,22081811000001103,AMP,0408010F0AACQCQ
20065611000001108,Clonazepam 2mg/5ml oral solution sugar free,20065611000001108,VMP,0408010F0AACRCR
20637711000001105,Clonazepam 2mg/5ml oral solution sugar free,20637711000001105,AMP,0408010F0AACRCR
35827011000001106,Clonazepam 2mg/5ml oral solution sugar free,35827011000001106,AMP,0408010F0AACRCR
20359511000001104,Clonazepam 2mg/5ml oral solution sugar free,20359511000001104,AMP,0408010F0AACRCR
37226311000001103,Clonazepam 2mg/5ml oral solution sugar free,37226311000001103,AMP,0408010F0AACRCR
38845811000001101,Clonazepam 2mg/5ml oral solution sugar free,38845811000001101,AMP,0408010F0AACRCR
20019211000001108,Clonazepam 2mg/5ml oral solution sugar free,20019211000001108,AMP,0408010F0AACRCR
29790711000001105,Clonazepam 2mg/5ml oral solution sugar free,29790711000001105,AMP,0408010F0AACRCR
34886811000001101,Clonazepam 2mg/5ml oral solution sugar free,34886811000001101,AMP,0408010F0AACRCR
22082011000001101,Clonazepam 2mg/5ml oral solution sugar free,22082011000001101,AMP,0408010F0AACRCR
8382911000001108,Clonazepam 10mg/5ml oral solution,8382911000001108,VMP,0408010F0AACSCS
8383011000001100,Clonazepam 10mg/5ml oral suspension,8383011000001100,VMP,0408010F0AACSCS
8373411000001103,Clonazepam 10mg/5ml oral solution,8373411000001103,AMP,0408010F0AACSCS
8374111000001105,Clonazepam 10mg/5ml oral suspension,8374111000001105,AMP,0408010F0AACSCS
8396511000001101,Clonazepam 375micrograms/5ml oral solution,8396511000001101,VMP,0408010F0AACTCT
8396611000001102,Clonazepam 375micrograms/5ml oral suspension,8396611000001102,VMP,0408010F0AACTCT
8385411000001108,Clonazepam 375micrograms/5ml oral solution,8385411000001108,AMP,0408010F0AACTCT
8387811000001100,Clonazepam 375micrograms/5ml oral suspension,8387811000001100,AMP,0408010F0AACTCT
11955711000001108,Clonazepam 330micrograms/5ml oral solution,11955711000001108,VMP,0408010F0AACUCU
11955811000001100,Clonazepam 330micrograms/5ml oral suspension,11955811000001100,VMP,0408010F0AACUCU
11947311000001103,Clonazepam 330micrograms/5ml oral solution,11947311000001103,AMP,0408010F0AACUCU
11947011000001101,Clonazepam 330micrograms/5ml oral suspension,11947011000001101,AMP,0408010F0AACUCU
8394911000001100,Clonazepam 180micrograms/5ml oral solution,8394911000001100,VMP,0408010F0AACVCV
8395011000001100,Clonazepam 180micrograms/5ml oral suspension,8395011000001100,VMP,0408010F0AACVCV
8377711000001104,Clonazepam 180micrograms/5ml oral solution,8377711000001104,AMP,0408010F0AACVCV
8378911000001101,Clonazepam 180micrograms/5ml oral suspension,8378911000001101,AMP,0408010F0AACVCV
11943811000001101,Clonazepam 1.2mg/5ml oral solution,11943811000001101,VMP,0408010F0AACXCX
11943911000001106,Clonazepam 1.2mg/5ml oral suspension,11943911000001106,VMP,0408010F0AACXCX
11938711000001102,Clonazepam 1.2mg/5ml oral solution,11938711000001102,AMP,0408010F0AACXCX
11938411000001108,Clonazepam 1.2mg/5ml oral suspension,11938411000001108,AMP,0408010F0AACXCX
17999911000001103,Clonazepam 500microgram oral lyophilisates sugar free,17999911000001103,VMP,0408010F0AACYCY
17870411000001103,Clonazepam 500microgram orodispersible tablets,17870411000001103,VMP,0408010F0AACZCZ
17870211000001102,Clonazepam 500microgram orodispersible tablets,17870211000001102,AMP,0408010F0AACZCZ
23466511000001106,Clonazepam 2.5mg/ml drops,23466511000001106,VMP,0408010F0AADCDC
23403411000001101,Clonazepam 2.5mg/ml drops,23403411000001101,AMP,0408010F0AADCDC
8395811000001106,Clonazepam 250micrograms/5ml oral suspension,8395811000001106,VMP,0408010F0AADDDD
8381111000001100,Clonazepam 250micrograms/5ml oral suspension,8381111000001100,AMP,0408010F0AADDDD
42127211000001108,Clonazepam 1mg tablets,42127211000001108,VMP,0408010F0AADEDE
40899711000001102,Clonazepam 1mg tablets,40899711000001102,AMP,0408010F0AADEDE
40897411000001104,Clonazepam 1mg tablets,40897411000001104,AMP,0408010F0AADEDE
40683011000001105,Clonazepam 1mg tablets,40683011000001105,AMP,0408010F0AADEDE
233611000001104,Rivotril 500microgram tablets,233611000001104,AMP,0408010F0BBAAAB
291011000001103,Rivotril 2mg tablets,291011000001103,AMP,0408010F0BBABAC
7655011000001106,Rivotril 2.5mg/1ml drops,7655011000001106,AMP,0408010F0BBAEAA
17996511000001100,Klonopin 0.5mg oral lyophilisates,17996511000001100,AMP,0408010F0BCABCY
42129511000001104,Gabapentin 100mg capsules,42129511000001104,VMP,0408010G0AAAAAA
5568111000001101,Gabapentin 100mg capsules,5568111000001101,AMP,0408010G0AAAAAA
34933611000001106,Gabapentin 100mg capsules,34933611000001106,AMP,0408010G0AAAAAA
12948611000001108,Gabapentin 100mg capsules,12948611000001108,AMP,0408010G0AAAAAA
7847211000001100,Gabapentin 100mg capsules,7847211000001100,AMP,0408010G0AAAAAA
17971011000001105,Gabapentin 100mg capsules,17971011000001105,AMP,0408010G0AAAAAA
41188211000001102,Gabapentin 100mg capsules,41188211000001102,AMP,0408010G0AAAAAA
13387311000001109,Gabapentin 100mg capsules,13387311000001109,AMP,0408010G0AAAAAA
21032911000001107,Gabapentin 100mg capsules,21032911000001107,AMP,0408010G0AAAAAA
32489811000001106,Gabapentin 100mg capsules,32489811000001106,AMP,0408010G0AAAAAA
14121111000001101,Gabapentin 100mg capsules,14121111000001101,AMP,0408010G0AAAAAA
23614311000001109,Gabapentin 100mg capsules,23614311000001109,AMP,0408010G0AAAAAA
43929411000001108,Gabapentin 100mg capsules,43929411000001108,AMP,0408010G0AAAAAA
24104711000001108,Gabapentin 100mg capsules,24104711000001108,AMP,0408010G0AAAAAA
10298111000001101,Gabapentin 100mg capsules,10298111000001101,AMP,0408010G0AAAAAA
45862211000001105,Gabapentin 100mg capsules,45862211000001105,AMP,0408010G0AAAAAA
41464611000001109,Gabapentin 100mg capsules,41464611000001109,AMP,0408010G0AAAAAA
9298111000001103,Gabapentin 100mg capsules,9298111000001103,AMP,0408010G0AAAAAA
45736211000001102,Gabapentin 100mg capsules,45736211000001102,AMP,0408010G0AAAAAA
5628811000001109,Gabapentin 100mg capsules,5628811000001109,AMP,0408010G0AAAAAA
45589311000001109,Gabapentin 100mg capsules,45589311000001109,AMP,0408010G0AAAAAA
37086211000001108,Gabapentin 100mg capsules,37086211000001108,AMP,0408010G0AAAAAA
38928311000001107,Gabapentin 100mg capsules,38928311000001107,AMP,0408010G0AAAAAA
23407311000001101,Gabapentin 100mg capsules,23407311000001101,AMP,0408010G0AAAAAA
35162211000001102,Gabapentin 100mg capsules,35162211000001102,AMP,0408010G0AAAAAA
24132711000001109,Gabapentin 100mg capsules,24132711000001109,AMP,0408010G0AAAAAA
37506511000001109,Gabapentin 100mg capsules,37506511000001109,AMP,0408010G0AAAAAA
17912011000001105,Gabapentin 100mg capsules,17912011000001105,AMP,0408010G0AAAAAA
41496511000001102,Gabapentin 100mg capsules,41496511000001102,AMP,0408010G0AAAAAA
28694511000001103,Gabapentin 100mg capsules,28694511000001103,AMP,0408010G0AAAAAA
11532011000001106,Gabapentin 100mg capsules,11532011000001106,AMP,0408010G0AAAAAA
15089511000001104,Gabapentin 100mg capsules,15089511000001104,AMP,0408010G0AAAAAA
42445711000001106,Gabapentin 100mg capsules,42445711000001106,AMP,0408010G0AAAAAA
13722511000001108,Gabapentin 100mg capsules,13722511000001108,AMP,0408010G0AAAAAA
5471411000001101,Gabapentin 100mg capsules,5471411000001101,AMP,0408010G0AAAAAA
35721411000001107,Gabapentin 100mg capsules,35721411000001107,AMP,0408010G0AAAAAA
8916811000001109,Gabapentin 100mg capsules,8916811000001109,AMP,0408010G0AAAAAA
22019211000001101,Gabapentin 100mg capsules,22019211000001101,AMP,0408010G0AAAAAA
29888211000001101,Gabapentin 100mg capsules,29888211000001101,AMP,0408010G0AAAAAA
9557711000001101,Gabapentin 100mg capsules,9557711000001101,AMP,0408010G0AAAAAA
42129711000001109,Gabapentin 300mg capsules,42129711000001109,VMP,0408010G0AAABAB
5569411000001103,Gabapentin 300mg capsules,5569411000001103,AMP,0408010G0AAABAB
34933411000001108,Gabapentin 300mg capsules,34933411000001108,AMP,0408010G0AAABAB
12949111000001107,Gabapentin 300mg capsules,12949111000001107,AMP,0408010G0AAABAB
7847411000001101,Gabapentin 300mg capsules,7847411000001101,AMP,0408010G0AAABAB
17971411000001101,Gabapentin 300mg capsules,17971411000001101,AMP,0408010G0AAABAB
41188411000001103,Gabapentin 300mg capsules,41188411000001103,AMP,0408010G0AAABAB
13387511000001103,Gabapentin 300mg capsules,13387511000001103,AMP,0408010G0AAABAB
21033111000001103,Gabapentin 300mg capsules,21033111000001103,AMP,0408010G0AAABAB
32490011000001109,Gabapentin 300mg capsules,32490011000001109,AMP,0408010G0AAABAB
14121311000001104,Gabapentin 300mg capsules,14121311000001104,AMP,0408010G0AAABAB
23614511000001103,Gabapentin 300mg capsules,23614511000001103,AMP,0408010G0AAABAB
43929911000001100,Gabapentin 300mg capsules,43929911000001100,AMP,0408010G0AAABAB
24104911000001105,Gabapentin 300mg capsules,24104911000001105,AMP,0408010G0AAABAB
10298511000001105,Gabapentin 300mg capsules,10298511000001105,AMP,0408010G0AAABAB
46032211000001103,Gabapentin 300mg capsules,46032211000001103,AMP,0408010G0AAABAB
41464811000001108,Gabapentin 300mg capsules,41464811000001108,AMP,0408010G0AAABAB
9298311000001101,Gabapentin 300mg capsules,9298311000001101,AMP,0408010G0AAABAB
45736411000001103,Gabapentin 300mg capsules,45736411000001103,AMP,0408010G0AAABAB
5629011000001108,Gabapentin 300mg capsules,5629011000001108,AMP,0408010G0AAABAB
45589511000001103,Gabapentin 300mg capsules,45589511000001103,AMP,0408010G0AAABAB
37086411000001107,Gabapentin 300mg capsules,37086411000001107,AMP,0408010G0AAABAB
38928511000001101,Gabapentin 300mg capsules,38928511000001101,AMP,0408010G0AAABAB
23407511000001107,Gabapentin 300mg capsules,23407511000001107,AMP,0408010G0AAABAB
35162411000001103,Gabapentin 300mg capsules,35162411000001103,AMP,0408010G0AAABAB
24132911000001106,Gabapentin 300mg capsules,24132911000001106,AMP,0408010G0AAABAB
37506711000001104,Gabapentin 300mg capsules,37506711000001104,AMP,0408010G0AAABAB
17913811000001107,Gabapentin 300mg capsules,17913811000001107,AMP,0408010G0AAABAB
41496811000001104,Gabapentin 300mg capsules,41496811000001104,AMP,0408010G0AAABAB
28694811000001100,Gabapentin 300mg capsules,28694811000001100,AMP,0408010G0AAABAB
9308411000001100,Gabapentin 300mg capsules,9308411000001100,AMP,0408010G0AAABAB
15089711000001109,Gabapentin 300mg capsules,15089711000001109,AMP,0408010G0AAABAB
42446311000001102,Gabapentin 300mg capsules,42446311000001102,AMP,0408010G0AAABAB
13722811000001106,Gabapentin 300mg capsules,13722811000001106,AMP,0408010G0AAABAB
5472411000001106,Gabapentin 300mg capsules,5472411000001106,AMP,0408010G0AAABAB
35721611000001105,Gabapentin 300mg capsules,35721611000001105,AMP,0408010G0AAABAB
8917211000001105,Gabapentin 300mg capsules,8917211000001105,AMP,0408010G0AAABAB
22019411000001102,Gabapentin 300mg capsules,22019411000001102,AMP,0408010G0AAABAB
29888411000001102,Gabapentin 300mg capsules,29888411000001102,AMP,0408010G0AAABAB
9557911000001104,Gabapentin 300mg capsules,9557911000001104,AMP,0408010G0AAABAB
42129811000001101,Gabapentin 400mg capsules,42129811000001101,VMP,0408010G0AAACAC
5569611000001100,Gabapentin 400mg capsules,5569611000001100,AMP,0408010G0AAACAC
34933211000001109,Gabapentin 400mg capsules,34933211000001109,AMP,0408010G0AAACAC
12949311000001109,Gabapentin 400mg capsules,12949311000001109,AMP,0408010G0AAACAC
7847611000001103,Gabapentin 400mg capsules,7847611000001103,AMP,0408010G0AAACAC
17971811000001104,Gabapentin 400mg capsules,17971811000001104,AMP,0408010G0AAACAC
41188611000001100,Gabapentin 400mg capsules,41188611000001100,AMP,0408010G0AAACAC
13387711000001108,Gabapentin 400mg capsules,13387711000001108,AMP,0408010G0AAACAC
21033311000001101,Gabapentin 400mg capsules,21033311000001101,AMP,0408010G0AAACAC
32490211000001104,Gabapentin 400mg capsules,32490211000001104,AMP,0408010G0AAACAC
14121511000001105,Gabapentin 400mg capsules,14121511000001105,AMP,0408010G0AAACAC
23614711000001108,Gabapentin 400mg capsules,23614711000001108,AMP,0408010G0AAACAC
43965811000001102,Gabapentin 400mg capsules,43965811000001102,AMP,0408010G0AAACAC
24105111000001106,Gabapentin 400mg capsules,24105111000001106,AMP,0408010G0AAACAC
10298811000001108,Gabapentin 400mg capsules,10298811000001108,AMP,0408010G0AAACAC
45862411000001109,Gabapentin 400mg capsules,45862411000001109,AMP,0408010G0AAACAC
41465111000001102,Gabapentin 400mg capsules,41465111000001102,AMP,0408010G0AAACAC
9298511000001107,Gabapentin 400mg capsules,9298511000001107,AMP,0408010G0AAACAC
45736611000001100,Gabapentin 400mg capsules,45736611000001100,AMP,0408010G0AAACAC
5629211000001103,Gabapentin 400mg capsules,5629211000001103,AMP,0408010G0AAACAC
45589711000001108,Gabapentin 400mg capsules,45589711000001108,AMP,0408010G0AAACAC
37086711000001101,Gabapentin 400mg capsules,37086711000001101,AMP,0408010G0AAACAC
38928711000001106,Gabapentin 400mg capsules,38928711000001106,AMP,0408010G0AAACAC
23407711000001102,Gabapentin 400mg capsules,23407711000001102,AMP,0408010G0AAACAC
35162611000001100,Gabapentin 400mg capsules,35162611000001100,AMP,0408010G0AAACAC
37506911000001102,Gabapentin 400mg capsules,37506911000001102,AMP,0408010G0AAACAC
17914011000001104,Gabapentin 400mg capsules,17914011000001104,AMP,0408010G0AAACAC
41497111000001109,Gabapentin 400mg capsules,41497111000001109,AMP,0408010G0AAACAC
28695111000001106,Gabapentin 400mg capsules,28695111000001106,AMP,0408010G0AAACAC
11532211000001101,Gabapentin 400mg capsules,11532211000001101,AMP,0408010G0AAACAC
15089911000001106,Gabapentin 400mg capsules,15089911000001106,AMP,0408010G0AAACAC
42446611000001107,Gabapentin 400mg capsules,42446611000001107,AMP,0408010G0AAACAC
13723011000001109,Gabapentin 400mg capsules,13723011000001109,AMP,0408010G0AAACAC
5473811000001100,Gabapentin 400mg capsules,5473811000001100,AMP,0408010G0AAACAC
35721811000001109,Gabapentin 400mg capsules,35721811000001109,AMP,0408010G0AAACAC
8917511000001108,Gabapentin 400mg capsules,8917511000001108,AMP,0408010G0AAACAC
22019611000001104,Gabapentin 400mg capsules,22019611000001104,AMP,0408010G0AAACAC
29888611000001104,Gabapentin 400mg capsules,29888611000001104,AMP,0408010G0AAACAC
9558111000001101,Gabapentin 400mg capsules,9558111000001101,AMP,0408010G0AAACAC
8520211000001105,Gabapentin 100mg/5ml oral suspension,8520211000001105,VMP,0408010G0AAAGAG
8492011000001100,Gabapentin 100mg/5ml oral suspension,8492011000001100,AMP,0408010G0AAAGAG
42129911000001106,Gabapentin 600mg tablets,42129911000001106,VMP,0408010G0AAAJAJ
5570311000001108,Gabapentin 600mg tablets,5570311000001108,AMP,0408010G0AAAJAJ
21282711000001105,Gabapentin 600mg tablets,21282711000001105,AMP,0408010G0AAAJAJ
15165011000001104,Gabapentin 600mg tablets,15165011000001104,AMP,0408010G0AAAJAJ
10168211000001107,Gabapentin 600mg tablets,10168211000001107,AMP,0408010G0AAAJAJ
17972111000001101,Gabapentin 600mg tablets,17972111000001101,AMP,0408010G0AAAJAJ
32490511000001101,Gabapentin 600mg tablets,32490511000001101,AMP,0408010G0AAAJAJ
14121711000001100,Gabapentin 600mg tablets,14121711000001100,AMP,0408010G0AAAJAJ
22602811000001104,Gabapentin 600mg tablets,22602811000001104,AMP,0408010G0AAAJAJ
24105511000001102,Gabapentin 600mg tablets,24105511000001102,AMP,0408010G0AAAJAJ
41464111000001101,Gabapentin 600mg tablets,41464111000001101,AMP,0408010G0AAAJAJ
45736911000001106,Gabapentin 600mg tablets,45736911000001106,AMP,0408010G0AAAJAJ
5629911000001107,Gabapentin 600mg tablets,5629911000001107,AMP,0408010G0AAAJAJ
37087011000001100,Gabapentin 600mg tablets,37087011000001100,AMP,0408010G0AAAJAJ
38928911000001108,Gabapentin 600mg tablets,38928911000001108,AMP,0408010G0AAAJAJ
22349411000001109,Gabapentin 600mg tablets,22349411000001109,AMP,0408010G0AAAJAJ
24133111000001102,Gabapentin 600mg tablets,24133111000001102,AMP,0408010G0AAAJAJ
15129811000001102,Gabapentin 600mg tablets,15129811000001102,AMP,0408010G0AAAJAJ
18108611000001106,Gabapentin 600mg tablets,18108611000001106,AMP,0408010G0AAAJAJ
15090111000001102,Gabapentin 600mg tablets,15090111000001102,AMP,0408010G0AAAJAJ
42447511000001105,Gabapentin 600mg tablets,42447511000001105,AMP,0408010G0AAAJAJ
13723211000001104,Gabapentin 600mg tablets,13723211000001104,AMP,0408010G0AAAJAJ
5474211000001103,Gabapentin 600mg tablets,5474211000001103,AMP,0408010G0AAAJAJ
22019811000001100,Gabapentin 600mg tablets,22019811000001100,AMP,0408010G0AAAJAJ
15356811000001101,Gabapentin 600mg tablets,15356811000001101,AMP,0408010G0AAAJAJ
42130011000001101,Gabapentin 800mg tablets,42130011000001101,VMP,0408010G0AAAKAK
5570911000001109,Gabapentin 800mg tablets,5570911000001109,AMP,0408010G0AAAKAK
21283911000001100,Gabapentin 800mg tablets,21283911000001100,AMP,0408010G0AAAKAK
15165211000001109,Gabapentin 800mg tablets,15165211000001109,AMP,0408010G0AAAKAK
7847911000001109,Gabapentin 800mg tablets,7847911000001109,AMP,0408010G0AAAKAK
17972411000001106,Gabapentin 800mg tablets,17972411000001106,AMP,0408010G0AAAKAK
32490711000001106,Gabapentin 800mg tablets,32490711000001106,AMP,0408010G0AAAKAK
14121911000001103,Gabapentin 800mg tablets,14121911000001103,AMP,0408010G0AAAKAK
22603111000001100,Gabapentin 800mg tablets,22603111000001100,AMP,0408010G0AAAKAK
46115811000001109,Gabapentin 800mg tablets,46115811000001109,AMP,0408010G0AAAKAK
24105711000001107,Gabapentin 800mg tablets,24105711000001107,AMP,0408010G0AAAKAK
41464411000001106,Gabapentin 800mg tablets,41464411000001106,AMP,0408010G0AAAKAK
5630311000001104,Gabapentin 800mg tablets,5630311000001104,AMP,0408010G0AAAKAK
30134111000001102,Gabapentin 800mg tablets,30134111000001102,AMP,0408010G0AAAKAK
38929111000001103,Gabapentin 800mg tablets,38929111000001103,AMP,0408010G0AAAKAK
22349611000001107,Gabapentin 800mg tablets,22349611000001107,AMP,0408010G0AAAKAK
24133511000001106,Gabapentin 800mg tablets,24133511000001106,AMP,0408010G0AAAKAK
15129611000001101,Gabapentin 800mg tablets,15129611000001101,AMP,0408010G0AAAKAK
15090311000001100,Gabapentin 800mg tablets,15090311000001100,AMP,0408010G0AAAKAK
42457211000001105,Gabapentin 800mg tablets,42457211000001105,AMP,0408010G0AAAKAK
13720211000001109,Gabapentin 800mg tablets,13720211000001109,AMP,0408010G0AAAKAK
5475211000001102,Gabapentin 800mg tablets,5475211000001102,AMP,0408010G0AAAKAK
22024511000001108,Gabapentin 800mg tablets,22024511000001108,AMP,0408010G0AAAKAK
15357011000001105,Gabapentin 800mg tablets,15357011000001105,AMP,0408010G0AAAKAK
12089111000001105,Gabapentin 150mg/5ml oral solution,12089111000001105,VMP,0408010G0AAANAN
12089211000001104,Gabapentin 150mg/5ml oral suspension,12089211000001104,VMP,0408010G0AAANAN
12068411000001105,Gabapentin 150mg/5ml oral solution,12068411000001105,AMP,0408010G0AAANAN
12067111000001101,Gabapentin 150mg/5ml oral suspension,12067111000001101,AMP,0408010G0AAANAN
8520511000001108,Gabapentin 300mg/5ml oral solution,8520511000001108,VMP,0408010G0AAAPAP
8523111000001106,Gabapentin 300mg/5ml oral suspension,8523111000001106,VMP,0408010G0AAAPAP
8493511000001101,Gabapentin 300mg/5ml oral solution,8493511000001101,AMP,0408010G0AAAPAP
8494411000001102,Gabapentin 300mg/5ml oral suspension,8494411000001102,AMP,0408010G0AAAPAP
42129611000001100,Gabapentin 250mg/5ml oral solution,42129611000001100,VMP,0408010G0AAAQAQ
8520411000001109,Gabapentin 250mg/5ml oral suspension,8520411000001109,VMP,0408010G0AAAQAQ
8492311000001102,Gabapentin 250mg/5ml oral solution,8492311000001102,AMP,0408010G0AAAQAQ
8492811000001106,Gabapentin 250mg/5ml oral suspension,8492811000001106,AMP,0408010G0AAAQAQ
8523211000001100,Gabapentin 450mg/5ml oral solution,8523211000001100,VMP,0408010G0AAARAR
8523311000001108,Gabapentin 450mg/5ml oral suspension,8523311000001108,VMP,0408010G0AAARAR
8493211000001104,Gabapentin 450mg/5ml oral solution,8493211000001104,AMP,0408010G0AAARAR
8493811000001103,Gabapentin 450mg/5ml oral suspension,8493811000001103,AMP,0408010G0AAARAR
8523411000001101,Gabapentin 50mg/5ml oral solution,8523411000001101,VMP,0408010G0AAASAS
8523511000001102,Gabapentin 50mg/5ml oral suspension,8523511000001102,VMP,0408010G0AAASAS
8494811000001100,Gabapentin 50mg/5ml oral solution,8494811000001100,AMP,0408010G0AAASAS
8496311000001103,Gabapentin 50mg/5ml oral suspension,8496311000001103,AMP,0408010G0AAASAS
12089511000001101,Gabapentin 500mg/5ml oral solution,12089511000001101,VMP,0408010G0AAAVAV
12089611000001102,Gabapentin 500mg/5ml oral suspension,12089611000001102,VMP,0408010G0AAAVAV
12072811000001102,Gabapentin 500mg/5ml oral solution,12072811000001102,AMP,0408010G0AAAVAV
12072211000001103,Gabapentin 500mg/5ml oral suspension,12072211000001103,AMP,0408010G0AAAVAV
12089311000001107,Gabapentin 200mg/5ml oral solution,12089311000001107,VMP,0408010G0AAAWAW
12089411000001100,Gabapentin 200mg/5ml oral suspension,12089411000001100,VMP,0408010G0AAAWAW
12070511000001101,Gabapentin 200mg/5ml oral solution,12070511000001101,AMP,0408010G0AAAWAW
12069511000001103,Gabapentin 200mg/5ml oral suspension,12069511000001103,AMP,0408010G0AAAWAW
36061711000001108,Gabapentin 600mg tablets and Gabapentin 300mg capsules,36061711000001108,VMP,0408010G0AAAXAX
14010811000001103,Gabapentin 400mg/5ml oral solution,14010811000001103,VMP,0408010G0AAAYAY
13970511000001103,Gabapentin 400mg/5ml oral solution,13970511000001103,AMP,0408010G0AAAYAY
13565811000001105,Gabapentin 600mg/5ml oral solution,13565811000001105,VMP,0408010G0AABBBB
13566011000001108,Gabapentin 600mg/5ml oral suspension,13566011000001108,VMP,0408010G0AABBBB
13564111000001102,Gabapentin 600mg/5ml oral solution,13564111000001102,AMP,0408010G0AABBBB
13564411000001107,Gabapentin 600mg/5ml oral suspension,13564411000001107,AMP,0408010G0AABBBB
14252711000001109,Gabapentin 800mg/5ml oral solution,14252711000001109,VMP,0408010G0AABCBC
14252811000001101,Gabapentin 800mg/5ml oral suspension,14252811000001101,VMP,0408010G0AABCBC
14217411000001108,Gabapentin 800mg/5ml oral solution,14217411000001108,AMP,0408010G0AABCBC
14218211000001108,Gabapentin 800mg/5ml oral suspension,14218211000001108,AMP,0408010G0AABCBC
21660111000001105,Gabapentin 50mg/ml oral solution sugar free,21660111000001105,VMP,0408010G0AABGBG
21732511000001103,Gabapentin 50mg/ml oral solution sugar free,21732511000001103,AMP,0408010G0AABGBG
34462211000001109,Gabapentin 50mg/ml oral solution sugar free,34462211000001109,AMP,0408010G0AABGBG
21696311000001108,Gabapentin 50mg/ml oral solution sugar free,21696311000001108,AMP,0408010G0AABGBG
41536411000001103,Gabapentin 50mg/ml oral solution sugar free,41536411000001103,AMP,0408010G0AABGBG
34274311000001103,Gabapentin 50mg/ml oral solution sugar free,34274311000001103,AMP,0408010G0AABGBG
24105311000001108,Gabapentin 50mg/ml oral solution sugar free,24105311000001108,AMP,0408010G0AABGBG
41465711000001101,Gabapentin 50mg/ml oral solution sugar free,41465711000001101,AMP,0408010G0AABGBG
38929311000001101,Gabapentin 50mg/ml oral solution sugar free,38929311000001101,AMP,0408010G0AABGBG
45344211000001107,Gabapentin 50mg/ml oral solution sugar free,45344211000001107,AMP,0408010G0AABGBG
21658711000001101,Gabapentin 50mg/ml oral solution sugar free,21658711000001101,AMP,0408010G0AABGBG
29868211000001104,Gabapentin 50mg/ml oral solution sugar free,29868211000001104,AMP,0408010G0AABGBG
36888911000001100,Gabapentin 50mg/ml oral solution sugar free,36888911000001100,AMP,0408010G0AABGBG
35550311000001108,Gabapentin 50mg/ml oral solution sugar free,35550311000001108,AMP,0408010G0AABGBG
14014011000001102,Gabapentin 400mg/5ml oral suspension,14014011000001102,VMP,0408010G0AABHBH
13970011000001106,Gabapentin 400mg/5ml oral suspension,13970011000001106,AMP,0408010G0AABHBH
8520111000001104,Gabapentin 100mg/5ml oral solution,8520111000001104,VMP,0408010G0AABIBI
8491211000001103,Gabapentin 100mg/5ml oral solution,8491211000001103,AMP,0408010G0AABIBI
459211000001102,Neurontin 100mg capsules,459211000001102,AMP,0408010G0BBAAAA
401511000001108,Neurontin 300mg capsules,401511000001108,AMP,0408010G0BBABAB
302911000001103,Neurontin 400mg capsules,302911000001103,AMP,0408010G0BBACAC
511611000001103,Neurontin 600mg tablets,511611000001103,AMP,0408010G0BBADAJ
159611000001104,Neurontin 800mg tablets,159611000001104,AMP,0408010G0BBAEAK
21059411000001106,Neurontin 250mg/5ml oral solution,21059411000001106,AMP,0408010G0BBAFAQ
4554411000001103,Neurontin titration pack,4554411000001103,AMP,0408010G0BBAGAX
42130711000001104,Lamotrigine 200mg tablets,42130711000001104,VMP,0408010H0AAA1A1
9460211000001105,Lamotrigine 200mg tablets,9460211000001105,AMP,0408010H0AAA1A1
20167611000001109,Lamotrigine 200mg tablets,20167611000001109,AMP,0408010H0AAA1A1
9328011000001104,Lamotrigine 200mg tablets,9328011000001104,AMP,0408010H0AAA1A1
9455011000001103,Lamotrigine 200mg tablets,9455011000001103,AMP,0408010H0AAA1A1
13766211000001102,Lamotrigine 200mg tablets,13766211000001102,AMP,0408010H0AAA1A1
39647711000001109,Lamotrigine 200mg tablets,39647711000001109,AMP,0408010H0AAA1A1
10451411000001107,Lamotrigine 200mg tablets,10451411000001107,AMP,0408010H0AAA1A1
16059711000001103,Lamotrigine 200mg tablets,16059711000001103,AMP,0408010H0AAA1A1
10286211000001107,Lamotrigine 200mg tablets,10286211000001107,AMP,0408010H0AAA1A1
24354611000001101,Lamotrigine 200mg tablets,24354611000001101,AMP,0408010H0AAA1A1
18476711000001107,Lamotrigine 200mg tablets,18476711000001107,AMP,0408010H0AAA1A1
18079011000001108,Lamotrigine 200mg tablets,18079011000001108,AMP,0408010H0AAA1A1
10299811000001101,Lamotrigine 200mg tablets,10299811000001101,AMP,0408010H0AAA1A1
9361011000001102,Lamotrigine 200mg tablets,9361011000001102,AMP,0408010H0AAA1A1
9329911000001108,Lamotrigine 200mg tablets,9329911000001108,AMP,0408010H0AAA1A1
37095911000001105,Lamotrigine 200mg tablets,37095911000001105,AMP,0408010H0AAA1A1
39008511000001102,Lamotrigine 200mg tablets,39008511000001102,AMP,0408010H0AAA1A1
35164011000001101,Lamotrigine 200mg tablets,35164011000001101,AMP,0408010H0AAA1A1
9377911000001100,Lamotrigine 200mg tablets,9377911000001100,AMP,0408010H0AAA1A1
17930011000001104,Lamotrigine 200mg tablets,17930011000001104,AMP,0408010H0AAA1A1
37089911000001108,Lamotrigine 200mg tablets,37089911000001108,AMP,0408010H0AAA1A1
45245311000001106,Lamotrigine 200mg tablets,45245311000001106,AMP,0408010H0AAA1A1
9472311000001108,Lamotrigine 200mg tablets,9472311000001108,AMP,0408010H0AAA1A1
15104411000001108,Lamotrigine 200mg tablets,15104411000001108,AMP,0408010H0AAA1A1
10566611000001102,Lamotrigine 200mg tablets,10566611000001102,AMP,0408010H0AAA1A1
9451411000001109,Lamotrigine 200mg tablets,9451411000001109,AMP,0408010H0AAA1A1
36814211000001101,Lamotrigine 200mg tablets,36814211000001101,AMP,0408010H0AAA1A1
9327211000001105,Lamotrigine 200mg tablets,9327211000001105,AMP,0408010H0AAA1A1
22060711000001100,Lamotrigine 200mg tablets,22060711000001100,AMP,0408010H0AAA1A1
9559211000001102,Lamotrigine 200mg tablets,9559211000001102,AMP,0408010H0AAA1A1
8582611000001104,Lamotrigine 50mg/5ml oral suspension,8582611000001104,VMP,0408010H0AAA3A3
8565311000001101,Lamotrigine 50mg/5ml oral suspension,8565311000001101,AMP,0408010H0AAA3A3
12644811000001100,Lamotrigine 37.5mg/5ml oral solution,12644811000001100,VMP,0408010H0AAA4A4
12644911000001105,Lamotrigine 37.5mg/5ml oral suspension,12644911000001105,VMP,0408010H0AAA4A4
12605611000001108,Lamotrigine 37.5mg/5ml oral solution,12605611000001108,AMP,0408010H0AAA4A4
12605311000001103,Lamotrigine 37.5mg/5ml oral suspension,12605311000001103,AMP,0408010H0AAA4A4
12645011000001105,Lamotrigine 5.5mg/5ml oral solution,12645011000001105,VMP,0408010H0AAA5A5
12645111000001106,Lamotrigine 5.5mg/5ml oral suspension,12645111000001106,VMP,0408010H0AAA5A5
12606211000001100,Lamotrigine 5.5mg/5ml oral solution,12606211000001100,AMP,0408010H0AAA5A5
12605911000001102,Lamotrigine 5.5mg/5ml oral suspension,12605911000001102,AMP,0408010H0AAA5A5
42130611000001108,Lamotrigine 100mg tablets,42130611000001108,VMP,0408010H0AAAAAA
9460011000001100,Lamotrigine 100mg tablets,9460011000001100,AMP,0408010H0AAAAAA
20167411000001106,Lamotrigine 100mg tablets,20167411000001106,AMP,0408010H0AAAAAA
9327811000001106,Lamotrigine 100mg tablets,9327811000001106,AMP,0408010H0AAAAAA
9454711000001100,Lamotrigine 100mg tablets,9454711000001100,AMP,0408010H0AAAAAA
13766011000001107,Lamotrigine 100mg tablets,13766011000001107,AMP,0408010H0AAAAAA
39570411000001108,Lamotrigine 100mg tablets,39570411000001108,AMP,0408010H0AAAAAA
10451211000001108,Lamotrigine 100mg tablets,10451211000001108,AMP,0408010H0AAAAAA
16059211000001105,Lamotrigine 100mg tablets,16059211000001105,AMP,0408010H0AAAAAA
10285611000001104,Lamotrigine 100mg tablets,10285611000001104,AMP,0408010H0AAAAAA
24354411000001104,Lamotrigine 100mg tablets,24354411000001104,AMP,0408010H0AAAAAA
18476511000001102,Lamotrigine 100mg tablets,18476511000001102,AMP,0408010H0AAAAAA
18078811000001109,Lamotrigine 100mg tablets,18078811000001109,AMP,0408010H0AAAAAA
10299611000001100,Lamotrigine 100mg tablets,10299611000001100,AMP,0408010H0AAAAAA
9360811000001100,Lamotrigine 100mg tablets,9360811000001100,AMP,0408010H0AAAAAA
9329711000001106,Lamotrigine 100mg tablets,9329711000001106,AMP,0408010H0AAAAAA
37095611000001104,Lamotrigine 100mg tablets,37095611000001104,AMP,0408010H0AAAAAA
39007711000001106,Lamotrigine 100mg tablets,39007711000001106,AMP,0408010H0AAAAAA
35163811000001109,Lamotrigine 100mg tablets,35163811000001109,AMP,0408010H0AAAAAA
9377711000001102,Lamotrigine 100mg tablets,9377711000001102,AMP,0408010H0AAAAAA
18627011000001109,Lamotrigine 100mg tablets,18627011000001109,AMP,0408010H0AAAAAA
37092711000001104,Lamotrigine 100mg tablets,37092711000001104,AMP,0408010H0AAAAAA
45245111000001109,Lamotrigine 100mg tablets,45245111000001109,AMP,0408010H0AAAAAA
9472111000001106,Lamotrigine 100mg tablets,9472111000001106,AMP,0408010H0AAAAAA
15056411000001104,Lamotrigine 100mg tablets,15056411000001104,AMP,0408010H0AAAAAA
10566411000001100,Lamotrigine 100mg tablets,10566411000001100,AMP,0408010H0AAAAAA
9451211000001105,Lamotrigine 100mg tablets,9451211000001105,AMP,0408010H0AAAAAA
36813811000001103,Lamotrigine 100mg tablets,36813811000001103,AMP,0408010H0AAAAAA
9327011000001100,Lamotrigine 100mg tablets,9327011000001100,AMP,0408010H0AAAAAA
22060411000001106,Lamotrigine 100mg tablets,22060411000001106,AMP,0408010H0AAAAAA
9559011000001107,Lamotrigine 100mg tablets,9559011000001107,AMP,0408010H0AAAAAA
42131011000001105,Lamotrigine 50mg tablets,42131011000001105,VMP,0408010H0AAABAB
9459411000001105,Lamotrigine 50mg tablets,9459411000001105,AMP,0408010H0AAABAB
20167211000001107,Lamotrigine 50mg tablets,20167211000001107,AMP,0408010H0AAABAB
9327611000001107,Lamotrigine 50mg tablets,9327611000001107,AMP,0408010H0AAABAB
9454511000001105,Lamotrigine 50mg tablets,9454511000001105,AMP,0408010H0AAABAB
13766611000001100,Lamotrigine 50mg tablets,13766611000001100,AMP,0408010H0AAABAB
39570611000001106,Lamotrigine 50mg tablets,39570611000001106,AMP,0408010H0AAABAB
10451011000001103,Lamotrigine 50mg tablets,10451011000001103,AMP,0408010H0AAABAB
16059011000001100,Lamotrigine 50mg tablets,16059011000001100,AMP,0408010H0AAABAB
10287511000001107,Lamotrigine 50mg tablets,10287511000001107,AMP,0408010H0AAABAB
24355011000001107,Lamotrigine 50mg tablets,24355011000001107,AMP,0408010H0AAABAB
18476311000001108,Lamotrigine 50mg tablets,18476311000001108,AMP,0408010H0AAABAB
18078611000001105,Lamotrigine 50mg tablets,18078611000001105,AMP,0408010H0AAABAB
10300511000001102,Lamotrigine 50mg tablets,10300511000001102,AMP,0408010H0AAABAB
9360611000001104,Lamotrigine 50mg tablets,9360611000001104,AMP,0408010H0AAABAB
9329511000001101,Lamotrigine 50mg tablets,9329511000001101,AMP,0408010H0AAABAB
37095311000001109,Lamotrigine 50mg tablets,37095311000001109,AMP,0408010H0AAABAB
39009611000001107,Lamotrigine 50mg tablets,39009611000001107,AMP,0408010H0AAABAB
35163611000001105,Lamotrigine 50mg tablets,35163611000001105,AMP,0408010H0AAABAB
9377011000001104,Lamotrigine 50mg tablets,9377011000001104,AMP,0408010H0AAABAB
17929811000001104,Lamotrigine 50mg tablets,17929811000001104,AMP,0408010H0AAABAB
37090511000001108,Lamotrigine 50mg tablets,37090511000001108,AMP,0408010H0AAABAB
45244711000001106,Lamotrigine 50mg tablets,45244711000001106,AMP,0408010H0AAABAB
9471911000001103,Lamotrigine 50mg tablets,9471911000001103,AMP,0408010H0AAABAB
15105511000001108,Lamotrigine 50mg tablets,15105511000001108,AMP,0408010H0AAABAB
10566211000001104,Lamotrigine 50mg tablets,10566211000001104,AMP,0408010H0AAABAB
9450911000001108,Lamotrigine 50mg tablets,9450911000001108,AMP,0408010H0AAABAB
36813311000001107,Lamotrigine 50mg tablets,36813311000001107,AMP,0408010H0AAABAB
9326811000001109,Lamotrigine 50mg tablets,9326811000001109,AMP,0408010H0AAABAB
22060111000001101,Lamotrigine 50mg tablets,22060111000001101,AMP,0408010H0AAABAB
9558811000001108,Lamotrigine 50mg tablets,9558811000001108,AMP,0408010H0AAABAB
42130911000001102,Lamotrigine 25mg tablets,42130911000001102,VMP,0408010H0AAACAC
9459011000001101,Lamotrigine 25mg tablets,9459011000001101,AMP,0408010H0AAACAC
20167011000001102,Lamotrigine 25mg tablets,20167011000001102,AMP,0408010H0AAACAC
9327411000001109,Lamotrigine 25mg tablets,9327411000001109,AMP,0408010H0AAACAC
9454111000001101,Lamotrigine 25mg tablets,9454111000001101,AMP,0408010H0AAACAC
13766411000001103,Lamotrigine 25mg tablets,13766411000001103,AMP,0408010H0AAACAC
39570211000001109,Lamotrigine 25mg tablets,39570211000001109,AMP,0408010H0AAACAC
10450811000001101,Lamotrigine 25mg tablets,10450811000001101,AMP,0408010H0AAACAC
16058511000001102,Lamotrigine 25mg tablets,16058511000001102,AMP,0408010H0AAACAC
10287011000001104,Lamotrigine 25mg tablets,10287011000001104,AMP,0408010H0AAACAC
24354811000001102,Lamotrigine 25mg tablets,24354811000001102,AMP,0408010H0AAACAC
18475911000001102,Lamotrigine 25mg tablets,18475911000001102,AMP,0408010H0AAACAC
18078411000001107,Lamotrigine 25mg tablets,18078411000001107,AMP,0408010H0AAACAC
10300211000001100,Lamotrigine 25mg tablets,10300211000001100,AMP,0408010H0AAACAC
9360411000001102,Lamotrigine 25mg tablets,9360411000001102,AMP,0408010H0AAACAC
9329311000001107,Lamotrigine 25mg tablets,9329311000001107,AMP,0408010H0AAACAC
30218211000001109,Lamotrigine 25mg tablets,30218211000001109,AMP,0408010H0AAACAC
39008911000001109,Lamotrigine 25mg tablets,39008911000001109,AMP,0408010H0AAACAC
35163411000001107,Lamotrigine 25mg tablets,35163411000001107,AMP,0408010H0AAACAC
9376811000001108,Lamotrigine 25mg tablets,9376811000001108,AMP,0408010H0AAACAC
17929611000001103,Lamotrigine 25mg tablets,17929611000001103,AMP,0408010H0AAACAC
37092211000001106,Lamotrigine 25mg tablets,37092211000001106,AMP,0408010H0AAACAC
45244911000001108,Lamotrigine 25mg tablets,45244911000001108,AMP,0408010H0AAACAC
9471711000001100,Lamotrigine 25mg tablets,9471711000001100,AMP,0408010H0AAACAC
15105211000001105,Lamotrigine 25mg tablets,15105211000001105,AMP,0408010H0AAACAC
10566011000001109,Lamotrigine 25mg tablets,10566011000001109,AMP,0408010H0AAACAC
9450711000001106,Lamotrigine 25mg tablets,9450711000001106,AMP,0408010H0AAACAC
13753711000001107,Lamotrigine 25mg tablets,13753711000001107,AMP,0408010H0AAACAC
36812911000001101,Lamotrigine 25mg tablets,36812911000001101,AMP,0408010H0AAACAC
9326611000001105,Lamotrigine 25mg tablets,9326611000001105,AMP,0408010H0AAACAC
22058811000001102,Lamotrigine 25mg tablets,22058811000001102,AMP,0408010H0AAACAC
9558611000001109,Lamotrigine 25mg tablets,9558611000001109,AMP,0408010H0AAACAC
36566611000001108,Lamotrigine 5mg dispersible tablets sugar free,36566611000001108,VMP,0408010H0AAAPAP
9458411000001102,Lamotrigine 5mg dispersible tablets sugar free,9458411000001102,AMP,0408010H0AAAPAP
11500511000001106,Lamotrigine 5mg dispersible tablets sugar free,11500511000001106,AMP,0408010H0AAAPAP
9455711000001101,Lamotrigine 5mg dispersible tablets sugar free,9455711000001101,AMP,0408010H0AAAPAP
10451611000001105,Lamotrigine 5mg dispersible tablets sugar free,10451611000001105,AMP,0408010H0AAAPAP
30060211000001101,Lamotrigine 5mg dispersible tablets sugar free,30060211000001101,AMP,0408010H0AAAPAP
10197611000001107,Lamotrigine 5mg dispersible tablets sugar free,10197611000001107,AMP,0408010H0AAAPAP
10325111000001106,Lamotrigine 5mg dispersible tablets sugar free,10325111000001106,AMP,0408010H0AAAPAP
41526311000001107,Lamotrigine 5mg dispersible tablets sugar free,41526311000001107,AMP,0408010H0AAAPAP
9328711000001102,Lamotrigine 5mg dispersible tablets sugar free,9328711000001102,AMP,0408010H0AAAPAP
30217511000001108,Lamotrigine 5mg dispersible tablets sugar free,30217511000001108,AMP,0408010H0AAAPAP
9378311000001100,Lamotrigine 5mg dispersible tablets sugar free,9378311000001100,AMP,0408010H0AAAPAP
18131211000001106,Lamotrigine 5mg dispersible tablets sugar free,18131211000001106,AMP,0408010H0AAAPAP
11532411000001102,Lamotrigine 5mg dispersible tablets sugar free,11532411000001102,AMP,0408010H0AAAPAP
15105911000001101,Lamotrigine 5mg dispersible tablets sugar free,15105911000001101,AMP,0408010H0AAAPAP
9756411000001109,Lamotrigine 5mg dispersible tablets sugar free,9756411000001109,AMP,0408010H0AAAPAP
10308711000001109,Lamotrigine 5mg dispersible tablets sugar free,10308711000001109,AMP,0408010H0AAAPAP
13753311000001108,Lamotrigine 5mg dispersible tablets sugar free,13753311000001108,AMP,0408010H0AAAPAP
22056811000001103,Lamotrigine 5mg dispersible tablets sugar free,22056811000001103,AMP,0408010H0AAAPAP
42130811000001107,Lamotrigine 25mg dispersible tablets sugar free,42130811000001107,VMP,0408010H0AAAQAQ
9458611000001104,Lamotrigine 25mg dispersible tablets sugar free,9458611000001104,AMP,0408010H0AAAQAQ
42686611000001101,Lamotrigine 25mg dispersible tablets sugar free,42686611000001101,AMP,0408010H0AAAQAQ
11500711000001101,Lamotrigine 25mg dispersible tablets sugar free,11500711000001101,AMP,0408010H0AAAQAQ
9456011000001107,Lamotrigine 25mg dispersible tablets sugar free,9456011000001107,AMP,0408010H0AAAQAQ
10451811000001109,Lamotrigine 25mg dispersible tablets sugar free,10451811000001109,AMP,0408010H0AAAQAQ
30060411000001102,Lamotrigine 25mg dispersible tablets sugar free,30060411000001102,AMP,0408010H0AAAQAQ
10197811000001106,Lamotrigine 25mg dispersible tablets sugar free,10197811000001106,AMP,0408010H0AAAQAQ
10325511000001102,Lamotrigine 25mg dispersible tablets sugar free,10325511000001102,AMP,0408010H0AAAQAQ
9328911000001100,Lamotrigine 25mg dispersible tablets sugar free,9328911000001100,AMP,0408010H0AAAQAQ
30217811000001106,Lamotrigine 25mg dispersible tablets sugar free,30217811000001106,AMP,0408010H0AAAQAQ
38770411000001109,Lamotrigine 25mg dispersible tablets sugar free,38770411000001109,AMP,0408010H0AAAQAQ
9378511000001106,Lamotrigine 25mg dispersible tablets sugar free,9378511000001106,AMP,0408010H0AAAQAQ
18132011000001109,Lamotrigine 25mg dispersible tablets sugar free,18132011000001109,AMP,0408010H0AAAQAQ
11532611000001104,Lamotrigine 25mg dispersible tablets sugar free,11532611000001104,AMP,0408010H0AAAQAQ
15104811000001105,Lamotrigine 25mg dispersible tablets sugar free,15104811000001105,AMP,0408010H0AAAQAQ
9756611000001107,Lamotrigine 25mg dispersible tablets sugar free,9756611000001107,AMP,0408010H0AAAQAQ
9451811000001106,Lamotrigine 25mg dispersible tablets sugar free,9451811000001106,AMP,0408010H0AAAQAQ
13753511000001102,Lamotrigine 25mg dispersible tablets sugar free,13753511000001102,AMP,0408010H0AAAQAQ
13436711000001105,Lamotrigine 25mg dispersible tablets sugar free,13436711000001105,AMP,0408010H0AAAQAQ
22057311000001105,Lamotrigine 25mg dispersible tablets sugar free,22057311000001105,AMP,0408010H0AAAQAQ
9868011000001106,Lamotrigine 25mg dispersible tablets sugar free,9868011000001106,AMP,0408010H0AAAQAQ
45991911000001100,Lamotrigine 25mg dispersible tablets sugar free,45991911000001100,AMP,0408010H0AAAQAQ
42130511000001109,Lamotrigine 100mg dispersible tablets sugar free,42130511000001109,VMP,0408010H0AAAWAW
9458811000001100,Lamotrigine 100mg dispersible tablets sugar free,9458811000001100,AMP,0408010H0AAAWAW
42756811000001104,Lamotrigine 100mg dispersible tablets sugar free,42756811000001104,AMP,0408010H0AAAWAW
11500911000001104,Lamotrigine 100mg dispersible tablets sugar free,11500911000001104,AMP,0408010H0AAAWAW
9456311000001105,Lamotrigine 100mg dispersible tablets sugar free,9456311000001105,AMP,0408010H0AAAWAW
10452011000001106,Lamotrigine 100mg dispersible tablets sugar free,10452011000001106,AMP,0408010H0AAAWAW
30060611000001104,Lamotrigine 100mg dispersible tablets sugar free,30060611000001104,AMP,0408010H0AAAWAW
10198011000001104,Lamotrigine 100mg dispersible tablets sugar free,10198011000001104,AMP,0408010H0AAAWAW
10325311000001108,Lamotrigine 100mg dispersible tablets sugar free,10325311000001108,AMP,0408010H0AAAWAW
9329111000001105,Lamotrigine 100mg dispersible tablets sugar free,9329111000001105,AMP,0408010H0AAAWAW
30218011000001104,Lamotrigine 100mg dispersible tablets sugar free,30218011000001104,AMP,0408010H0AAAWAW
39007911000001108,Lamotrigine 100mg dispersible tablets sugar free,39007911000001108,AMP,0408010H0AAAWAW
38770711000001103,Lamotrigine 100mg dispersible tablets sugar free,38770711000001103,AMP,0408010H0AAAWAW
9378711000001101,Lamotrigine 100mg dispersible tablets sugar free,9378711000001101,AMP,0408010H0AAAWAW
18132211000001104,Lamotrigine 100mg dispersible tablets sugar free,18132211000001104,AMP,0408010H0AAAWAW
11532811000001100,Lamotrigine 100mg dispersible tablets sugar free,11532811000001100,AMP,0408010H0AAAWAW
15104211000001109,Lamotrigine 100mg dispersible tablets sugar free,15104211000001109,AMP,0408010H0AAAWAW
9756911000001101,Lamotrigine 100mg dispersible tablets sugar free,9756911000001101,AMP,0408010H0AAAWAW
9452011000001108,Lamotrigine 100mg dispersible tablets sugar free,9452011000001108,AMP,0408010H0AAAWAW
13436911000001107,Lamotrigine 100mg dispersible tablets sugar free,13436911000001107,AMP,0408010H0AAAWAW
22057911000001106,Lamotrigine 100mg dispersible tablets sugar free,22057911000001106,AMP,0408010H0AAAWAW
9869111000001100,Lamotrigine 100mg dispersible tablets sugar free,9869111000001100,AMP,0408010H0AAAWAW
45992111000001108,Lamotrigine 100mg dispersible tablets sugar free,45992111000001108,AMP,0408010H0AAAWAW
12644411000001102,Lamotrigine 15mg/5ml oral solution,12644411000001102,VMP,0408010H0AAAZAZ
12644511000001103,Lamotrigine 15mg/5ml oral suspension,12644511000001103,VMP,0408010H0AAAZAZ
12601511000001106,Lamotrigine 15mg/5ml oral solution,12601511000001106,AMP,0408010H0AAAZAZ
12601011000001103,Lamotrigine 15mg/5ml oral suspension,12601011000001103,AMP,0408010H0AAAZAZ
12645211000001100,Lamotrigine 5mg/5ml oral solution,12645211000001100,VMP,0408010H0AABEBE
12645311000001108,Lamotrigine 5mg/5ml oral suspension,12645311000001108,VMP,0408010H0AABEBE
12607111000001109,Lamotrigine 5mg/5ml oral solution,12607111000001109,AMP,0408010H0AABEBE
12606811000001104,Lamotrigine 5mg/5ml oral suspension,12606811000001104,AMP,0408010H0AABEBE
12644611000001104,Lamotrigine 200mg/5ml oral solution,12644611000001104,VMP,0408010H0AABGBG
12644711000001108,Lamotrigine 200mg/5ml oral suspension,12644711000001108,VMP,0408010H0AABGBG
12602511000001103,Lamotrigine 200mg/5ml oral solution,12602511000001103,AMP,0408010H0AABGBG
12602211000001101,Lamotrigine 200mg/5ml oral suspension,12602211000001101,AMP,0408010H0AABGBG
36037711000001108,Lamotrigine 2mg dispersible tablets sugar free,36037711000001108,VMP,0408010H0AABJBJ
9455411000001107,Lamotrigine 2mg dispersible tablets sugar free,9455411000001107,AMP,0408010H0AABJBJ
9756211000001105,Lamotrigine 2mg dispersible tablets sugar free,9756211000001105,AMP,0408010H0AABJBJ
12644211000001101,Lamotrigine 1.5mg/5ml oral solution,12644211000001101,VMP,0408010H0AABMBM
12644311000001109,Lamotrigine 1.5mg/5ml oral suspension,12644311000001109,VMP,0408010H0AABMBM
12595511000001100,Lamotrigine 1.5mg/5ml oral solution,12595511000001100,AMP,0408010H0AABMBM
12594311000001107,Lamotrigine 1.5mg/5ml oral suspension,12594311000001107,AMP,0408010H0AABMBM
8582511000001103,Lamotrigine 20mg/5ml oral suspension,8582511000001103,VMP,0408010H0AABNBN
8564711000001101,Lamotrigine 20mg/5ml oral suspension,8564711000001101,AMP,0408010H0AABNBN
10225811000001107,Lamotrigine 50mg dispersible tablets sugar free,10225811000001107,VMP,0408010H0AABPBP
10205211000001102,Lamotrigine 50mg dispersible tablets sugar free,10205211000001102,AMP,0408010H0AABPBP
45992511000001104,Lamotrigine 50mg dispersible tablets sugar free,45992511000001104,AMP,0408010H0AABPBP
10225711000001104,Lamotrigine 200mg dispersible tablets sugar free,10225711000001104,VMP,0408010H0AABQBQ
10204511000001100,Lamotrigine 200mg dispersible tablets sugar free,10204511000001100,AMP,0408010H0AABQBQ
45992311000001105,Lamotrigine 200mg dispersible tablets sugar free,45992311000001105,AMP,0408010H0AABQBQ
14055611000001100,Lamotrigine 25mg/5ml oral solution,14055611000001100,VMP,0408010H0AABRBR
14055811000001101,Lamotrigine 25mg/5ml oral suspension,14055811000001101,VMP,0408010H0AABRBR
14028211000001108,Lamotrigine 25mg/5ml oral solution,14028211000001108,AMP,0408010H0AABRBR
14028511000001106,Lamotrigine 25mg/5ml oral suspension,14028511000001106,AMP,0408010H0AABRBR
16074711000001101,Lamotrigine 1.7mg/5ml oral solution,16074711000001101,VMP,0408010H0AABSBS
16074811000001109,Lamotrigine 1.7mg/5ml oral suspension,16074811000001109,VMP,0408010H0AABSBS
16045911000001101,Lamotrigine 1.7mg/5ml oral solution,16045911000001101,AMP,0408010H0AABSBS
16046611000001102,Lamotrigine 1.7mg/5ml oral suspension,16046611000001102,AMP,0408010H0AABSBS
15410911000001109,Lamotrigine 60mg/5ml oral solution,15410911000001109,VMP,0408010H0AABTBT
15411011000001101,Lamotrigine 60mg/5ml oral suspension,15411011000001101,VMP,0408010H0AABTBT
15409111000001103,Lamotrigine 60mg/5ml oral solution,15409111000001103,AMP,0408010H0AABTBT
15409411000001108,Lamotrigine 60mg/5ml oral suspension,15409411000001108,AMP,0408010H0AABTBT
32877611000001102,Lamotrigine 10mg/5ml oral suspension,32877611000001102,VMP,0408010H0AABUBU
32863111000001108,Lamotrigine 10mg/5ml oral suspension,32863111000001108,AMP,0408010H0AABUBU
32877711000001106,Lamotrigine 70mg/5ml oral suspension,32877711000001106,VMP,0408010H0AABVBV
32862811000001109,Lamotrigine 70mg/5ml oral suspension,32862811000001109,AMP,0408010H0AABVBV
42768711000001104,Lamotrigine 10mg/ml oral suspension sugar free,42768711000001104,VMP,0408010H0AABWBW
42896711000001103,Lamotrigine 10mg/ml oral suspension sugar free,42896711000001103,AMP,0408010H0AABWBW
42751111000001102,Lamotrigine 10mg/ml oral suspension sugar free,42751111000001102,AMP,0408010H0AABWBW
2927711000001103,Lamictal 50mg tablets,2927711000001103,AMP,0408010H0BBAAAB
2928811000001105,Lamictal 100mg tablets,2928811000001105,AMP,0408010H0BBABAA
2925811000001101,Lamictal 25mg tablets,2925811000001101,AMP,0408010H0BBACAC
3145811000001106,Lamictal 5mg dispersible tablets,3145811000001106,AMP,0408010H0BBADAP
3146411000001100,Lamictal 25mg dispersible tablets,3146411000001100,AMP,0408010H0BBAEAQ
3147211000001102,Lamictal 100mg dispersible tablets,3147211000001102,AMP,0408010H0BBAFAW
3145211000001105,Lamictal 200mg tablets,3145211000001105,AMP,0408010H0BBAGA1
4021611000001103,Lamictal 2mg dispersible tablets,4021611000001103,AMP,0408010H0BBAKBJ
42128711000001100,Ethosuximide 250mg capsules,42128711000001100,VMP,0408010I0AAAAAA
11529111000001100,Ethosuximide 250mg capsules,11529111000001100,AMP,0408010I0AAAAAA
37655411000001104,Ethosuximide 250mg capsules,37655411000001104,AMP,0408010I0AAAAAA
11529811000001107,Ethosuximide 250mg capsules,11529811000001107,AMP,0408010I0AAAAAA
38930211000001100,Ethosuximide 250mg capsules,38930211000001100,AMP,0408010I0AAAAAA
40345111000001106,Ethosuximide 250mg capsules,40345111000001106,AMP,0408010I0AAAAAA
14943011000001100,Ethosuximide 250mg capsules,14943011000001100,AMP,0408010I0AAAAAA
38901911000001109,Ethosuximide 250mg capsules,38901911000001109,AMP,0408010I0AAAAAA
37764211000001103,Ethosuximide 250mg capsules,37764211000001103,AMP,0408010I0AAAAAA
46057311000001109,Ethosuximide 250mg capsules,46057311000001109,AMP,0408010I0AAAAAA
37983011000001102,Ethosuximide 250mg capsules,37983011000001102,AMP,0408010I0AAAAAA
42128811000001108,Ethosuximide 250mg/5ml oral solution,42128811000001108,VMP,0408010I0AAABAB
46055311000001101,Ethosuximide 250mg/5ml oral solution,46055311000001101,AMP,0408010I0AAABAB
34327611000001105,Ethosuximide 250mg/5ml syrup,34327611000001105,AMP,0408010I0AAABAB
39334711000001109,Ethosuximide 250mg/5ml syrup,39334711000001109,AMP,0408010I0AAABAB
34195511000001104,Ethosuximide 250mg/5ml syrup,34195511000001104,AMP,0408010I0AAABAB
40344211000001101,Ethosuximide 250mg/5ml syrup,40344211000001101,AMP,0408010I0AAABAB
33493711000001109,Ethosuximide 250mg/5ml syrup,33493711000001109,AMP,0408010I0AAABAB
38901711000001107,Ethosuximide 250mg/5ml syrup,38901711000001107,AMP,0408010I0AAABAB
36107311000001106,Ethosuximide 250mg/5ml oral solution sugar free,36107311000001106,VMP,0408010I0AAAKAK
36824011000001101,Ethosuximide 250mg/5ml oral solution sugar free,36824011000001101,AMP,0408010I0AAAKAK
36866411000001109,Ethosuximide 250mg/5ml oral solution sugar free,36866411000001109,AMP,0408010I0AAAKAK
37940711000001101,Ethosuximide 250mg/5ml oral solution sugar free,37940711000001101,AMP,0408010I0AAAKAK
35890411000001106,Ethosuximide 250mg/5ml oral solution sugar free,35890411000001106,AMP,0408010I0AAAKAK
42937011000001103,Ethosuximide 250mg/5ml oral solution sugar free,42937011000001103,AMP,0408010I0AAAKAK
38902111000001101,Ethosuximide 250mg/5ml oral solution sugar free,38902111000001101,AMP,0408010I0AAAKAK
37830511000001104,Ethosuximide 250mg/5ml oral solution sugar free,37830511000001104,AMP,0408010I0AAAKAK
42368411000001106,Ethosuximide 250mg/5ml oral solution sugar free,42368411000001106,AMP,0408010I0AAAKAK
40597911000001106,Ethosuximide 250mg/5ml oral solution sugar free,40597911000001106,AMP,0408010I0AAAKAK
117311000001105,Emeside 250mg capsules,117311000001105,AMP,0408010I0BBAAAA
364611000001102,Emeside 250mg/5ml syrup,364611000001102,AMP,0408010I0BBABAB
767111000001104,Zarontin 250mg capsules,767111000001104,AMP,0408010I0BCAAAA
782711000001103,Zarontin 250mg/5ml syrup,782711000001103,AMP,0408010I0BCABAB
40020211000001105,Epesri 250mg capsules,40020211000001105,AMP,0408010I0BDAAAA
42132211000001107,Mesuximide 300mg capsules,42132211000001107,VMP,0408010K0AAAAAA
4642811000001103,Celontin 300mg Kapseals,4642811000001103,AMP,0408010K0BBAAAA
38062211000001103,Petinutin 300mg capsules,38062211000001103,AMP,0408010K0BCAAAA
12425011000001109,Phenobarbital 10mg capsules,12425011000001109,VMP,0408010N0AAA7A7
12365311000001106,Phenobarbital 10mg capsules,12365311000001106,AMP,0408010N0AAA7A7
42133811000001100,Phenobarbital 15mg/5ml elixir,42133811000001100,VMP,0408010N0AAACAC
4196611000001108,Phenobarbital 15mg/5ml elixir,4196611000001108,AMP,0408010N0AAACAC
4197311000001100,Phenobarbital 15mg/5ml elixir,4197311000001100,AMP,0408010N0AAACAC
4196911000001102,Phenobarbital 15mg/5ml elixir,4196911000001102,AMP,0408010N0AAACAC
42133711000001108,Phenobarbital 15mg tablets,42133711000001108,VMP,0408010N0AAAIAI
548211000001104,Phenobarbital 15mg tablets,548211000001104,AMP,0408010N0AAAIAI
32498111000001107,Phenobarbital 15mg tablets,32498111000001107,AMP,0408010N0AAAIAI
569811000001102,Phenobarbital 15mg tablets,569811000001102,AMP,0408010N0AAAIAI
21039111000001100,Phenobarbital 15mg tablets,21039111000001100,AMP,0408010N0AAAIAI
30076311000001104,Phenobarbital 15mg tablets,30076311000001104,AMP,0408010N0AAAIAI
56811000001101,Phenobarbital 15mg tablets,56811000001101,AMP,0408010N0AAAIAI
37126711000001102,Phenobarbital 15mg tablets,37126711000001102,AMP,0408010N0AAAIAI
39186211000001108,Phenobarbital 15mg tablets,39186211000001108,AMP,0408010N0AAAIAI
29984311000001109,Phenobarbital 15mg tablets,29984311000001109,AMP,0408010N0AAAIAI
451611000001101,Phenobarbital 15mg tablets,451611000001101,AMP,0408010N0AAAIAI
227011000001103,Phenobarbital 15mg tablets,227011000001103,AMP,0408010N0AAAIAI
42133911000001105,Phenobarbital 30mg tablets,42133911000001105,VMP,0408010N0AAAJAJ
240511000001105,Phenobarbital 30mg tablets,240511000001105,AMP,0408010N0AAAJAJ
918411000001102,Phenobarbital 30mg tablets,918411000001102,AMP,0408010N0AAAJAJ
896911000001104,Phenobarbital 30mg tablets,896911000001104,AMP,0408010N0AAAJAJ
17964111000001104,Phenobarbital 30mg tablets,17964111000001104,AMP,0408010N0AAAJAJ
10431011000001102,Phenobarbital 30mg tablets,10431011000001102,AMP,0408010N0AAAJAJ
21039311000001103,Phenobarbital 30mg tablets,21039311000001103,AMP,0408010N0AAAJAJ
30076511000001105,Phenobarbital 30mg tablets,30076511000001105,AMP,0408010N0AAAJAJ
187111000001106,Phenobarbital 30mg tablets,187111000001106,AMP,0408010N0AAAJAJ
37126911000001100,Phenobarbital 30mg tablets,37126911000001100,AMP,0408010N0AAAJAJ
39186411000001107,Phenobarbital 30mg tablets,39186411000001107,AMP,0408010N0AAAJAJ
29984511000001103,Phenobarbital 30mg tablets,29984511000001103,AMP,0408010N0AAAJAJ
30811000001102,Phenobarbital 30mg tablets,30811000001102,AMP,0408010N0AAAJAJ
21846411000001103,Phenobarbital 30mg tablets,21846411000001103,AMP,0408010N0AAAJAJ
42134011000001108,Phenobarbital 60mg tablets,42134011000001108,VMP,0408010N0AAALAL
566911000001103,Phenobarbital 60mg tablets,566911000001103,AMP,0408010N0AAALAL
563311000001108,Phenobarbital 60mg tablets,563311000001108,AMP,0408010N0AAALAL
205411000001108,Phenobarbital 60mg tablets,205411000001108,AMP,0408010N0AAALAL
10431411000001106,Phenobarbital 60mg tablets,10431411000001106,AMP,0408010N0AAALAL
21039511000001109,Phenobarbital 60mg tablets,21039511000001109,AMP,0408010N0AAALAL
30076711000001100,Phenobarbital 60mg tablets,30076711000001100,AMP,0408010N0AAALAL
176211000001108,Phenobarbital 60mg tablets,176211000001108,AMP,0408010N0AAALAL
37127111000001100,Phenobarbital 60mg tablets,37127111000001100,AMP,0408010N0AAALAL
39186611000001105,Phenobarbital 60mg tablets,39186611000001105,AMP,0408010N0AAALAL
29984711000001108,Phenobarbital 60mg tablets,29984711000001108,AMP,0408010N0AAALAL
304111000001109,Phenobarbital 60mg tablets,304111000001109,AMP,0408010N0AAALAL
21846611000001100,Phenobarbital 60mg tablets,21846611000001100,AMP,0408010N0AAALAL
12299411000001108,Phenobarbital 100mg tablets,12299411000001108,VMP,0408010N0AAAMAM
12248411000001109,Phenobarbital 100mg tablets,12248411000001109,AMP,0408010N0AAAMAM
12299311000001101,Phenobarbital 100mg capsules,12299311000001101,VMP,0408010N0AAASAS
12247811000001107,Phenobarbital 100mg capsules,12247811000001107,AMP,0408010N0AAASAS
12425511000001101,Phenobarbital 60mg capsules,12425511000001101,VMP,0408010N0AAAVAV
12368811000001106,Phenobarbital 60mg capsules,12368811000001106,AMP,0408010N0AAAVAV
12425411000001100,Phenobarbital 50mg capsules,12425411000001100,VMP,0408010N0AAAXAX
12366711000001102,Phenobarbital 50mg capsules,12366711000001102,AMP,0408010N0AAAXAX
12425111000001105,Phenobarbital 25mg capsules,12425111000001105,VMP,0408010N0AAAZAZ
12365711000001105,Phenobarbital 25mg capsules,12365711000001105,AMP,0408010N0AAAZAZ
8800911000001106,Phenobarbital 50mg/5ml oral solution,8800911000001106,VMP,0408010N0AACLCL
8789511000001106,Phenobarbital 50mg/5ml oral solution,8789511000001106,AMP,0408010N0AACLCL
12187911000001109,Phenobarbital 200mg/5ml oral solution,12187911000001109,VMP,0408010N0AACMCM
12188011000001106,Phenobarbital 200mg/5ml oral suspension,12188011000001106,VMP,0408010N0AACMCM
12160111000001108,Phenobarbital 200mg/5ml oral solution,12160111000001108,AMP,0408010N0AACMCM
12159511000001103,Phenobarbital 200mg/5ml oral suspension,12159511000001103,AMP,0408010N0AACMCM
12299511000001107,Phenobarbital 100mg/5ml oral solution,12299511000001107,VMP,0408010N0AACNCN
12299611000001106,Phenobarbital 100mg/5ml oral suspension,12299611000001106,VMP,0408010N0AACNCN
12249711000001107,Phenobarbital 100mg/5ml oral solution,12249711000001107,AMP,0408010N0AACNCN
12249111000001106,Phenobarbital 100mg/5ml oral suspension,12249111000001106,AMP,0408010N0AACNCN
12214011000001101,Phenobarbital 75mg/5ml oral solution,12214011000001101,VMP,0408010N0AACPCP
12214111000001100,Phenobarbital 75mg/5ml oral suspension,12214111000001100,VMP,0408010N0AACPCP
12208711000001109,Phenobarbital 75mg/5ml oral solution,12208711000001109,AMP,0408010N0AACPCP
12208411000001103,Phenobarbital 75mg/5ml oral suspension,12208411000001103,AMP,0408010N0AACPCP
12191911000001102,Phenobarbital 62.5mg/5ml oral solution,12191911000001102,VMP,0408010N0AACQCQ
12192011000001109,Phenobarbital 62.5mg/5ml oral suspension,12192011000001109,VMP,0408010N0AACQCQ
12174711000001105,Phenobarbital 62.5mg/5ml oral solution,12174711000001105,AMP,0408010N0AACQCQ
12173811000001100,Phenobarbital 62.5mg/5ml oral suspension,12173811000001100,AMP,0408010N0AACQCQ
12189511000001109,Phenobarbital 30mg/5ml oral solution,12189511000001109,VMP,0408010N0AACRCR
12189611000001108,Phenobarbital 30mg/5ml oral suspension,12189611000001108,VMP,0408010N0AACRCR
12169211000001109,Phenobarbital 30mg/5ml oral solution,12169211000001109,AMP,0408010N0AACRCR
12168911000001108,Phenobarbital 30mg/5ml oral suspension,12168911000001108,AMP,0408010N0AACRCR
12190811000001104,Phenobarbital 45mg/5ml oral solution,12190811000001104,VMP,0408010N0AACSCS
12191011000001101,Phenobarbital 45mg/5ml oral suspension,12191011000001101,VMP,0408010N0AACSCS
12178011000001104,Phenobarbital 45mg/5ml oral solution,12178011000001104,AMP,0408010N0AACSCS
12177411000001109,Phenobarbital 45mg/5ml oral suspension,12177411000001109,AMP,0408010N0AACSCS
12189311000001103,Phenobarbital 300mg/5ml oral solution,12189311000001103,VMP,0408010N0AACTCT
12189411000001105,Phenobarbital 300mg/5ml oral suspension,12189411000001105,VMP,0408010N0AACTCT
12168311000001107,Phenobarbital 300mg/5ml oral solution,12168311000001107,AMP,0408010N0AACTCT
12168011000001109,Phenobarbital 300mg/5ml oral suspension,12168011000001109,AMP,0408010N0AACTCT
12186611000001100,Phenobarbital 10mg/5ml oral solution,12186611000001100,VMP,0408010N0AACUCU
12186711000001109,Phenobarbital 10mg/5ml oral suspension,12186711000001109,VMP,0408010N0AACUCU
12152911000001100,Phenobarbital 10mg/5ml oral solution,12152911000001100,AMP,0408010N0AACUCU
12152511000001107,Phenobarbital 10mg/5ml oral suspension,12152511000001107,AMP,0408010N0AACUCU
12213211000001108,Phenobarbital 25mg/5ml oral suspension,12213211000001108,VMP,0408010N0AACWCW
12206011000001108,Phenobarbital 25mg/5ml oral suspension,12206011000001108,AMP,0408010N0AACWCW
12212711000001109,Phenobarbital 125mg/5ml oral solution,12212711000001109,VMP,0408010N0AACXCX
12212811000001101,Phenobarbital 125mg/5ml oral suspension,12212811000001101,VMP,0408010N0AACXCX
12204211000001108,Phenobarbital 125mg/5ml oral solution,12204211000001108,AMP,0408010N0AACXCX
12203911000001101,Phenobarbital 125mg/5ml oral suspension,12203911000001101,AMP,0408010N0AACXCX
12188111000001107,Phenobarbital 20mg/5ml oral solution,12188111000001107,VMP,0408010N0AACYCY
12188211000001101,Phenobarbital 20mg/5ml oral suspension,12188211000001101,VMP,0408010N0AACYCY
12161111000001102,Phenobarbital 20mg/5ml oral solution,12161111000001102,AMP,0408010N0AACYCY
12160811000001101,Phenobarbital 20mg/5ml oral suspension,12160811000001101,AMP,0408010N0AACYCY
12187211000001100,Phenobarbital 150mg/5ml oral solution,12187211000001100,VMP,0408010N0AADADA
12187311000001108,Phenobarbital 150mg/5ml oral suspension,12187311000001108,VMP,0408010N0AADADA
12157111000001101,Phenobarbital 150mg/5ml oral solution,12157111000001101,AMP,0408010N0AADADA
12156711000001103,Phenobarbital 150mg/5ml oral suspension,12156711000001103,AMP,0408010N0AADADA
12193111000001104,Phenobarbital 85mg/5ml oral solution,12193111000001104,VMP,0408010N0AADCDC
12193211000001105,Phenobarbital 85mg/5ml oral suspension,12193211000001105,VMP,0408010N0AADCDC
12180311000001107,Phenobarbital 85mg/5ml oral solution,12180311000001107,AMP,0408010N0AADCDC
12180011000001109,Phenobarbital 85mg/5ml oral suspension,12180011000001109,AMP,0408010N0AADCDC
12188511000001103,Phenobarbital 225mg/5ml oral solution,12188511000001103,VMP,0408010N0AADFDF
12188611000001104,Phenobarbital 225mg/5ml oral suspension,12188611000001104,VMP,0408010N0AADFDF
12164811000001106,Phenobarbital 225mg/5ml oral solution,12164811000001106,AMP,0408010N0AADFDF
12163811000001108,Phenobarbital 225mg/5ml oral suspension,12163811000001108,AMP,0408010N0AADFDF
12186811000001101,Phenobarbital 12.5mg/5ml oral solution,12186811000001101,VMP,0408010N0AADGDG
12186911000001106,Phenobarbital 12.5mg/5ml oral suspension,12186911000001106,VMP,0408010N0AADGDG
12162611000001104,Phenobarbital 12.5mg/5ml oral solution,12162611000001104,AMP,0408010N0AADGDG
12153711000001105,Phenobarbital 12.5mg/5ml oral suspension,12153711000001105,AMP,0408010N0AADGDG
12192511000001101,Phenobarbital 70mg/5ml oral solution,12192511000001101,VMP,0408010N0AADHDH
12192611000001102,Phenobarbital 70mg/5ml oral suspension,12192611000001102,VMP,0408010N0AADHDH
12166511000001102,Phenobarbital 70mg/5ml oral solution,12166511000001102,AMP,0408010N0AADHDH
12165911000001102,Phenobarbital 70mg/5ml oral suspension,12165911000001102,AMP,0408010N0AADHDH
12188911000001105,Phenobarbital 250mg/5ml oral solution,12188911000001105,VMP,0408010N0AADIDI
12189011000001101,Phenobarbital 250mg/5ml oral suspension,12189011000001101,VMP,0408010N0AADIDI
12166711000001107,Phenobarbital 250mg/5ml oral solution,12166711000001107,AMP,0408010N0AADIDI
12166211000001100,Phenobarbital 250mg/5ml oral suspension,12166211000001100,AMP,0408010N0AADIDI
12213511000001106,Phenobarbital 5mg/5ml oral solution,12213511000001106,VMP,0408010N0AADJDJ
12213711000001101,Phenobarbital 5mg/5ml oral suspension,12213711000001101,VMP,0408010N0AADJDJ
12208111000001108,Phenobarbital 5mg/5ml oral solution,12208111000001108,AMP,0408010N0AADJDJ
12207511000001103,Phenobarbital 5mg/5ml oral suspension,12207511000001103,AMP,0408010N0AADJDJ
12190511000001102,Phenobarbital 42mg/5ml oral solution,12190511000001102,VMP,0408010N0AADKDK
12190611000001103,Phenobarbital 42mg/5ml oral suspension,12190611000001103,VMP,0408010N0AADKDK
12176111000001102,Phenobarbital 42mg/5ml oral solution,12176111000001102,AMP,0408010N0AADKDK
12175611000001100,Phenobarbital 42mg/5ml oral suspension,12175611000001100,AMP,0408010N0AADKDK
12193311000001102,Phenobarbital 9.5mg/5ml oral solution,12193311000001102,VMP,0408010N0AADLDL
12193411000001109,Phenobarbital 9.5mg/5ml oral suspension,12193411000001109,VMP,0408010N0AADLDL
12181511000001108,Phenobarbital 9.5mg/5ml oral solution,12181511000001108,AMP,0408010N0AADLDL
12180911000001108,Phenobarbital 9.5mg/5ml oral suspension,12180911000001108,AMP,0408010N0AADLDL
12212911000001106,Phenobarbital 15mg/5ml oral solution,12212911000001106,VMP,0408010N0AADMDM
12213011000001103,Phenobarbital 15mg/5ml oral suspension,12213011000001103,VMP,0408010N0AADMDM
12205211000001109,Phenobarbital 15mg/5ml oral solution,12205211000001109,AMP,0408010N0AADMDM
12204911000001104,Phenobarbital 15mg/5ml oral suspension,12204911000001104,AMP,0408010N0AADMDM
12191511000001109,Phenobarbital 55mg/5ml oral solution,12191511000001109,VMP,0408010N0AADNDN
12191611000001108,Phenobarbital 55mg/5ml oral suspension,12191611000001108,VMP,0408010N0AADNDN
12179211000001104,Phenobarbital 55mg/5ml oral solution,12179211000001104,AMP,0408010N0AADNDN
12178111000001103,Phenobarbital 55mg/5ml oral suspension,12178111000001103,AMP,0408010N0AADNDN
12191311000001103,Phenobarbital 500mg/5ml oral solution,12191311000001103,VMP,0408010N0AADQDQ
12191411000001105,Phenobarbital 500mg/5ml oral suspension,12191411000001105,VMP,0408010N0AADQDQ
12182211000001103,Phenobarbital 500mg/5ml oral solution,12182211000001103,AMP,0408010N0AADQDQ
12181211000001105,Phenobarbital 500mg/5ml oral suspension,12181211000001105,AMP,0408010N0AADQDQ
12190711000001107,Phenobarbital 450mg/5ml oral solution,12190711000001107,VMP,0408010N0AADSDS
12190911000001109,Phenobarbital 450mg/5ml oral suspension,12190911000001109,VMP,0408010N0AADSDS
12176711000001101,Phenobarbital 450mg/5ml oral solution,12176711000001101,AMP,0408010N0AADSDS
12176411000001107,Phenobarbital 450mg/5ml oral suspension,12176411000001107,AMP,0408010N0AADSDS
12191111000001100,Phenobarbital 46.67mg/5ml oral solution,12191111000001100,VMP,0408010N0AADTDT
12191211000001106,Phenobarbital 46.67mg/5ml oral suspension,12191211000001106,VMP,0408010N0AADTDT
12179311000001107,Phenobarbital 46.67mg/5ml oral solution,12179311000001107,AMP,0408010N0AADTDT
12178511000001107,Phenobarbital 46.67mg/5ml oral suspension,12178511000001107,AMP,0408010N0AADTDT
12191711000001104,Phenobarbital 60mg/5ml oral solution,12191711000001104,VMP,0408010N0AADWDW
12191811000001107,Phenobarbital 60mg/5ml oral suspension,12191811000001107,VMP,0408010N0AADWDW
12177011000001100,Phenobarbital 60mg/5ml oral solution,12177011000001100,AMP,0408010N0AADWDW
12175711000001109,Phenobarbital 60mg/5ml oral suspension,12175711000001109,AMP,0408010N0AADWDW
12189111000001100,Phenobarbital 28.5mg/5ml oral solution,12189111000001100,VMP,0408010N0AADXDX
12189211000001106,Phenobarbital 28.5mg/5ml oral suspension,12189211000001106,VMP,0408010N0AADXDX
12167511000001100,Phenobarbital 28.5mg/5ml oral solution,12167511000001100,AMP,0408010N0AADXDX
12167111000001109,Phenobarbital 28.5mg/5ml oral suspension,12167111000001109,AMP,0408010N0AADXDX
12190111000001106,Phenobarbital 37.5mg/5ml oral solution,12190111000001106,VMP,0408010N0AADZDZ
12190211000001100,Phenobarbital 37.5mg/5ml oral suspension,12190211000001100,VMP,0408010N0AADZDZ
12173411000001102,Phenobarbital 37.5mg/5ml oral solution,12173411000001102,AMP,0408010N0AADZDZ
12172511000001105,Phenobarbital 37.5mg/5ml oral suspension,12172511000001105,AMP,0408010N0AADZDZ
12193511000001108,Phenobarbital 90mg/5ml oral solution,12193511000001108,VMP,0408010N0AAEAEA
12193611000001107,Phenobarbital 90mg/5ml oral suspension,12193611000001107,VMP,0408010N0AAEAEA
12183111000001103,Phenobarbital 90mg/5ml oral solution,12183111000001103,AMP,0408010N0AAEAEA
12182711000001105,Phenobarbital 90mg/5ml oral suspension,12182711000001105,AMP,0408010N0AAEAEA
12190311000001108,Phenobarbital 40mg/5ml oral solution,12190311000001108,VMP,0408010N0AAECEC
12190411000001101,Phenobarbital 40mg/5ml oral suspension,12190411000001101,VMP,0408010N0AAECEC
12174311000001106,Phenobarbital 40mg/5ml oral solution,12174311000001106,AMP,0408010N0AAECEC
12173911000001105,Phenobarbital 40mg/5ml oral suspension,12173911000001105,AMP,0408010N0AAECEC
12188311000001109,Phenobarbital 21mg/5ml oral solution,12188311000001109,VMP,0408010N0AAEDED
12188411000001102,Phenobarbital 21mg/5ml oral suspension,12188411000001102,VMP,0408010N0AAEDED
12163311000001104,Phenobarbital 21mg/5ml oral solution,12163311000001104,AMP,0408010N0AAEDED
12162911000001105,Phenobarbital 21mg/5ml oral suspension,12162911000001105,AMP,0408010N0AAEDED
12189911000001102,Phenobarbital 35mg/5ml oral solution,12189911000001102,VMP,0408010N0AAEEEE
12190011000001105,Phenobarbital 35mg/5ml oral suspension,12190011000001105,VMP,0408010N0AAEEEE
12171611000001103,Phenobarbital 35mg/5ml oral solution,12171611000001103,AMP,0408010N0AAEEEE
12171311000001108,Phenobarbital 35mg/5ml oral suspension,12171311000001108,AMP,0408010N0AAEEEE
12188711000001108,Phenobarbital 247.5mg/5ml oral solution,12188711000001108,VMP,0408010N0AAEFEF
12188811000001100,Phenobarbital 247.5mg/5ml oral suspension,12188811000001100,VMP,0408010N0AAEFEF
12165611000001108,Phenobarbital 247.5mg/5ml oral solution,12165611000001108,AMP,0408010N0AAEFEF
12165311000001103,Phenobarbital 247.5mg/5ml oral suspension,12165311000001103,AMP,0408010N0AAEFEF
12189711000001104,Phenobarbital 34mg/5ml oral solution,12189711000001104,VMP,0408010N0AAEGEG
12189811000001107,Phenobarbital 34mg/5ml oral suspension,12189811000001107,VMP,0408010N0AAEGEG
12170711000001104,Phenobarbital 34mg/5ml oral solution,12170711000001104,AMP,0408010N0AAEGEG
12169911000001100,Phenobarbital 34mg/5ml oral suspension,12169911000001100,AMP,0408010N0AAEGEG
12187511000001102,Phenobarbital 18mg/5ml oral solution,12187511000001102,VMP,0408010N0AAEHEH
12187611000001103,Phenobarbital 18mg/5ml oral suspension,12187611000001103,VMP,0408010N0AAEHEH
12157811000001108,Phenobarbital 18mg/5ml oral solution,12157811000001108,AMP,0408010N0AAEHEH
12157411000001106,Phenobarbital 18mg/5ml oral suspension,12157411000001106,AMP,0408010N0AAEHEH
12192711000001106,Phenobarbital 72.5mg/5ml oral solution,12192711000001106,VMP,0408010N0AAEIEI
12192811000001103,Phenobarbital 72.5mg/5ml oral suspension,12192811000001103,VMP,0408010N0AAEIEI
12164911000001101,Phenobarbital 72.5mg/5ml oral solution,12164911000001101,AMP,0408010N0AAEIEI
12164411000001109,Phenobarbital 72.5mg/5ml oral suspension,12164411000001109,AMP,0408010N0AAEIEI
12192911000001108,Phenobarbital 80mg/5ml oral solution,12192911000001108,VMP,0408010N0AAEJEJ
12193011000001100,Phenobarbital 80mg/5ml oral suspension,12193011000001100,VMP,0408010N0AAEJEJ
12164111000001104,Phenobarbital 80mg/5ml oral solution,12164111000001104,AMP,0408010N0AAEJEJ
12163511000001105,Phenobarbital 80mg/5ml oral suspension,12163511000001105,AMP,0408010N0AAEJEJ
12192311000001107,Phenobarbital 7.5mg/5ml oral solution,12192311000001107,VMP,0408010N0AAEKEK
12192411000001100,Phenobarbital 7.5mg/5ml oral suspension,12192411000001100,VMP,0408010N0AAEKEK
12168611000001102,Phenobarbital 7.5mg/5ml oral solution,12168611000001102,AMP,0408010N0AAEKEK
12167611000001101,Phenobarbital 7.5mg/5ml oral suspension,12167611000001101,AMP,0408010N0AAEKEK
12192111000001105,Phenobarbital 65mg/5ml oral solution,12192111000001105,VMP,0408010N0AAELEL
12192211000001104,Phenobarbital 65mg/5ml oral suspension,12192211000001104,VMP,0408010N0AAELEL
12172311000001104,Phenobarbital 65mg/5ml oral solution,12172311000001104,AMP,0408010N0AAELEL
12169511000001107,Phenobarbital 65mg/5ml oral suspension,12169511000001107,AMP,0408010N0AAELEL
12193711000001103,Phenobarbital 9mg/5ml oral solution,12193711000001103,VMP,0408010N0AAEMEM
12193811000001106,Phenobarbital 9mg/5ml oral suspension,12193811000001106,VMP,0408010N0AAEMEM
12184111000001101,Phenobarbital 9mg/5ml oral solution,12184111000001101,AMP,0408010N0AAEMEM
12183411000001108,Phenobarbital 9mg/5ml oral suspension,12183411000001108,AMP,0408010N0AAEMEM
12425311000001107,Phenobarbital 37.5mg capsules,12425311000001107,VMP,0408010N0AAENEN
12366211000001109,Phenobarbital 37.5mg capsules,12366211000001109,AMP,0408010N0AAENEN
12187011000001105,Phenobarbital 12.6mg/5ml oral solution,12187011000001105,VMP,0408010N0AAEPEP
12187111000001106,Phenobarbital 12.6mg/5ml oral suspension,12187111000001106,VMP,0408010N0AAEPEP
12155711000001106,Phenobarbital 12.6mg/5ml oral solution,12155711000001106,AMP,0408010N0AAEPEP
12155011000001109,Phenobarbital 12.6mg/5ml oral suspension,12155011000001109,AMP,0408010N0AAEPEP
12187711000001107,Phenobarbital 2.5mg/5ml oral solution,12187711000001107,VMP,0408010N0AAEQEQ
12187811000001104,Phenobarbital 2.5mg/5ml oral suspension,12187811000001104,VMP,0408010N0AAEQEQ
12159211000001101,Phenobarbital 2.5mg/5ml oral solution,12159211000001101,AMP,0408010N0AAEQEQ
12158911000001102,Phenobarbital 2.5mg/5ml oral suspension,12158911000001102,AMP,0408010N0AAEQEQ
12213311000001100,Phenobarbital 31.5mg/5ml oral solution,12213311000001100,VMP,0408010N0AAESES
12213411000001107,Phenobarbital 31.5mg/5ml oral suspension,12213411000001107,VMP,0408010N0AAESES
12207111000001107,Phenobarbital 31.5mg/5ml oral solution,12207111000001107,AMP,0408010N0AAESES
12206811000001102,Phenobarbital 31.5mg/5ml oral suspension,12206811000001102,AMP,0408010N0AAESES
13426211000001100,Phenobarbital 180mg/5ml oral solution,13426211000001100,VMP,0408010N0AAETET
13426311000001108,Phenobarbital 180mg/5ml oral suspension,13426311000001108,VMP,0408010N0AAETET
13416111000001104,Phenobarbital 180mg/5ml oral solution,13416111000001104,AMP,0408010N0AAETET
13416411000001109,Phenobarbital 180mg/5ml oral suspension,13416411000001109,AMP,0408010N0AAETET
8800811000001101,Phenobarbital 50mg/5ml oral suspension,8800811000001101,VMP,0408010N0AAEUEU
8790011000001107,Phenobarbital 50mg/5ml oral suspension,8790011000001107,AMP,0408010N0AAEUEU
12213111000001102,Phenobarbital 25mg/5ml oral solution,12213111000001102,VMP,0408010N0AAEVEV
12206411000001104,Phenobarbital 25mg/5ml oral solution,12206411000001104,AMP,0408010N0AAEVEV
35939211000001101,Phenobarbital 200mg/1ml solution for injection ampoules,35939211000001101,VMP,0408010P0AAAAAA
544811000001106,Phenobarbital 200mg/1ml solution for injection ampoules,544811000001106,AMP,0408010P0AAAAAA
9763011000001102,Phenobarbital 200mg/1ml solution for injection ampoules,9763011000001102,AMP,0408010P0AAAAAA
358911000001107,Phenobarbital 200mg/1ml solution for injection ampoules,358911000001107,AMP,0408010P0AAAAAA
35939411000001102,Phenobarbital 60mg/1ml solution for injection ampoules,35939411000001102,VMP,0408010P0AAAGAG
4974011000001103,Phenobarbital 60mg/1ml solution for injection ampoules,4974011000001103,AMP,0408010P0AAAGAG
4974411000001107,Phenobarbital 60mg/1ml solution for injection ampoules,4974411000001107,AMP,0408010P0AAAGAG
4974211000001108,Phenobarbital 60mg/1ml solution for injection ampoules,4974211000001108,AMP,0408010P0AAAGAG
35939111000001107,Phenobarbital 15mg/1ml solution for injection ampoules,35939111000001107,VMP,0408010P0AAAHAH
10073511000001104,Phenobarbital 15mg/1ml solution for injection ampoules,10073511000001104,AMP,0408010P0AAAHAH
10073711000001109,Phenobarbital 15mg/1ml solution for injection ampoules,10073711000001109,AMP,0408010P0AAAHAH
10073311000001105,Phenobarbital 15mg/1ml solution for injection ampoules,10073311000001105,AMP,0408010P0AAAHAH
35939311000001109,Phenobarbital 30mg/1ml solution for injection ampoules,35939311000001109,VMP,0408010P0AAAIAI
4974711000001101,Phenobarbital 30mg/1ml solution for injection ampoules,4974711000001101,AMP,0408010P0AAAIAI
4975111000001103,Phenobarbital 30mg/1ml solution for injection ampoules,4975111000001103,AMP,0408010P0AAAIAI
4974911000001104,Phenobarbital 30mg/1ml solution for injection ampoules,4974911000001104,AMP,0408010P0AAAIAI
12196611000001101,Phenobarbital sodium 50mg/5ml oral solution,12196611000001101,VMP,0408010P0AAAVAV
12196711000001105,Phenobarbital sodium 50mg/5ml oral suspension,12196711000001105,VMP,0408010P0AAAVAV
12175211000001102,Phenobarbital sodium 50mg/5ml oral solution,12175211000001102,AMP,0408010P0AAAVAV
12174811000001102,Phenobarbital sodium 50mg/5ml oral suspension,12174811000001102,AMP,0408010P0AAAVAV
12195611000001106,Phenobarbital sodium 25mg/5ml oral solution,12195611000001106,VMP,0408010P0AAAWAW
12195711000001102,Phenobarbital sodium 25mg/5ml oral suspension,12195711000001102,VMP,0408010P0AAAWAW
12161711000001101,Phenobarbital sodium 25mg/5ml oral solution,12161711000001101,AMP,0408010P0AAAWAW
12161411000001107,Phenobarbital sodium 25mg/5ml oral suspension,12161411000001107,AMP,0408010P0AAAWAW
12195011000001104,Phenobarbital sodium 15mg/5ml oral solution,12195011000001104,VMP,0408010P0AAAYAY
12195111000001103,Phenobarbital sodium 15mg/5ml oral suspension,12195111000001103,VMP,0408010P0AAAYAY
12156611000001107,Phenobarbital sodium 15mg/5ml oral solution,12156611000001107,AMP,0408010P0AAAYAY
12156011000001100,Phenobarbital sodium 15mg/5ml oral suspension,12156011000001100,AMP,0408010P0AAAYAY
12214211000001106,Phenobarbital sodium 60mg/5ml oral solution,12214211000001106,VMP,0408010P0AAAZAZ
12214311000001103,Phenobarbital sodium 60mg/5ml oral suspension,12214311000001103,VMP,0408010P0AAAZAZ
12203611000001107,Phenobarbital sodium 60mg/5ml oral solution,12203611000001107,AMP,0408010P0AAAZAZ
12202611000001102,Phenobarbital sodium 60mg/5ml oral suspension,12202611000001102,AMP,0408010P0AAAZAZ
12194511000001106,Phenobarbital sodium 125mg/5ml oral solution,12194511000001106,VMP,0408010P0AABABA
12194611000001105,Phenobarbital sodium 125mg/5ml oral suspension,12194611000001105,VMP,0408010P0AABABA
12154311000001108,Phenobarbital sodium 125mg/5ml oral solution,12154311000001108,AMP,0408010P0AABABA
12153311000001106,Phenobarbital sodium 125mg/5ml oral suspension,12153311000001106,AMP,0408010P0AABABA
12194111000001102,Phenobarbital sodium 10mg/5ml oral solution,12194111000001102,VMP,0408010P0AABBBB
12194211000001108,Phenobarbital sodium 10mg/5ml oral suspension,12194211000001108,VMP,0408010P0AABBBB
12150811000001109,Phenobarbital sodium 10mg/5ml oral solution,12150811000001109,AMP,0408010P0AABBBB
12150511000001106,Phenobarbital sodium 10mg/5ml oral suspension,12150511000001106,AMP,0408010P0AABBBB
12195811000001105,Phenobarbital sodium 30mg/5ml oral solution,12195811000001105,VMP,0408010P0AABCBC
12195911000001100,Phenobarbital sodium 30mg/5ml oral suspension,12195911000001100,VMP,0408010P0AABCBC
12162311000001109,Phenobarbital sodium 30mg/5ml oral solution,12162311000001109,AMP,0408010P0AABCBC
12162011000001106,Phenobarbital sodium 30mg/5ml oral suspension,12162011000001106,AMP,0408010P0AABCBC
12196211000001103,Phenobarbital sodium 36mg/5ml oral solution,12196211000001103,VMP,0408010P0AABEBE
12196311000001106,Phenobarbital sodium 36mg/5ml oral suspension,12196311000001106,VMP,0408010P0AABEBE
12172011000001102,Phenobarbital sodium 36mg/5ml oral solution,12172011000001102,AMP,0408010P0AABEBE
12171111000001106,Phenobarbital sodium 36mg/5ml oral suspension,12171111000001106,AMP,0408010P0AABEBE
12194311000001100,Phenobarbital sodium 11mg/5ml oral solution,12194311000001100,VMP,0408010P0AABFBF
12194411000001107,Phenobarbital sodium 11mg/5ml oral suspension,12194411000001107,VMP,0408010P0AABFBF
12152011000001104,Phenobarbital sodium 11mg/5ml oral solution,12152011000001104,AMP,0408010P0AABFBF
12151711000001109,Phenobarbital sodium 11mg/5ml oral suspension,12151711000001109,AMP,0408010P0AABFBF
12195211000001109,Phenobarbital sodium 17mg/5ml oral solution,12195211000001109,VMP,0408010P0AABGBG
12195311000001101,Phenobarbital sodium 17mg/5ml oral suspension,12195311000001101,VMP,0408010P0AABGBG
12158711000001104,Phenobarbital sodium 17mg/5ml oral solution,12158711000001104,AMP,0408010P0AABGBG
12158311000001103,Phenobarbital sodium 17mg/5ml oral suspension,12158311000001103,AMP,0408010P0AABGBG
12193911000001101,Phenobarbital sodium 100mg/5ml oral solution,12193911000001101,VMP,0408010P0AABHBH
12194011000001103,Phenobarbital sodium 100mg/5ml oral suspension,12194011000001103,VMP,0408010P0AABHBH
12150011000001103,Phenobarbital sodium 100mg/5ml oral solution,12150011000001103,AMP,0408010P0AABHBH
12149511000001100,Phenobarbital sodium 100mg/5ml oral suspension,12149511000001100,AMP,0408010P0AABHBH
12194711000001101,Phenobarbital sodium 150mg/5ml oral solution,12194711000001101,VMP,0408010P0AABIBI
12194911000001104,Phenobarbital sodium 150mg/5ml oral suspension,12194911000001104,VMP,0408010P0AABIBI
12155311000001107,Phenobarbital sodium 150mg/5ml oral solution,12155311000001107,AMP,0408010P0AABIBI
12154711000001107,Phenobarbital sodium 150mg/5ml oral suspension,12154711000001107,AMP,0408010P0AABIBI
12197211000001101,Phenobarbital sodium 7.5mg/5ml oral solution,12197211000001101,VMP,0408010P0AABJBJ
12197311000001109,Phenobarbital sodium 7.5mg/5ml oral suspension,12197311000001109,VMP,0408010P0AABJBJ
12182511000001100,Phenobarbital sodium 7.5mg/5ml oral solution,12182511000001100,AMP,0408010P0AABJBJ
12181811000001106,Phenobarbital sodium 7.5mg/5ml oral suspension,12181811000001106,AMP,0408010P0AABJBJ
12195411000001108,Phenobarbital sodium 20mg/5ml oral solution,12195411000001108,VMP,0408010P0AABKBK
12195511000001107,Phenobarbital sodium 20mg/5ml oral suspension,12195511000001107,VMP,0408010P0AABKBK
12160611000001100,Phenobarbital sodium 20mg/5ml oral solution,12160611000001100,AMP,0408010P0AABKBK
12159811000001100,Phenobarbital sodium 20mg/5ml oral suspension,12159811000001100,AMP,0408010P0AABKBK
12196011000001108,Phenobarbital sodium 35mg/5ml oral solution,12196011000001108,VMP,0408010P0AABLBL
12196111000001109,Phenobarbital sodium 35mg/5ml oral suspension,12196111000001109,VMP,0408010P0AABLBL
12170511000001109,Phenobarbital sodium 35mg/5ml oral solution,12170511000001109,AMP,0408010P0AABLBL
12170011000001101,Phenobarbital sodium 35mg/5ml oral suspension,12170011000001101,AMP,0408010P0AABLBL
12196411000001104,Phenobarbital sodium 45mg/5ml oral solution,12196411000001104,VMP,0408010P0AABMBM
12196511000001100,Phenobarbital sodium 45mg/5ml oral suspension,12196511000001100,VMP,0408010P0AABMBM
12173111000001107,Phenobarbital sodium 45mg/5ml oral solution,12173111000001107,AMP,0408010P0AABMBM
12172811000001108,Phenobarbital sodium 45mg/5ml oral suspension,12172811000001108,AMP,0408010P0AABMBM
12196811000001102,Phenobarbital sodium 55mg/5ml oral solution,12196811000001102,VMP,0408010P0AABNBN
12196911000001107,Phenobarbital sodium 55mg/5ml oral suspension,12196911000001107,VMP,0408010P0AABNBN
12178811000001105,Phenobarbital sodium 55mg/5ml oral solution,12178811000001105,AMP,0408010P0AABNBN
12177511000001108,Phenobarbital sodium 55mg/5ml oral suspension,12177511000001108,AMP,0408010P0AABNBN
12197011000001106,Phenobarbital sodium 5mg/5ml oral solution,12197011000001106,VMP,0408010P0AABPBP
12197111000001107,Phenobarbital sodium 5mg/5ml oral suspension,12197111000001107,VMP,0408010P0AABPBP
12179711000001106,Phenobarbital sodium 5mg/5ml oral solution,12179711000001106,AMP,0408010P0AABPBP
12180611000001102,Phenobarbital sodium 5mg/5ml oral suspension,12180611000001102,AMP,0408010P0AABPBP
204111000001102,Gardenal Sodium 200mg/1ml solution for injection ampoules,204111000001102,AMP,0408010P0BBAAAA
39025611000001101,Phenytoin sodium 100mg capsules,39025611000001101,VMP,0408010Q0AAAAAA
21375311000001102,Phenytoin sodium 100mg capsules,21375311000001102,AMP,0408010Q0AAAAAA
23595311000001103,Phenytoin sodium 100mg capsules,23595311000001103,AMP,0408010Q0AAAAAA
21349411000001108,Phenytoin sodium 100mg capsules,21349411000001108,AMP,0408010Q0AAAAAA
30845411000001100,Phenytoin sodium 100mg capsules,30845411000001100,AMP,0408010Q0AAAAAA
23644911000001104,Phenytoin sodium 100mg capsules,23644911000001104,AMP,0408010Q0AAAAAA
21200911000001107,Phenytoin sodium 100mg capsules,21200911000001107,AMP,0408010Q0AAAAAA
43154811000001108,Phenytoin sodium 100mg capsules,43154811000001108,AMP,0408010Q0AAAAAA
29984911000001105,Phenytoin sodium 100mg capsules,29984911000001105,AMP,0408010Q0AAAAAA
42134411000001104,Phenytoin sodium 25mg capsules,42134411000001104,VMP,0408010Q0AAADAD
21374911000001100,Phenytoin sodium 25mg capsules,21374911000001100,AMP,0408010Q0AAADAD
21348611000001102,Phenytoin sodium 25mg capsules,21348611000001102,AMP,0408010Q0AAADAD
21200511000001100,Phenytoin sodium 25mg capsules,21200511000001100,AMP,0408010Q0AAADAD
43154211000001107,Phenytoin sodium 25mg capsules,43154211000001107,AMP,0408010Q0AAADAD
42134711000001105,Phenytoin sodium 50mg tablets,42134711000001105,VMP,0408010Q0AAAFAF
40411000001103,Phenytoin sodium 50mg tablets,40411000001103,AMP,0408010Q0AAAFAF
206011000001108,Phenytoin sodium 50mg tablets,206011000001108,AMP,0408010Q0AAAFAF
791711000001109,Phenytoin sodium 50mg tablets,791711000001109,AMP,0408010Q0AAAFAF
42134311000001106,Phenytoin sodium 100mg tablets,42134311000001106,VMP,0408010Q0AAAGAG
17111000001104,Phenytoin sodium 100mg tablets,17111000001104,AMP,0408010Q0AAAGAG
18781211000001106,Phenytoin sodium 100mg tablets,18781211000001106,AMP,0408010Q0AAAGAG
624411000001104,Phenytoin sodium 100mg tablets,624411000001104,AMP,0408010Q0AAAGAG
30764211000001106,Phenytoin sodium 100mg tablets,30764211000001106,AMP,0408010Q0AAAGAG
30845611000001102,Phenytoin sodium 100mg tablets,30845611000001102,AMP,0408010Q0AAAGAG
399711000001109,Phenytoin sodium 100mg tablets,399711000001109,AMP,0408010Q0AAAGAG
37127311000001103,Phenytoin sodium 100mg tablets,37127311000001103,AMP,0408010Q0AAAGAG
39186811000001109,Phenytoin sodium 100mg tablets,39186811000001109,AMP,0408010Q0AAAGAG
21025111000001104,Phenytoin sodium 100mg tablets,21025111000001104,AMP,0408010Q0AAAGAG
17878111000001105,Phenytoin sodium 100mg tablets,17878111000001105,AMP,0408010Q0AAAGAG
15171811000001102,Phenytoin sodium 100mg tablets,15171811000001102,AMP,0408010Q0AAAGAG
55611000001105,Phenytoin sodium 100mg tablets,55611000001105,AMP,0408010Q0AAAGAG
607111000001109,Phenytoin sodium 100mg tablets,607111000001109,AMP,0408010Q0AAAGAG
21846811000001101,Phenytoin sodium 100mg tablets,21846811000001101,AMP,0408010Q0AAAGAG
14770211000001106,Phenytoin sodium 100mg tablets,14770211000001106,AMP,0408010Q0AAAGAG
42134611000001101,Phenytoin sodium 50mg capsules,42134611000001101,VMP,0408010Q0AAAPAP
21375111000001104,Phenytoin sodium 50mg capsules,21375111000001104,AMP,0408010Q0AAAPAP
21349211000001109,Phenytoin sodium 50mg capsules,21349211000001109,AMP,0408010Q0AAAPAP
21200711000001105,Phenytoin sodium 50mg capsules,21200711000001105,AMP,0408010Q0AAAPAP
43154611000001109,Phenytoin sodium 50mg capsules,43154611000001109,AMP,0408010Q0AAAPAP
42134511000001100,Phenytoin sodium 300mg capsules,42134511000001100,VMP,0408010Q0AAAQAQ
21375511000001108,Phenytoin sodium 300mg capsules,21375511000001108,AMP,0408010Q0AAAQAQ
21349711000001102,Phenytoin sodium 300mg capsules,21349711000001102,AMP,0408010Q0AAAQAQ
21201111000001103,Phenytoin sodium 300mg capsules,21201111000001103,AMP,0408010Q0AAAQAQ
43154411000001106,Phenytoin sodium 300mg capsules,43154411000001106,AMP,0408010Q0AAAQAQ
13041211000001104,Phenytoin sodium 84mg/5ml oral solution,13041211000001104,VMP,0408010Q0AAAVAV
13041311000001107,Phenytoin sodium 84mg/5ml oral suspension,13041311000001107,VMP,0408010Q0AAAVAV
13027111000001100,Phenytoin sodium 84mg/5ml oral solution,13027111000001100,AMP,0408010Q0AAAVAV
13026511000001107,Phenytoin sodium 84mg/5ml oral suspension,13026511000001107,AMP,0408010Q0AAAVAV
13041011000001109,Phenytoin sodium 50mg/5ml oral solution,13041011000001109,VMP,0408010Q0AAAXAX
13041111000001105,Phenytoin sodium 50mg/5ml oral suspension,13041111000001105,VMP,0408010Q0AAAXAX
13025911000001107,Phenytoin sodium 50mg/5ml oral solution,13025911000001107,AMP,0408010Q0AAAXAX
13025311000001106,Phenytoin sodium 50mg/5ml oral suspension,13025311000001106,AMP,0408010Q0AAAXAX
14016411000001103,Phenytoin sodium 400mg/5ml oral solution,14016411000001103,VMP,0408010Q0AAAZAZ
14016511000001104,Phenytoin sodium 400mg/5ml oral suspension,14016511000001104,VMP,0408010Q0AAAZAZ
13977011000001107,Phenytoin sodium 400mg/5ml oral solution,13977011000001107,AMP,0408010Q0AAAZAZ
13977311000001105,Phenytoin sodium 400mg/5ml oral suspension,13977311000001105,AMP,0408010Q0AAAZAZ
18520411000001108,Phenytoin sodium 54mg/5ml oral suspension,18520411000001108,VMP,0408010Q0AABABA
18514811000001107,Phenytoin sodium 54mg/5ml oral suspension,18514811000001107,AMP,0408010Q0AABABA
199911000001103,Epanutin 25mg capsules,199911000001103,AMP,0408010Q0BBACAD
208611000001100,Epanutin 50mg capsules,208611000001100,AMP,0408010Q0BBADAP
725911000001101,Epanutin 100mg capsules,725911000001101,AMP,0408010Q0BBAEAA
198711000001109,Epanutin 300mg capsules,198711000001109,AMP,0408010Q0BBAFAQ
42135811000001101,Primidone 250mg tablets,42135811000001101,VMP,0408010U0AAABAB
23480211000001109,Primidone 250mg tablets,23480211000001109,AMP,0408010U0AAABAB
45463511000001106,Primidone 250mg tablets,45463511000001106,AMP,0408010U0AAABAB
23180511000001108,Primidone 250mg tablets,23180511000001108,AMP,0408010U0AAABAB
41190311000001109,Primidone 250mg tablets,41190311000001109,AMP,0408010U0AAABAB
45461211000001109,Primidone 250mg tablets,45461211000001109,AMP,0408010U0AAABAB
43770611000001107,Primidone 250mg tablets,43770611000001107,AMP,0408010U0AAABAB
37135211000001100,Primidone 250mg tablets,37135211000001100,AMP,0408010U0AAABAB
39181111000001106,Primidone 250mg tablets,39181111000001106,AMP,0408010U0AAABAB
23305711000001100,Primidone 250mg tablets,23305711000001100,AMP,0408010U0AAABAB
30854311000001106,Primidone 250mg tablets,30854311000001106,AMP,0408010U0AAABAB
23600711000001100,Primidone 250mg tablets,23600711000001100,AMP,0408010U0AAABAB
8818111000001108,Primidone 25mg/5ml oral suspension,8818111000001108,VMP,0408010U0AAACAC
8808311000001107,Primidone 25mg/5ml oral suspension,8808311000001107,AMP,0408010U0AAACAC
8800311000001105,Primidone 50mg capsules,8800311000001105,VMP,0408010U0AAAFAF
8768411000001102,Primidone 50mg capsules,8768411000001102,AMP,0408010U0AAAFAF
8818011000001107,Primidone 200mg/5ml oral suspension,8818011000001107,VMP,0408010U0AAAQAQ
8807711000001105,Primidone 200mg/5ml oral suspension,8807711000001105,AMP,0408010U0AAAQAQ
16037111000001109,Primidone 30mg/5ml oral suspension,16037111000001109,VMP,0408010U0AAASAS
16020011000001109,Primidone 30mg/5ml oral suspension,16020011000001109,AMP,0408010U0AAASAS
15451911000001105,Primidone 100mg/5ml oral suspension,15451911000001105,VMP,0408010U0AAATAT
15447911000001104,Primidone 100mg/5ml oral suspension,15447911000001104,AMP,0408010U0AAATAT
42136011000001103,Primidone 50mg tablets,42136011000001103,VMP,0408010U0AAAXAX
23640811000001104,Primidone 50mg tablets,23640811000001104,AMP,0408010U0AAAXAX
45463311000001100,Primidone 50mg tablets,45463311000001100,AMP,0408010U0AAAXAX
23180311000001102,Primidone 50mg tablets,23180311000001102,AMP,0408010U0AAAXAX
41190111000001107,Primidone 50mg tablets,41190111000001107,AMP,0408010U0AAAXAX
45461411000001108,Primidone 50mg tablets,45461411000001108,AMP,0408010U0AAAXAX
37779411000001108,Primidone 50mg tablets,37779411000001108,AMP,0408010U0AAAXAX
43770411000001109,Primidone 50mg tablets,43770411000001109,AMP,0408010U0AAAXAX
37135011000001105,Primidone 50mg tablets,37135011000001105,AMP,0408010U0AAAXAX
39181311000001108,Primidone 50mg tablets,39181311000001108,AMP,0408010U0AAAXAX
23305911000001103,Primidone 50mg tablets,23305911000001103,AMP,0408010U0AAAXAX
30854111000001109,Primidone 50mg tablets,30854111000001109,AMP,0408010U0AAAXAX
8818211000001102,Primidone 50mg/5ml oral suspension,8818211000001102,VMP,0408010U0AABABA
8808911000001108,Primidone 50mg/5ml oral suspension,8808911000001108,AMP,0408010U0AABABA
8818311000001105,Primidone 62.5mg/5ml oral suspension,8818311000001105,VMP,0408010U0AABBBB
8809511000001107,Primidone 62.5mg/5ml oral suspension,8809511000001107,AMP,0408010U0AABBBB
42135911000001106,Primidone 250mg/5ml oral suspension,42135911000001106,VMP,0408010U0AABCBC
11485111000001102,Primidone 250mg/5ml oral suspension,11485111000001102,AMP,0408010U0AABCBC
41621511000001103,Primidone 125mg tablets,41621511000001103,VMP,0408010U0AABDBD
43163811000001104,Primidone 125mg tablets,43163811000001104,AMP,0408010U0AABDBD
46122111000001100,Primidone 125mg tablets,46122111000001100,AMP,0408010U0AABDBD
42987411000001101,Primidone 125mg tablets,42987411000001101,AMP,0408010U0AABDBD
43006611000001101,Primidone 125mg tablets,43006611000001101,AMP,0408010U0AABDBD
87711000001100,Mysoline 250mg tablets,87711000001100,AMP,0408010U0BBAAAB
4548311000001102,Mysoline 250mg/5ml oral suspension,4548311000001102,AMP,0408010U0BBABBC
18455311000001101,Mysoline 50mg tablets,18455311000001101,AMP,0408010U0BBADAX
41517011000001101,Enodama 50mg tablets,41517011000001101,AMP,0408010U0BCAAAX
41521811000001108,Enodama 125mg tablets,41521811000001108,AMP,0408010U0BCABBD
41524111000001103,Enodama 250mg tablets,41524111000001103,AMP,0408010U0BCACAB
39108311000001102,Sodium valproate 300mg modified-release tablets,39108311000001102,VMP,0408010W0AAA1A1
39108411000001109,Sodium valproate 500mg modified-release tablets,39108411000001109,VMP,0408010W0AAA2A2
13301111000001104,Sodium valproate 500mg/5ml oral solution,13301111000001104,VMP,0408010W0AAA7A7
19977911000001108,Sodium valproate 500mg/5ml oral suspension,19977911000001108,VMP,0408010W0AAA7A7
13295911000001108,Sodium valproate 500mg/5ml oral solution,13295911000001108,AMP,0408010W0AAA7A7
19948811000001100,Sodium valproate 500mg/5ml oral suspension,19948811000001100,AMP,0408010W0AAA7A7
35928311000001101,Sodium valproate 200mg/5ml oral solution sugar free,35928311000001101,VMP,0408010W0AAAAAA
122211000001108,Sodium valproate 200mg/5ml oral solution sugar free,122211000001108,AMP,0408010W0AAAAAA
577711000001109,Sodium valproate 200mg/5ml oral solution sugar free,577711000001109,AMP,0408010W0AAAAAA
37815811000001100,Sodium valproate 200mg/5ml oral solution sugar free,37815811000001100,AMP,0408010W0AAAAAA
534711000001104,Sodium valproate 200mg/5ml oral solution sugar free,534711000001104,AMP,0408010W0AAAAAA
902511000001102,Sodium valproate 200mg/5ml oral solution sugar free,902511000001102,AMP,0408010W0AAAAAA
37269511000001109,Sodium valproate 200mg/5ml oral solution sugar free,37269511000001109,AMP,0408010W0AAAAAA
43302211000001100,Sodium valproate 200mg/5ml oral solution sugar free,43302211000001100,AMP,0408010W0AAAAAA
10649211000001109,Sodium valproate 200mg/5ml oral solution sugar free,10649211000001109,AMP,0408010W0AAAAAA
19657311000001109,Sodium valproate 200mg/5ml oral solution sugar free,19657311000001109,AMP,0408010W0AAAAAA
731411000001109,Sodium valproate 200mg/5ml oral solution sugar free,731411000001109,AMP,0408010W0AAAAAA
39107811000001107,Sodium valproate 100mg tablets,39107811000001107,VMP,0408010W0AAABAB
119011000001103,Sodium valproate 100mg tablets,119011000001103,AMP,0408010W0AAABAB
42137011000001100,Sodium valproate 200mg gastro-resistant tablets,42137011000001100,VMP,0408010W0AAACAC
462911000001106,Sodium valproate 200mg gastro-resistant tablets,462911000001106,AMP,0408010W0AAACAC
114811000001105,Sodium valproate 200mg gastro-resistant tablets,114811000001105,AMP,0408010W0AAACAC
186311000001105,Sodium valproate 200mg gastro-resistant tablets,186311000001105,AMP,0408010W0AAACAC
10415411000001101,Sodium valproate 200mg gastro-resistant tablets,10415411000001101,AMP,0408010W0AAACAC
40371011000001109,Sodium valproate 200mg gastro-resistant tablets,40371011000001109,AMP,0408010W0AAACAC
926511000001105,Sodium valproate 200mg gastro-resistant tablets,926511000001105,AMP,0408010W0AAACAC
757711000001108,Sodium valproate 200mg gastro-resistant tablets,757711000001108,AMP,0408010W0AAACAC
30915811000001100,Sodium valproate 200mg gastro-resistant tablets,30915811000001100,AMP,0408010W0AAACAC
591311000001109,Sodium valproate 200mg gastro-resistant tablets,591311000001109,AMP,0408010W0AAACAC
880211000001107,Sodium valproate 200mg gastro-resistant tablets,880211000001107,AMP,0408010W0AAACAC
21900611000001102,Sodium valproate 200mg gastro-resistant tablets,21900611000001102,AMP,0408010W0AAACAC
19665211000001102,Sodium valproate 200mg gastro-resistant tablets,19665211000001102,AMP,0408010W0AAACAC
292411000001102,Sodium valproate 200mg gastro-resistant tablets,292411000001102,AMP,0408010W0AAACAC
42137111000001104,Sodium valproate 500mg gastro-resistant tablets,42137111000001104,VMP,0408010W0AAADAD
781611000001101,Sodium valproate 500mg gastro-resistant tablets,781611000001101,AMP,0408010W0AAADAD
655211000001103,Sodium valproate 500mg gastro-resistant tablets,655211000001103,AMP,0408010W0AAADAD
8611000001108,Sodium valproate 500mg gastro-resistant tablets,8611000001108,AMP,0408010W0AAADAD
10415611000001103,Sodium valproate 500mg gastro-resistant tablets,10415611000001103,AMP,0408010W0AAADAD
40371411000001100,Sodium valproate 500mg gastro-resistant tablets,40371411000001100,AMP,0408010W0AAADAD
191911000001102,Sodium valproate 500mg gastro-resistant tablets,191911000001102,AMP,0408010W0AAADAD
555011000001103,Sodium valproate 500mg gastro-resistant tablets,555011000001103,AMP,0408010W0AAADAD
84011000001105,Sodium valproate 500mg gastro-resistant tablets,84011000001105,AMP,0408010W0AAADAD
217211000001104,Sodium valproate 500mg gastro-resistant tablets,217211000001104,AMP,0408010W0AAADAD
21900811000001103,Sodium valproate 500mg gastro-resistant tablets,21900811000001103,AMP,0408010W0AAADAD
19664811000001102,Sodium valproate 500mg gastro-resistant tablets,19664811000001102,AMP,0408010W0AAADAD
755011000001104,Sodium valproate 500mg gastro-resistant tablets,755011000001104,AMP,0408010W0AAADAD
35928211000001109,Sodium valproate 200mg/5ml oral solution,35928211000001109,VMP,0408010W0AAAEAE
35928511000001107,Sodium valproate 400mg powder and solvent for solution for injection vials,35928511000001107,VMP,0408010W0AAAHAH
29935711000001101,Sodium valproate 400mg powder and solvent for solution for injection vials,29935711000001101,AMP,0408010W0AAAHAH
36881311000001108,Sodium valproate 400mg powder and solvent for solution for injection vials,36881311000001108,AMP,0408010W0AAAHAH
19964511000001101,Sodium valproate 100mg suppositories,19964511000001101,VMP,0408010W0AAARAR
19964711000001106,Sodium valproate 100mg suppositories,19964711000001106,AMP,0408010W0AAARAR
39108211000001105,Sodium valproate 200mg modified-release tablets,39108211000001105,VMP,0408010W0AAAZAZ
8818511000001104,Sodium valproate 300mg suppositories,8818511000001104,VMP,0408010W0AABCBC
8810111000001106,Sodium valproate 300mg suppositories,8810111000001106,AMP,0408010W0AABCBC
13301211000001105,Sodium valproate 600mg/5ml oral solution,13301211000001105,VMP,0408010W0AABEBE
13296511000001108,Sodium valproate 600mg/5ml oral solution,13296511000001108,AMP,0408010W0AABEBE
13301511000001108,Sodium valproate 90mg/5ml oral solution,13301511000001108,VMP,0408010W0AABFBF
13297411000001106,Sodium valproate 90mg/5ml oral solution,13297411000001106,AMP,0408010W0AABFBF
13301311000001102,Sodium valproate 60mg/5ml oral solution,13301311000001102,VMP,0408010W0AABIBI
13296811000001106,Sodium valproate 60mg/5ml oral solution,13296811000001106,AMP,0408010W0AABIBI
13300911000001108,Sodium valproate 125mg/5ml oral solution,13300911000001108,VMP,0408010W0AABJBJ
13295111000001105,Sodium valproate 125mg/5ml oral solution,13295111000001105,AMP,0408010W0AABJBJ
13301011000001100,Sodium valproate 20mg/5ml oral solution,13301011000001100,VMP,0408010W0AABKBK
13295611000001102,Sodium valproate 20mg/5ml oral solution,13295611000001102,AMP,0408010W0AABKBK
13301411000001109,Sodium valproate 75mg/5ml oral solution,13301411000001109,VMP,0408010W0AABLBL
13297111000001101,Sodium valproate 75mg/5ml oral solution,13297111000001101,AMP,0408010W0AABLBL
13300811000001103,Sodium valproate 10mg/5ml oral solution,13300811000001103,VMP,0408010W0AABMBM
13294511000001102,Sodium valproate 10mg/5ml oral solution,13294511000001102,AMP,0408010W0AABMBM
11089411000001104,Sodium valproate 300mg/3ml solution for injection ampoules,11089411000001104,VMP,0408010W0AABPBP
11475111000001108,Sodium valproate 150mg modified-release capsules,11475111000001108,VMP,0408010W0AABQBQ
11475211000001102,Sodium valproate 300mg modified-release capsules,11475211000001102,VMP,0408010W0AABRBR
11475311000001105,Sodium valproate 500mg modified-release granules sachets sugar free,11475311000001105,VMP,0408010W0AABSBS
11475411000001103,Sodium valproate 1g modified-release granules sachets sugar free,11475411000001103,VMP,0408010W0AABTBT
13117911000001104,Sodium valproate 1g/10ml solution for injection ampoules,13117911000001104,VMP,0408010W0AABUBU
13718811000001104,Sodium valproate 50mg modified-release granules sachets sugar free,13718811000001104,VMP,0408010W0AABVBV
13718611000001103,Sodium valproate 100mg modified-release granules sachets sugar free,13718611000001103,VMP,0408010W0AABWBW
13718711000001107,Sodium valproate 250mg modified-release granules sachets sugar free,13718711000001107,VMP,0408010W0AABXBX
13718911000001109,Sodium valproate 750mg modified-release granules sachets sugar free,13718911000001109,VMP,0408010W0AABYBY
22663911000001101,Sodium valproate 400mg/4ml solution for injection ampoules,22663911000001101,VMP,0408010W0AABZBZ
22682011000001106,Sodium valproate 400mg/4ml solution for injection ampoules,22682011000001106,AMP,0408010W0AABZBZ
22657811000001106,Sodium valproate 400mg/4ml solution for injection ampoules,22657811000001106,AMP,0408010W0AABZBZ
35599811000001100,Sodium valproate 200mg/ml oral solution,35599811000001100,VMP,0408010W0AACACA
36596111000001102,Sodium valproate 60mg/5ml oral suspension,36596111000001102,VMP,0408010W0AACBCB
36584311000001107,Sodium valproate 60mg/5ml oral suspension,36584311000001107,AMP,0408010W0AACBCB
552511000001100,Epilim 100mg crushable tablets,552511000001100,AMP,0408010W0BBAAAB
889311000001108,Epilim 200 gastro-resistant tablets,889311000001108,AMP,0408010W0BBABAC
448711000001102,Epilim 500 gastro-resistant tablets,448711000001102,AMP,0408010W0BBACAD
100011000001108,Epilim 200mg/5ml liquid,100011000001108,AMP,0408010W0BBADAA
892411000001106,Epilim 200mg/5ml syrup,892411000001106,AMP,0408010W0BBAEAE
4351111000001108,Epilim Intravenous 400mg powder and solvent for solution for injection vials,4351111000001108,AMP,0408010W0BBAIAH
489711000001100,Epilim Chrono 200 tablets,489711000001100,AMP,0408010W0BBAJAZ
789911000001106,Epilim Chrono 300 tablets,789911000001106,AMP,0408010W0BBAKA1
739111000001100,Epilim Chrono 500 tablets,739111000001100,AMP,0408010W0BBALA2
13665911000001109,Epilim Chronosphere MR 500mg granules sachets,13665911000001109,AMP,0408010W0BBAMBS
13666611000001108,Epilim Chronosphere MR 50mg granules sachets,13666611000001108,AMP,0408010W0BBANBV
13665411000001101,Epilim Chronosphere MR 100mg granules sachets,13665411000001101,AMP,0408010W0BBAPBW
13665711000001107,Epilim Chronosphere MR 250mg granules sachets,13665711000001107,AMP,0408010W0BBAQBX
13666311000001103,Epilim Chronosphere MR 750mg granules sachets,13666311000001103,AMP,0408010W0BBARBY
15439411000001102,Epilim Chronosphere MR 1000mg granules sachets,15439411000001102,AMP,0408010W0BBASBT
504711000001108,Orlept 200mg gastro-resistant tablets,504711000001108,AMP,0408010W0BEAAAC
220011000001104,Orlept 500mg gastro-resistant tablets,220011000001104,AMP,0408010W0BEABAD
872211000001104,Orlept SF 200mg/5ml liquid,872211000001104,AMP,0408010W0BEACAA
4765911000001103,Epival CR 300mg tablets,4765911000001103,AMP,0408010W0BHAAA1
4766111000001107,Epival CR 500mg tablets,4766111000001107,AMP,0408010W0BHABA2
11072611000001100,Episenta 300mg/3ml solution for injection ampoules,11072611000001100,AMP,0408010W0BIAABP
11475611000001100,Episenta 150mg modified-release capsules,11475611000001100,AMP,0408010W0BIABBQ
11475911000001106,Episenta 300mg modified-release capsules,11475911000001106,AMP,0408010W0BIACBR
11476211000001108,Episenta 500mg modified-release granules sachets,11476211000001108,AMP,0408010W0BIADBS
11476511000001106,Episenta 1000mg modified-release granules sachets,11476511000001106,AMP,0408010W0BIAEBT
13115611000001103,Episenta 1g/10ml solution for injection ampoules,13115611000001103,AMP,0408010W0BIAFBU
35596611000001107,Depakin 200mg/ml oral solution,35596611000001107,AMP,0408010W0BJAACA
38998111000001101,Dyzantil 200mg modified-release tablets,38998111000001101,AMP,0408010W0BKAAAZ
38998711000001100,Dyzantil 300mg modified-release tablets,38998711000001100,AMP,0408010W0BKABA1
38999111000001108,Dyzantil 500mg modified-release tablets,38999111000001108,AMP,0408010W0BKACA2
42138511000001107,Vigabatrin 500mg tablets,42138511000001107,VMP,0408010X0AAAAAA
42138411000001108,Vigabatrin 500mg granules for oral solution sachets sugar free,42138411000001108,VMP,0408010X0AAAFAF
46135811000001102,Vigabatrin 500mg granules for oral solution sachets sugar free,46135811000001102,AMP,0408010X0AAAFAF
13016211000001104,Vigabatrin 250mg/5ml oral solution,13016211000001104,VMP,0408010X0AAATAT
12946911000001101,Vigabatrin 250mg/5ml oral solution,12946911000001101,AMP,0408010X0AAATAT
13016111000001105,Vigabatrin 100mg/5ml oral solution,13016111000001105,VMP,0408010X0AAAUAU
12946611000001107,Vigabatrin 100mg/5ml oral solution,12946611000001107,AMP,0408010X0AAAUAU
13016411000001100,Vigabatrin 500mg/5ml oral solution,13016411000001100,VMP,0408010X0AAAYAY
12947511000001105,Vigabatrin 500mg/5ml oral solution,12947511000001105,AMP,0408010X0AAAYAY
13016311000001107,Vigabatrin 350mg/5ml oral solution,13016311000001107,VMP,0408010X0AABJBJ
12947211000001107,Vigabatrin 350mg/5ml oral solution,12947211000001107,AMP,0408010X0AABJBJ
13016511000001101,Vigabatrin 700mg/5ml oral solution,13016511000001101,VMP,0408010X0AABKBK
12947811000001108,Vigabatrin 700mg/5ml oral solution,12947811000001108,AMP,0408010X0AABKBK
38286011000001103,Vigabatrin 100mg soluble tablets sugar free,38286011000001103,VMP,0408010X0AABLBL
38286111000001102,Vigabatrin 500mg soluble tablets sugar free,38286111000001102,VMP,0408010X0AABMBM
184311000001104,Sabril 500mg tablets,184311000001104,AMP,0408010X0BBAAAA
3711611000001107,Sabril 500mg granules for oral solution sachets,3711611000001107,AMP,0408010X0BBABAF
38109311000001105,Kigabeq 100mg soluble tablets,38109311000001105,AMP,0408010X0BCAABL
38109611000001100,Kigabeq 500mg soluble tablets,38109611000001100,AMP,0408010X0BCABBM
7721611000001107,Sultiame 50mg tablets,7721611000001107,VMP,0408010Y0AAAAAA
15875611000001109,Sultiame 50mg tablets,15875611000001109,AMP,0408010Y0AAAAAA
7721511000001108,Sultiame 200mg tablets,7721511000001108,VMP,0408010Y0AAABAB
15875911000001103,Sultiame 200mg tablets,15875911000001103,AMP,0408010Y0AAABAB
33038311000001102,Sultiame 100mg tablets,33038311000001102,VMP,0408010Y0AAADAD
32990011000001106,Sultiame 100mg tablets,32990011000001106,AMP,0408010Y0AAADAD
7716411000001106,Ospolot 50mg tablets,7716411000001106,AMP,0408010Y0BBAAAA
7717611000001106,Ospolot 200mg tablets,7717611000001106,AMP,0408010Y0BBABAB
42134111000001109,Phenytoin 30mg/5ml oral suspension,42134111000001109,VMP,0408010Z0AAAAAA
42134211000001103,Phenytoin 50mg chewable tablets,42134211000001103,VMP,0408010Z0AAACAC
37322111000001107,Phenytoin 50mg chewable tablets,37322111000001107,AMP,0408010Z0AAACAC
8817911000001105,Phenytoin 90mg/5ml oral suspension,8817911000001105,VMP,0408010Z0AAALAL
8814411000001107,Phenytoin 90mg/5ml oral suspension,8814411000001107,AMP,0408010Z0AAALAL
15632911000001103,Phenytoin 300mg/5ml oral solution,15632911000001103,VMP,0408010Z0AABHBH
15633011000001106,Phenytoin 300mg/5ml oral suspension,15633011000001106,VMP,0408010Z0AABHBH
15621611000001101,Phenytoin 300mg/5ml oral solution,15621611000001101,AMP,0408010Z0AABHBH
15621911000001107,Phenytoin 300mg/5ml oral suspension,15621911000001107,AMP,0408010Z0AABHBH
13893911000001100,Phenytoin 90mg/5ml oral solution,13893911000001100,VMP,0408010Z0AABIBI
13891811000001106,Phenytoin 90mg/5ml oral solution,13891811000001106,AMP,0408010Z0AABIBI
185711000001101,Epanutin 30mg/5ml oral suspension,185711000001101,AMP,0408010Z0BBAAAA
251711000001106,Epanutin Infatabs 50mg chewable tablets,251711000001106,AMP,0408010Z0BBABAC
37322611000001104,Dilantin Infatabs 50mg chewable tablets,37322611000001104,AMP,0408010Z0BCAAAC
40119811000001104,Dilantin-30 suspension,40119811000001104,AMP,0408010Z0BCABAA
4217711000001103,Clonazepam 1mg/1ml solution for injection ampoules and diluent,4217711000001103,VMP,0408020D0AAAAAA
4215911000001106,Rivotril 1mg/1ml concentrate for solution for injection ampoules,4215911000001106,AMP,0408020D0BBAAAA
32636411000001107,Rivotril 1mg/1ml concentrate for solution for injection ampoules and diluent,32636411000001107,AMP,0408020D0BBABAA
4078411000001107,Paraldehyde 100% solution for injection 5ml ampoules,4078411000001107,VMP,0408020Q0AAACAC
4749511000001101,Paraldehyde 100% solution for injection 5ml ampoules,4749511000001101,AMP,0408020Q0AAACAC
4076211000001107,Paraldehyde 100% solution for injection 5ml ampoules,4076211000001107,AMP,0408020Q0AAACAC
18520211000001109,Paraldehyde 50% in Arachis oil rectal solution,18520211000001109,VMP,0408020Q0AAAHAH
18514511000001109,Paraldehyde 50% in Arachis oil rectal solution,18514511000001109,AMP,0408020Q0AAAHAH
19976511000001103,Paraldehyde 50% in Sunflower oil rectal solution,19976511000001103,VMP,0408020Q0AAAIAI
19949711000001104,Paraldehyde 50% in Sunflower oil rectal solution,19949711000001104,AMP,0408020Q0AAAIAI
16634911000001105,Paraldehyde 50% in Olive oil rectal solution,16634911000001105,VMP,0408020Q0AAAJAJ
16632811000001106,Paraldehyde 50% in Olive oil rectal solution,16632811000001106,AMP,0408020Q0AAAJAJ
17563511000001104,Paraldehyde 5g/5ml solution for injection vials,17563511000001104,VMP,0408020Q0AAAKAK
17542111000001109,Paraldehyde 5g/5ml solution for injection vials,17542111000001109,AMP,0408020Q0AAAKAK
36015611000001102,Phenytoin sodium 250mg/5ml solution for injection ampoules,36015611000001102,VMP,0408020T0AAAAAA
4358511000001109,Phenytoin sodium 250mg/5ml solution for injection ampoules,4358511000001109,AMP,0408020T0AAAAAA
10678211000001103,Phenytoin sodium 250mg/5ml solution for injection ampoules,10678211000001103,AMP,0408020T0AAAAAA
4359111000001107,Phenytoin sodium 250mg/5ml solution for injection ampoules,4359111000001107,AMP,0408020T0AAAAAA
13649111000001102,Phenytoin sodium 250mg/5ml solution for injection ampoules,13649111000001102,AMP,0408020T0AAAAAA
35831611000001106,Phenytoin sodium 250mg/5ml solution for injection ampoules,35831611000001106,AMP,0408020T0AAAAAA
23017611000001104,Phenytoin sodium 250mg/5ml solution for injection ampoules,23017611000001104,AMP,0408020T0AAAAAA
4358711000001104,Phenytoin sodium 250mg/5ml solution for injection ampoules,4358711000001104,AMP,0408020T0AAAAAA
4358911000001102,Epanutin Ready-Mixed Parenteral 250mg/5ml solution for injection ampoules,4358911000001102,AMP,0408020T0BBAAAA
36061111000001107,Fosphenytoin 750mg/10ml solution for injection vials,36061111000001107,VMP,0408020U0AAAAAA
4390811000001104,Pro-Epanutin 750mg/10ml concentrate for solution for injection vials,4390811000001104,AMP,0408020U0BBAAAA
18600011000001102,Midazolam 15mg tablets,18600011000001102,VMP,0408020V0AAABAB
39657111000001105,Midazolam 15mg tablets,39657111000001105,AMP,0408020V0AAABAB
18600111000001101,Midazolam 7.5mg tablets,18600111000001101,VMP,0408020V0AAACAC
19901811000001104,Midazolam 7.5mg tablets,19901811000001104,AMP,0408020V0AAACAC
13010311000001109,Midazolam 5mg/5ml oral solution,13010311000001109,VMP,0408020V0AAADAD
13010411000001102,Midazolam 5mg/5ml oral suspension,13010411000001102,VMP,0408020V0AAADAD
12977611000001105,Midazolam 5mg/5ml oral solution,12977611000001105,AMP,0408020V0AAADAD
12977111000001102,Midazolam 5mg/5ml oral suspension,12977111000001102,AMP,0408020V0AAADAD
16101411000001109,Midazolam 12.5mg/5ml oral solution,16101411000001109,VMP,0408020V0AAAEAE
16101511000001108,Midazolam 12.5mg/5ml oral suspension,16101511000001108,VMP,0408020V0AAAEAE
10516711000001105,Midazolam 2.5mg/ml oral solution,10516711000001105,VMP,0408020V0AAAEAE
16096711000001101,Midazolam 12.5mg/5ml oral solution,16096711000001101,AMP,0408020V0AAAEAE
16097011000001100,Midazolam 12.5mg/5ml oral suspension,16097011000001100,AMP,0408020V0AAAEAE
10516911000001107,Midazolam 2.5mg/ml oral solution,10516911000001107,AMP,0408020V0AAAEAE
13009111000001104,Midazolam 10mg/5ml oral solution,13009111000001104,VMP,0408020V0AAAFAF
13009211000001105,Midazolam 10mg/5ml oral suspension,13009211000001105,VMP,0408020V0AAAFAF
12970311000001101,Midazolam 10mg/5ml oral solution,12970311000001101,AMP,0408020V0AAAFAF
12970011000001104,Midazolam 10mg/5ml oral suspension,12970011000001104,AMP,0408020V0AAAFAF
13009511000001108,Midazolam 2.5mg/5ml oral solution,13009511000001108,VMP,0408020V0AAAGAG
13009611000001107,Midazolam 2.5mg/5ml oral suspension,13009611000001107,VMP,0408020V0AAAGAG
12972411000001109,Midazolam 2.5mg/5ml oral solution,12972411000001109,AMP,0408020V0AAAGAG
12972111000001104,Midazolam 2.5mg/5ml oral suspension,12972111000001104,AMP,0408020V0AAAGAG
13009911000001101,Midazolam 25mg/5ml oral solution,13009911000001101,VMP,0408020V0AAAHAH
13010011000001106,Midazolam 25mg/5ml oral suspension,13010011000001106,VMP,0408020V0AAAHAH
12975211000001100,Midazolam 25mg/5ml oral solution,12975211000001100,AMP,0408020V0AAAHAH
12974611000001104,Midazolam 25mg/5ml oral suspension,12974611000001104,AMP,0408020V0AAAHAH
13010511000001103,Midazolam 6.25mg/5ml oral solution,13010511000001103,VMP,0408020V0AAAIAI
13010611000001104,Midazolam 6.25mg/5ml oral suspension,13010611000001104,VMP,0408020V0AAAIAI
12978411000001106,Midazolam 6.25mg/5ml oral solution,12978411000001106,AMP,0408020V0AAAIAI
12978111000001101,Midazolam 6.25mg/5ml oral suspension,12978111000001101,AMP,0408020V0AAAIAI
13009711000001103,Midazolam 20mg/5ml oral solution,13009711000001103,VMP,0408020V0AAAJAJ
13009811000001106,Midazolam 20mg/5ml oral suspension,13009811000001106,VMP,0408020V0AAAJAJ
12974111000001107,Midazolam 20mg/5ml oral solution,12974111000001107,AMP,0408020V0AAAJAJ
12973311000001107,Midazolam 20mg/5ml oral suspension,12973311000001107,AMP,0408020V0AAAJAJ
13010111000001107,Midazolam 40mg/5ml oral solution,13010111000001107,VMP,0408020V0AAAKAK
13010211000001101,Midazolam 40mg/5ml oral suspension,13010211000001101,VMP,0408020V0AAAKAK
12976411000001105,Midazolam 40mg/5ml oral solution,12976411000001105,AMP,0408020V0AAAKAK
12975811000001104,Midazolam 40mg/5ml oral suspension,12975811000001104,AMP,0408020V0AAAKAK
19722811000001108,Midazolam 10mg/1ml oromucosal solution pre-filled oral syringes,19722811000001108,VMP,0408020V0AAALAL
10517111000001107,Midazolam 10mg/ml oral solution,10517111000001107,VMP,0408020V0AAALAL
19744311000001109,Midazolam 10mg/ml oromucosal solution,19744311000001109,VMP,0408020V0AAALAL
19721911000001109,Midazolam 10mg/1ml oromucosal solution pre-filled oral syringes,19721911000001109,AMP,0408020V0AAALAL
10517311000001109,Midazolam 10mg/ml oral solution,10517311000001109,AMP,0408020V0AAALAL
19741411000001104,Midazolam 10mg/ml oromucosal solution,19741411000001104,AMP,0408020V0AAALAL
13009311000001102,Midazolam 11mg/5ml oral solution,13009311000001102,VMP,0408020V0AAAMAM
13009411000001109,Midazolam 11mg/5ml oral suspension,13009411000001109,VMP,0408020V0AAAMAM
12971811000001102,Midazolam 11mg/5ml oral solution,12971811000001102,AMP,0408020V0AAAMAM
12971311000001106,Midazolam 11mg/5ml oral suspension,12971311000001106,AMP,0408020V0AAAMAM
34466711000001103,Midazolam 10mg/1ml oromucosal solution pre-filled oral syringes sugar free,34466711000001103,VMP,0408020V0AAASAS
39878911000001104,Midazolam 5mg/0.5ml oromucosal solution pre-filled oral syringes,39878911000001104,VMP,0408020V0AAATAT
39859711000001107,Midazolam 5mg/0.5ml oromucosal solution pre-filled oral syringes,39859711000001107,AMP,0408020V0AAATAT
39879011000001108,Midazolam 7.5mg/0.75ml oromucosal solution pre-filled oral syringes,39879011000001108,VMP,0408020V0AAAUAU
39860411000001102,Midazolam 7.5mg/0.75ml oromucosal solution pre-filled oral syringes,39860411000001102,AMP,0408020V0AAAUAU
41934711000001107,Midazolam 5mg/0.5ml oromucosal solution pre-filled oral syringes sugar free,41934711000001107,VMP,0408020V0AAAVAV
41934811000001104,Midazolam 7.5mg/0.75ml oromucosal solution pre-filled oral syringes sugar free,41934811000001104,VMP,0408020V0AAAWAW
41934611000001103,Midazolam 2.5mg/0.25ml oromucosal solution pre-filled oral syringes sugar free,41934611000001103,VMP,0408020V0AAAXAX
18599311000001101,Dormicum 15mg tablets,18599311000001101,AMP,0408020V0BBAAAB
18599111000001103,Dormicum 7.5mg tablets,18599111000001103,AMP,0408020V0BBABAC
34466511000001108,Epistatus 10mg/1ml oromucosal solution pre-filled oral syringes,34466511000001108,AMP,0408020V0BCABAS
41923111000001107,Epistatus 5mg/0.5ml oromucosal solution pre-filled oral syringes,41923111000001107,AMP,0408020V0BCACAV
41927211000001105,Epistatus 7.5mg/0.75ml oromucosal solution pre-filled oral syringes,41927211000001105,AMP,0408020V0BCADAW
41927811000001106,Epistatus 2.5mg/0.25ml oromucosal solution pre-filled oral syringes,41927811000001106,AMP,0408020V0BCAEAX
17020911000001109,Midazolam 2.5mg/0.5ml oromucosal solution pre-filled oral syringes,17020911000001109,VMP,0408020W0AAAAAA
32655211000001101,Midazolam 2.5mg/0.5ml oromucosal solution pre-filled oral syringes sugar free,32655211000001101,VMP,0408020W0AAAAAA
41113611000001109,Midazolam 2.5mg/0.5ml oromucosal solution pre-filled oral syringes sugar free,41113611000001109,AMP,0408020W0AAAAAA
44023711000001109,Midazolam 2.5mg/0.5ml oromucosal solution pre-filled oral syringes sugar free,44023711000001109,AMP,0408020W0AAAAAA
40210311000001102,Midazolam 2.5mg/0.5ml oromucosal solution pre-filled oral syringes sugar free,40210311000001102,AMP,0408020W0AAAAAA
45723511000001109,Midazolam 2.5mg/0.5ml oromucosal solution pre-filled oral syringes sugar free,45723511000001109,AMP,0408020W0AAAAAA
17016311000001100,Midazolam 2.5mg/0.5ml oromucosal solution pre-filled syringes,17016311000001100,AMP,0408020W0AAAAAA
17021011000001101,Midazolam 5mg/1ml oromucosal solution pre-filled oral syringes,17021011000001101,VMP,0408020W0AAABAB
32655311000001109,Midazolam 5mg/1ml oromucosal solution pre-filled oral syringes sugar free,32655311000001109,VMP,0408020W0AAABAB
41113811000001108,Midazolam 5mg/1ml oromucosal solution pre-filled oral syringes sugar free,41113811000001108,AMP,0408020W0AAABAB
44023211000001102,Midazolam 5mg/1ml oromucosal solution pre-filled oral syringes sugar free,44023211000001102,AMP,0408020W0AAABAB
40218211000001108,Midazolam 5mg/1ml oromucosal solution pre-filled oral syringes sugar free,40218211000001108,AMP,0408020W0AAABAB
45723811000001107,Midazolam 5mg/1ml oromucosal solution pre-filled oral syringes sugar free,45723811000001107,AMP,0408020W0AAABAB
17016611000001105,Midazolam 5mg/1ml oromucosal solution pre-filled syringes,17016611000001105,AMP,0408020W0AAABAB
17021111000001100,Midazolam 7.5mg/1.5ml oromucosal solution pre-filled oral syringes,17021111000001100,VMP,0408020W0AAACAC
32655411000001102,Midazolam 7.5mg/1.5ml oromucosal solution pre-filled oral syringes sugar free,32655411000001102,VMP,0408020W0AAACAC
41114011000001100,Midazolam 7.5mg/1.5ml oromucosal solution pre-filled oral syringes sugar free,41114011000001100,AMP,0408020W0AAACAC
44022811000001109,Midazolam 7.5mg/1.5ml oromucosal solution pre-filled oral syringes sugar free,44022811000001109,AMP,0408020W0AAACAC
40217911000001100,Midazolam 7.5mg/1.5ml oromucosal solution pre-filled oral syringes sugar free,40217911000001100,AMP,0408020W0AAACAC
45724311000001101,Midazolam 7.5mg/1.5ml oromucosal solution pre-filled oral syringes sugar free,45724311000001101,AMP,0408020W0AAACAC
17016911000001104,Midazolam 7.5mg/1.5ml oromucosal solution pre-filled syringes,17016911000001104,AMP,0408020W0AAACAC
17020811000001104,Midazolam 10mg/2ml oromucosal solution pre-filled oral syringes,17020811000001104,VMP,0408020W0AAADAD
32655111000001107,Midazolam 10mg/2ml oromucosal solution pre-filled oral syringes sugar free,32655111000001107,VMP,0408020W0AAADAD
41114211000001105,Midazolam 10mg/2ml oromucosal solution pre-filled oral syringes sugar free,41114211000001105,AMP,0408020W0AAADAD
44025811000001102,Midazolam 10mg/2ml oromucosal solution pre-filled oral syringes sugar free,44025811000001102,AMP,0408020W0AAADAD
40217711000001102,Midazolam 10mg/2ml oromucosal solution pre-filled oral syringes sugar free,40217711000001102,AMP,0408020W0AAADAD
45724611000001106,Midazolam 10mg/2ml oromucosal solution pre-filled oral syringes sugar free,45724611000001106,AMP,0408020W0AAADAD
17017211000001105,Midazolam 10mg/2ml oromucosal solution pre-filled syringes,17017211000001105,AMP,0408020W0AAADAD
21290611000001103,Midazolam 2.5mg/0.25ml oromucosal solution pre-filled oral syringes,21290611000001103,VMP,0408020W0AAAGAG
21276211000001108,Midazolam 2.5mg/0.25ml oromucosal solution pre-filled oral syringes,21276211000001108,AMP,0408020W0AAAGAG
36125311000001105,Midazolam 2mg/ml oral solution sugar free,36125311000001105,VMP,0408020W0AAAHAH
10570511000001108,Midazolam 2mg/ml oral solution sugar free,10570511000001108,AMP,0408020W0AAAHAH
34806011000001106,Midazolam 2mg/ml oral solution sugar free,34806011000001106,AMP,0408020W0AAAHAH
32519111000001108,Buccolam 2.5mg/0.5ml oromucosal solution pre-filled oral syringes,32519111000001108,AMP,0408020W0BBAAAA
32519411000001103,Buccolam 5mg/1ml oromucosal solution pre-filled oral syringes,32519411000001103,AMP,0408020W0BBABAB
32519711000001109,Buccolam 7.5mg/1.5ml oromucosal solution pre-filled oral syringes,32519711000001109,AMP,0408020W0BBACAC
32518811000001108,Buccolam 10mg/2ml oromucosal solution pre-filled oral syringes,32518811000001108,AMP,0408020W0BBADAD
13133711000001104,VMP previous to 42136611000001105,13133711000001104,VMP,0408010AFAAABAB
13133811000001107,VMP previous to 42136711000001101,13133811000001107,VMP,0408010AFAAACAC
134533007,VMP previous to 36037711000001108,134533007,VMP,0408010H0AABJBJ
134539006,VMP previous to 35920111000001100,134539006,VMP,040801050AAAWAW
14203311000001106,VMP previous to 42130111000001100,14203311000001106,VMP,0408010AHAAABAB
14203411000001104,VMP previous to 42130211000001106,14203411000001104,VMP,0408010AHAAACAC
14203511000001100,VMP previous to 42130311000001103,14203511000001100,VMP,0408010AHAAADAD
14203711000001105,VMP previous to 42130411000001105,14203711000001105,VMP,0408010AHAAAAAA
18771611000001104,VMP previous to 42136111000001102,18771611000001104,VMP,0408010AJAAAAAA
18771711000001108,VMP previous to 42136211000001108,18771711000001108,VMP,0408010AJAAABAB
18771811000001100,VMP previous to 42136311000001100,18771811000001100,VMP,0408010AJAAACAC
18771911000001105,VMP previous to 42136411000001107,18771911000001105,VMP,0408010AJAAADAD
18772011000001103,VMP previous to 42136511000001106,18772011000001103,VMP,0408010AJAAAEAE
21216811000001103,VMP previous to 42133111000001107,21216811000001103,VMP,0408010AKAAAEAE
21216911000001108,VMP previous to 42133211000001101,21216911000001108,VMP,0408010AKAAAFAF
21217011000001107,VMP previous to 42133311000001109,21217011000001107,VMP,0408010AKAAAAAA
21217111000001108,VMP previous to 42133411000001102,21217111000001108,VMP,0408010AKAAABAB
21217211000001102,VMP previous to 42133511000001103,21217211000001102,VMP,0408010AKAAACAC
21217311000001105,VMP previous to 42133611000001104,21217311000001105,VMP,0408010AKAAADAD
321272000,VMP previous to 42127011000001103,321272000,VMP,040801060AABTBT
322863001,VMP previous to 42125811000001104,322863001,VMP,0408010C0AAABAB
322864007,VMP previous to 42126211000001106,322864007,VMP,0408010C0AAACAC
322865008,VMP previous to 42126411000001105,322865008,VMP,0408010C0AAADAD
322883000,VMP previous to 37082411000001106,322883000,VMP,0408010C0AAAGAG
322884006,VMP previous to 37082511000001105,322884006,VMP,0408010C0AAAHAH
322887004,VMP previous to 42126011000001101,322887004,VMP,0408010C0AAAUAU
322888009,VMP previous to 42126311000001103,322888009,VMP,0408010C0AAAVAV
322889001,VMP previous to 42126111000001100,322889001,VMP,0408010C0AAAKAK
322890005,VMP previous to 42125711000001107,322890005,VMP,0408010C0AAAJAJ
322891009,VMP previous to 42125911000001109,322891009,VMP,0408010C0AAAPAP
322897008,VMP previous to 42127411000001107,322897008,VMP,0408010F0AAABAB
322898003,VMP previous to 42127311000001100,322898003,VMP,0408010F0AAACAC
322906007,VMP previous to 42128711000001100,322906007,VMP,0408010I0AAAAAA
322908008,VMP previous to 42128811000001108,322908008,VMP,0408010I0AAABAB
322915000,VMP previous to 42133711000001108,322915000,VMP,0408010N0AAAIAI
322916004,VMP previous to 42133911000001105,322916004,VMP,0408010N0AAAJAJ
322917008,VMP previous to 42134011000001108,322917008,VMP,0408010N0AAALAL
322922008,VMP previous to 35939211000001101,322922008,VMP,0408010P0AAAAAA
322927002,VMP previous to 42133811000001100,322927002,VMP,0408010N0AAACAC
322930009,VMP previous to 42134211000001103,322930009,VMP,0408010Z0AAACAC
322931008,VMP previous to 42134111000001109,322931008,VMP,0408010Z0AAAAAA
322933006,VMP previous to 42134711000001105,322933006,VMP,0408010Q0AAAFAF
322934000,VMP previous to 42134311000001106,322934000,VMP,0408010Q0AAAGAG
322942004,VMP previous to 42134511000001100,322942004,VMP,0408010Q0AAAQAQ
322943009,VMP previous to 42134411000001104,322943009,VMP,0408010Q0AAADAD
322944003,VMP previous to 42134611000001101,322944003,VMP,0408010Q0AAAPAP
322945002,VMP previous to 39025611000001101,322945002,VMP,0408010Q0AAAAAA
322948000,VMP previous to 42135811000001101,322948000,VMP,0408010U0AAABAB
322956002,VMP previous to 42137011000001100,322956002,VMP,0408010W0AAACAC
322957006,VMP previous to 42137111000001104,322957006,VMP,0408010W0AAADAD
322965009,VMP previous to 39108211000001105,322965009,VMP,0408010W0AAAZAZ
322966005,VMP previous to 39108311000001102,322966005,VMP,0408010W0AAA1A1
322967001,VMP previous to 39108411000001109,322967001,VMP,0408010W0AAA2A2
322968006,VMP previous to 35928511000001107,322968006,VMP,0408010W0AAAHAH
322969003,VMP previous to 39107811000001107,322969003,VMP,0408010W0AAABAB
322972005,VMP previous to 35928311000001101,322972005,VMP,0408010W0AAAAAA
322973000,VMP previous to 35928211000001109,322973000,VMP,0408010W0AAAEAE
322977004,VMP previous to 42138511000001107,322977004,VMP,0408010X0AAAAAA
322979001,VMP previous to 42138411000001108,322979001,VMP,0408010X0AAAFAF
322981004,VMP previous to 42131011000001105,322981004,VMP,0408010H0AAABAB
322982006,VMP previous to 42130611000001108,322982006,VMP,0408010H0AAAAAA
322985008,VMP previous to 42130911000001102,322985008,VMP,0408010H0AAACAC
322990006,VMP previous to 36566611000001108,322990006,VMP,0408010H0AAAPAP
322991005,VMP previous to 42130811000001107,322991005,VMP,0408010H0AAAQAQ
322992003,VMP previous to 42130511000001109,322992003,VMP,0408010H0AAAWAW
322994002,VMP previous to 42130711000001104,322994002,VMP,0408010H0AAA1A1
323008001,VMP previous to 42137911000001101,323008001,VMP,040801020AAAAAA
323009009,VMP previous to 42138111000001103,323009009,VMP,040801020AAABAB
323010004,VMP previous to 42138211000001109,323010004,VMP,040801020AAACAC
323011000,VMP previous to 36061111000001107,323011000,VMP,0408020U0AAAAAA
323013002,VMP previous to 42129511000001104,323013002,VMP,0408010G0AAAAAA
323014008,VMP previous to 42129711000001109,323014008,VMP,0408010G0AAABAB
323015009,VMP previous to 42129811000001101,323015009,VMP,0408010G0AAACAC
323021008,VMP previous to 42129911000001106,323021008,VMP,0408010G0AAAJAJ
323022001,VMP previous to 42130011000001101,323022001,VMP,0408010G0AAAKAK
323023006,VMP previous to 42137711000001103,323023006,VMP,040801050AAAAAA
323024000,VMP previous to 42137411000001109,323024000,VMP,040801050AAABAB
323025004,VMP previous to 42137511000001108,323025004,VMP,040801050AAACAC
323029005,VMP previous to 42137611000001107,323029005,VMP,040801050AAADAD
323032008,VMP previous to 35919911000001103,323032008,VMP,040801050AAAUAU
323033003,VMP previous to 35920011000001101,323033003,VMP,040801050AAAVAV
323036006,VMP previous to 39705111000001103,323036006,VMP,0408010ABAAAAAA
323037002,VMP previous to 39704911000001104,323037002,VMP,0408010ABAAABAB
323038007,VMP previous to 39705011000001104,323038007,VMP,0408010ABAAACAC
323046008,VMP previous to 42132811000001108,323046008,VMP,0408010D0AAACAC
323047004,VMP previous to 42132911000001103,323047004,VMP,0408010D0AAABAB
323048009,VMP previous to 42133011000001106,323048009,VMP,0408010D0AAADAD
323053004,VMP previous to 42131111000001106,323053004,VMP,0408010A0AAACAC
323054005,VMP previous to 42131311000001108,323054005,VMP,0408010A0AAABAB
323055006,VMP previous to 42131211000001100,323055006,VMP,0408010A0AAAAAA
323090003,VMP previous to 36015611000001102,323090003,VMP,0408020T0AAAAAA
347619006,VMP previous to 35939111000001107,347619006,VMP,0408010P0AAAHAH
347620000,VMP previous to 35939311000001109,347620000,VMP,0408010P0AAAIAI
347621001,VMP previous to 35939411000001102,347621001,VMP,0408010P0AAAGAG
35928011000001104,VMP previous to 39107811000001107,35928011000001104,VMP,0408010W0AAABAB
35928111000001103,VMP previous to 39108211000001105,35928111000001103,VMP,0408010W0AAAZAZ
35928411000001108,VMP previous to 39108311000001102,35928411000001108,VMP,0408010W0AAA1A1
35928611000001106,VMP previous to 39108411000001109,35928611000001106,VMP,0408010W0AAA2A2
370276006,VMP previous to 36125311000001105,370276006,VMP,0408020W0AAAHAH
371194003,VMP previous to 42135911000001106,371194003,VMP,0408010U0AABCBC
374699005,VMP previous to 42128911000001103,374699005,VMP,0408010AAAAAAAA
374700006,VMP previous to 42129011000001107,374700006,VMP,0408010AAAAABAB
374701005,VMP previous to 42129111000001108,374701005,VMP,0408010AAAAACAC
375136008,VMP previous to 42136011000001103,375136008,VMP,0408010U0AAAXAX
375396003,VMP previous to 42131411000001101,375396003,VMP,0408010A0AAAIAI
375522007,VMP previous to 42127211000001108,375522007,VMP,0408010F0AADEDE
376656003,VMP previous to 42132211000001107,376656003,VMP,0408010K0AAAAAA
407845001,VMP previous to 38752611000001105,407845001,VMP,0408010D0AAAEAE
408081004,VMP previous to 36061711000001108,408081004,VMP,0408010G0AAAXAX
409467001,VMP previous to 42129611000001100,409467001,VMP,0408010G0AAAQAQ
410930002,VMP previous to 42139011000001109,410930002,VMP,0408010ADAAAAAA
415161007,VMP previous to 42135011000001107,415161007,VMP,0408010AEAAADAD
415162000,VMP previous to 42135111000001108,415162000,VMP,0408010AEAAAEAE
415163005,VMP previous to 42135211000001102,415163005,VMP,0408010AEAAAFAF
415164004,VMP previous to 42135411000001103,415164004,VMP,0408010AEAAAAAA
415165003,VMP previous to 42135511000001104,415165003,VMP,0408010AEAAAGAG
415166002,VMP previous to 42135611000001100,415166002,VMP,0408010AEAAABAB
415167006,VMP previous to 42135711000001109,415167006,VMP,0408010AEAAACAC
417050003,VMP previous to 42139111000001105,417050003,VMP,0408010ADAAABAB
417678003,VMP previous to 42139211000001104,417678003,VMP,0408010ADAAACAC
421070002,VMP previous to 42135311000001105,421070002,VMP,0408010AEAAAIAI
423763002,VMP previous to 36038411000001103,423763002,VMP,0408010A0AAAJAJ
441464008,VMP previous to 42130111000001100,441464008,VMP,0408010AHAAABAB
441572007,VMP previous to 42136611000001105,441572007,VMP,0408010AFAAABAB
441822003,VMP previous to 42136711000001101,441822003,VMP,0408010AFAAACAC
441836008,VMP previous to 42130311000001103,441836008,VMP,0408010AHAAADAD
441947000,VMP previous to 42130211000001106,441947000,VMP,0408010AHAAACAC
442041004,VMP previous to 42130411000001105,442041004,VMP,0408010AHAAAAAA
4556011000001102,VMP previous to 42135911000001106,4556011000001102,VMP,0408010U0AABCBC
4651211000001108,VMP previous to 42132211000001107,4651211000001108,VMP,0408010K0AAAAAA
703729002,VMP previous to 42133311000001109,703729002,VMP,0408010AKAAAAAA
703730007,VMP previous to 42133411000001102,703730007,VMP,0408010AKAAABAB
703732004,VMP previous to 42133511000001103,703732004,VMP,0408010AKAAACAC
703733009,VMP previous to 42133611000001104,703733009,VMP,0408010AKAAADAD
703734003,VMP previous to 42133111000001107,703734003,VMP,0408010AKAAAEAE
703735002,VMP previous to 42133211000001101,703735002,VMP,0408010AKAAAFAF
704477007,VMP previous to 42136511000001106,704477007,VMP,0408010AJAAAEAE
704478002,VMP previous to 42136111000001102,704478002,VMP,0408010AJAAAAAA
704479005,VMP previous to 42136211000001108,704479005,VMP,0408010AJAAABAB
704480008,VMP previous to 42136311000001100,704480008,VMP,0408010AJAAACAC
704481007,VMP previous to 42136411000001107,704481007,VMP,0408010AJAAADAD
7315211000001102,VMP previous to 38752611000001105,7315211000001102,VMP,0408010D0AAAEAE
7903111000001103,VMP previous to 42135011000001107,7903111000001103,VMP,0408010AEAAADAD
7903211000001109,VMP previous to 42135111000001108,7903211000001109,VMP,0408010AEAAAEAE
7903311000001101,VMP previous to 42135211000001102,7903311000001101,VMP,0408010AEAAAFAF
7903411000001108,VMP previous to 42135411000001103,7903411000001108,VMP,0408010AEAAAAAA
7903511000001107,VMP previous to 42135511000001104,7903511000001107,VMP,0408010AEAAAGAG
7903611000001106,VMP previous to 42135611000001100,7903611000001106,VMP,0408010AEAAABAB
7903711000001102,VMP previous to 42135711000001109,7903711000001102,VMP,0408010AEAAACAC
8175411000001107,VMP previous to 42131411000001101,8175411000001107,VMP,0408010A0AAAIAI
8520311000001102,VMP previous to 42129611000001100,8520311000001102,VMP,0408010G0AAAQAQ
9306311000001108,VMP previous to 42139011000001109,9306311000001108,VMP,0408010ADAAAAAA
9306411000001101,VMP previous to 42139111000001105,9306411000001101,VMP,0408010ADAAABAB
9306511000001102,VMP previous to 42139211000001104,9306511000001102,VMP,0408010ADAAACAC
