code,term,dmd_id,dmd_type,bnf_code
11711711000001107,Amitriptyline 75mg/5ml oral solution,11711711000001107,VMP,0403010B0AAA1A1
11683811000001108,Amitriptyline 75mg/5ml oral solution,11683811000001108,AMP,0403010B0AAA1A1
11711311000001108,Amitriptyline 100mg/5ml oral solution,11711311000001108,VMP,0403010B0AAA2A2
11682611000001104,Amitriptyline 100mg/5ml oral solution,11682611000001104,AMP,0403010B0AAA2A2
33678311000001108,Amitriptyline 25mg/5ml oral suspension,33678311000001108,VMP,0403010B0AAA5A5
33670911000001107,Amitriptyline 25mg/5ml oral suspension,33670911000001107,AMP,0403010B0AAA5A5
13892411000001104,Amitriptyline 10mg/5ml oral solution,13892411000001104,VMP,0403010B0AAA6A6
8277811000001102,Amitriptyline 10mg/5ml oral suspension,8277811000001102,VMP,0403010B0AAA6A6
13879011000001108,Amitriptyline 10mg/5ml oral solution,13879011000001108,AMP,0403010B0AAA6A6
8242611000001100,Amitriptyline 10mg/5ml oral suspension,8242611000001100,AMP,0403010B0AAA6A6
11711811000001104,Amitriptyline 80mg/5ml oral solution,11711811000001104,VMP,0403010B0AAA7A7
11684511000001108,Amitriptyline 80mg/5ml oral solution,11684511000001108,AMP,0403010B0AAA7A7
35901211000001108,Amitriptyline 25mg modified-release capsules,35901211000001108,VMP,0403010B0AAAAAA
35901511000001106,Amitriptyline 50mg modified-release capsules,35901511000001106,VMP,0403010B0AAABAB
35901611000001105,Amitriptyline 50mg/5ml oral solution sugar free,35901611000001105,VMP,0403010B0AAAFAF
686711000001108,Amitriptyline 50mg/5ml oral solution sugar free,686711000001108,AMP,0403010B0AAAFAF
28379411000001104,Amitriptyline 50mg/5ml oral solution sugar free,28379411000001104,AMP,0403010B0AAAFAF
895511000001104,Amitriptyline 50mg/5ml oral solution sugar free,895511000001104,AMP,0403010B0AAAFAF
22589311000001108,Amitriptyline 50mg/5ml oral solution sugar free,22589311000001108,AMP,0403010B0AAAFAF
38784411000001105,Amitriptyline 50mg/5ml oral solution sugar free,38784411000001105,AMP,0403010B0AAAFAF
22201311000001102,Amitriptyline 50mg/5ml oral solution sugar free,22201311000001102,AMP,0403010B0AAAFAF
563711000001107,Amitriptyline 50mg/5ml oral solution sugar free,563711000001107,AMP,0403010B0AAAFAF
29763611000001107,Amitriptyline 50mg/5ml oral solution sugar free,29763611000001107,AMP,0403010B0AAAFAF
29501411000001107,Amitriptyline 50mg/5ml oral solution sugar free,29501411000001107,AMP,0403010B0AAAFAF
21762411000001109,Amitriptyline 50mg/5ml oral solution sugar free,21762411000001109,AMP,0403010B0AAAFAF
18146311000001105,Amitriptyline 50mg/5ml oral solution sugar free,18146311000001105,AMP,0403010B0AAAFAF
42291111000001104,Amitriptyline 10mg tablets,42291111000001104,VMP,0403010B0AAAGAG
310911000001104,Amitriptyline 10mg tablets,310911000001104,AMP,0403010B0AAAGAG
42755711000001104,Amitriptyline 10mg tablets,42755711000001104,AMP,0403010B0AAAGAG
18457211000001101,Amitriptyline 10mg tablets,18457211000001101,AMP,0403010B0AAAGAG
268711000001108,Amitriptyline 10mg tablets,268711000001108,AMP,0403010B0AAAGAG
179011000001109,Amitriptyline 10mg tablets,179011000001109,AMP,0403010B0AAAGAG
9784511000001105,Amitriptyline 10mg tablets,9784511000001105,AMP,0403010B0AAAGAG
45278411000001105,Amitriptyline 10mg tablets,45278411000001105,AMP,0403010B0AAAGAG
20438711000001109,Amitriptyline 10mg tablets,20438711000001109,AMP,0403010B0AAAGAG
36612511000001100,Amitriptyline 10mg tablets,36612511000001100,AMP,0403010B0AAAGAG
41543311000001100,Amitriptyline 10mg tablets,41543311000001100,AMP,0403010B0AAAGAG
22589711000001107,Amitriptyline 10mg tablets,22589711000001107,AMP,0403010B0AAAGAG
40091911000001100,Amitriptyline 10mg tablets,40091911000001100,AMP,0403010B0AAAGAG
34103511000001100,Amitriptyline 10mg tablets,34103511000001100,AMP,0403010B0AAAGAG
105411000001106,Amitriptyline 10mg tablets,105411000001106,AMP,0403010B0AAAGAG
47511000001100,Amitriptyline 10mg tablets,47511000001100,AMP,0403010B0AAAGAG
29991511000001104,Amitriptyline 10mg tablets,29991511000001104,AMP,0403010B0AAAGAG
38784611000001108,Amitriptyline 10mg tablets,38784611000001108,AMP,0403010B0AAAGAG
34966211000001108,Amitriptyline 10mg tablets,34966211000001108,AMP,0403010B0AAAGAG
17778011000001106,Amitriptyline 10mg tablets,17778011000001106,AMP,0403010B0AAAGAG
29763811000001106,Amitriptyline 10mg tablets,29763811000001106,AMP,0403010B0AAAGAG
42141111000001107,Amitriptyline 10mg tablets,42141111000001107,AMP,0403010B0AAAGAG
865611000001103,Amitriptyline 10mg tablets,865611000001103,AMP,0403010B0AAAGAG
21762711000001103,Amitriptyline 10mg tablets,21762711000001103,AMP,0403010B0AAAGAG
13059111000001107,Amitriptyline 10mg tablets,13059111000001107,AMP,0403010B0AAAGAG
42291211000001105,Amitriptyline 25mg tablets,42291211000001105,VMP,0403010B0AAAHAH
190511000001102,Amitriptyline 25mg tablets,190511000001102,AMP,0403010B0AAAHAH
42755911000001102,Amitriptyline 25mg tablets,42755911000001102,AMP,0403010B0AAAHAH
18457411000001102,Amitriptyline 25mg tablets,18457411000001102,AMP,0403010B0AAAHAH
78811000001102,Amitriptyline 25mg tablets,78811000001102,AMP,0403010B0AAAHAH
735211000001108,Amitriptyline 25mg tablets,735211000001108,AMP,0403010B0AAAHAH
9784711000001100,Amitriptyline 25mg tablets,9784711000001100,AMP,0403010B0AAAHAH
45278611000001108,Amitriptyline 25mg tablets,45278611000001108,AMP,0403010B0AAAHAH
20438911000001106,Amitriptyline 25mg tablets,20438911000001106,AMP,0403010B0AAAHAH
36613511000001107,Amitriptyline 25mg tablets,36613511000001107,AMP,0403010B0AAAHAH
41544011000001101,Amitriptyline 25mg tablets,41544011000001101,AMP,0403010B0AAAHAH
28978311000001109,Amitriptyline 25mg tablets,28978311000001109,AMP,0403010B0AAAHAH
22589911000001109,Amitriptyline 25mg tablets,22589911000001109,AMP,0403010B0AAAHAH
42543811000001105,Amitriptyline 25mg tablets,42543811000001105,AMP,0403010B0AAAHAH
34103711000001105,Amitriptyline 25mg tablets,34103711000001105,AMP,0403010B0AAAHAH
788611000001109,Amitriptyline 25mg tablets,788611000001109,AMP,0403010B0AAAHAH
440811000001107,Amitriptyline 25mg tablets,440811000001107,AMP,0403010B0AAAHAH
29991711000001109,Amitriptyline 25mg tablets,29991711000001109,AMP,0403010B0AAAHAH
38784011000001101,Amitriptyline 25mg tablets,38784011000001101,AMP,0403010B0AAAHAH
34966411000001107,Amitriptyline 25mg tablets,34966411000001107,AMP,0403010B0AAAHAH
17778711000001108,Amitriptyline 25mg tablets,17778711000001108,AMP,0403010B0AAAHAH
5162711000001107,Amitriptyline 25mg tablets,5162711000001107,AMP,0403010B0AAAHAH
15051511000001109,Amitriptyline 25mg tablets,15051511000001109,AMP,0403010B0AAAHAH
42142311000001100,Amitriptyline 25mg tablets,42142311000001100,AMP,0403010B0AAAHAH
666511000001101,Amitriptyline 25mg tablets,666511000001101,AMP,0403010B0AAAHAH
40611000001100,Amitriptyline 25mg tablets,40611000001100,AMP,0403010B0AAAHAH
21763111000001105,Amitriptyline 25mg tablets,21763111000001105,AMP,0403010B0AAAHAH
11176611000001109,Amitriptyline 25mg tablets,11176611000001109,AMP,0403010B0AAAHAH
42291311000001102,Amitriptyline 50mg tablets,42291311000001102,VMP,0403010B0AAAIAI
771511000001106,Amitriptyline 50mg tablets,771511000001106,AMP,0403010B0AAAIAI
42841211000001109,Amitriptyline 50mg tablets,42841211000001109,AMP,0403010B0AAAIAI
743811000001109,Amitriptyline 50mg tablets,743811000001109,AMP,0403010B0AAAIAI
698011000001106,Amitriptyline 50mg tablets,698011000001106,AMP,0403010B0AAAIAI
9784911000001103,Amitriptyline 50mg tablets,9784911000001103,AMP,0403010B0AAAIAI
45278811000001107,Amitriptyline 50mg tablets,45278811000001107,AMP,0403010B0AAAIAI
20439111000001101,Amitriptyline 50mg tablets,20439111000001101,AMP,0403010B0AAAIAI
36613711000001102,Amitriptyline 50mg tablets,36613711000001102,AMP,0403010B0AAAIAI
41544211000001106,Amitriptyline 50mg tablets,41544211000001106,AMP,0403010B0AAAIAI
22590111000001100,Amitriptyline 50mg tablets,22590111000001100,AMP,0403010B0AAAIAI
40092111000001108,Amitriptyline 50mg tablets,40092111000001108,AMP,0403010B0AAAIAI
778911000001108,Amitriptyline 50mg tablets,778911000001108,AMP,0403010B0AAAIAI
55411000001107,Amitriptyline 50mg tablets,55411000001107,AMP,0403010B0AAAIAI
29991911000001106,Amitriptyline 50mg tablets,29991911000001106,AMP,0403010B0AAAIAI
38784211000001106,Amitriptyline 50mg tablets,38784211000001106,AMP,0403010B0AAAIAI
34966611000001105,Amitriptyline 50mg tablets,34966611000001105,AMP,0403010B0AAAIAI
17778911000001105,Amitriptyline 50mg tablets,17778911000001105,AMP,0403010B0AAAIAI
29764011000001103,Amitriptyline 50mg tablets,29764011000001103,AMP,0403010B0AAAIAI
42141911000001105,Amitriptyline 50mg tablets,42141911000001105,AMP,0403010B0AAAIAI
540811000001101,Amitriptyline 50mg tablets,540811000001101,AMP,0403010B0AAAIAI
21763411000001100,Amitriptyline 50mg tablets,21763411000001100,AMP,0403010B0AAAIAI
11176811000001108,Amitriptyline 50mg tablets,11176811000001108,AMP,0403010B0AAAIAI
35901411000001107,Amitriptyline 25mg/5ml oral solution sugar free,35901411000001107,VMP,0403010B0AAANAN
375811000001108,Amitriptyline 25mg/5ml oral solution sugar free,375811000001108,AMP,0403010B0AAANAN
28379211000001103,Amitriptyline 25mg/5ml oral solution sugar free,28379211000001103,AMP,0403010B0AAANAN
111111000001101,Amitriptyline 25mg/5ml oral solution sugar free,111111000001101,AMP,0403010B0AAANAN
22589511000001102,Amitriptyline 25mg/5ml oral solution sugar free,22589511000001102,AMP,0403010B0AAANAN
323711000001100,Amitriptyline 25mg/5ml oral solution sugar free,323711000001100,AMP,0403010B0AAANAN
38783111000001102,Amitriptyline 25mg/5ml oral solution sugar free,38783111000001102,AMP,0403010B0AAANAN
75911000001101,Amitriptyline 25mg/5ml oral solution sugar free,75911000001101,AMP,0403010B0AAANAN
29763411000001109,Amitriptyline 25mg/5ml oral solution sugar free,29763411000001109,AMP,0403010B0AAANAN
29500111000001108,Amitriptyline 25mg/5ml oral solution sugar free,29500111000001108,AMP,0403010B0AAANAN
21762111000001104,Amitriptyline 25mg/5ml oral solution sugar free,21762111000001104,AMP,0403010B0AAANAN
18148011000001106,Amitriptyline 25mg/5ml oral solution sugar free,18148011000001106,AMP,0403010B0AAANAN
11711611000001103,Amitriptyline 2.5mg/5ml oral solution,11711611000001103,VMP,0403010B0AABBBB
11683511000001105,Amitriptyline 2.5mg/5ml oral solution,11683511000001105,AMP,0403010B0AABBBB
29686711000001103,Amitriptyline 10mg/5ml oral solution sugar free,29686711000001103,VMP,0403010B0AABCBC
30125611000001108,Amitriptyline 10mg/5ml oral solution sugar free,30125611000001108,AMP,0403010B0AABCBC
30800511000001103,Amitriptyline 10mg/5ml oral solution sugar free,30800511000001103,AMP,0403010B0AABCBC
37105611000001109,Amitriptyline 10mg/5ml oral solution sugar free,37105611000001109,AMP,0403010B0AABCBC
38783611000001105,Amitriptyline 10mg/5ml oral solution sugar free,38783611000001105,AMP,0403010B0AABCBC
32871411000001108,Amitriptyline 10mg/5ml oral solution sugar free,32871411000001108,AMP,0403010B0AABCBC
29496211000001107,Amitriptyline 10mg/5ml oral solution sugar free,29496211000001107,AMP,0403010B0AABCBC
29681411000001103,Amitriptyline 10mg/5ml oral solution sugar free,29681411000001103,AMP,0403010B0AABCBC
8277911000001107,Amitriptyline 5mg/5ml oral solution,8277911000001107,VMP,0403010B0AABDBD
8278011000001109,Amitriptyline 5mg/5ml oral suspension,8278011000001109,VMP,0403010B0AABDBD
8241611000001106,Amitriptyline 5mg/5ml oral solution,8241611000001106,AMP,0403010B0AABDBD
8242711000001109,Amitriptyline 5mg/5ml oral suspension,8242711000001109,AMP,0403010B0AABDBD
11711511000001102,Amitriptyline 15mg/5ml oral solution,11711511000001102,VMP,0403010B0AABEBE
11683211000001107,Amitriptyline 15mg/5ml oral solution,11683211000001107,AMP,0403010B0AABEBE
11711411000001101,Amitriptyline 150mg/5ml oral solution,11711411000001101,VMP,0403010B0AABFBF
11682911000001105,Amitriptyline 150mg/5ml oral solution,11682911000001105,AMP,0403010B0AABFBF
11711211000001100,Amitriptyline 1.25mg/5ml oral solution,11711211000001100,VMP,0403010B0AABGBG
11682311000001109,Amitriptyline 1.25mg/5ml oral solution,11682311000001109,AMP,0403010B0AABGBG
4534311000001106,Lentizol 25mg modified-release capsules,4534311000001106,AMP,0403010B0BDAAAA
4533611000001104,Lentizol 50mg modified-release capsules,4533611000001104,AMP,0403010B0BDABAB
514611000001101,Triptafen tablets,514611000001101,AMP,0403010B0BIAAA8
479411000001101,Triptafen-M tablets,479411000001101,AMP,0403010B0BIABA9
36046511000001104,Imipramine 25mg/5ml oral solution,36046511000001104,VMP,0403010N0AAACAC
8545711000001106,Imipramine 25mg/5ml oral solution,8545711000001106,AMP,0403010N0AAACAC
42295311000001100,Imipramine 10mg tablets,42295311000001100,VMP,0403010N0AAADAD
254311000001105,Imipramine 10mg tablets,254311000001105,AMP,0403010N0AAADAD
424211000001100,Imipramine 10mg tablets,424211000001100,AMP,0403010N0AAADAD
557411000001101,Imipramine 10mg tablets,557411000001101,AMP,0403010N0AAADAD
13411811000001101,Imipramine 10mg tablets,13411811000001101,AMP,0403010N0AAADAD
34438111000001109,Imipramine 10mg tablets,34438111000001109,AMP,0403010N0AAADAD
23947811000001101,Imipramine 10mg tablets,23947811000001101,AMP,0403010N0AAADAD
36512711000001104,Imipramine 10mg tablets,36512711000001104,AMP,0403010N0AAADAD
907411000001103,Imipramine 10mg tablets,907411000001103,AMP,0403010N0AAADAD
38997511000001106,Imipramine 10mg tablets,38997511000001106,AMP,0403010N0AAADAD
17932011000001100,Imipramine 10mg tablets,17932011000001100,AMP,0403010N0AAADAD
29877211000001105,Imipramine 10mg tablets,29877211000001105,AMP,0403010N0AAADAD
8150911000001106,Imipramine 10mg tablets,8150911000001106,AMP,0403010N0AAADAD
22057711000001109,Imipramine 10mg tablets,22057711000001109,AMP,0403010N0AAADAD
42295411000001107,Imipramine 25mg tablets,42295411000001107,VMP,0403010N0AAAEAE
569911000001107,Imipramine 25mg tablets,569911000001107,AMP,0403010N0AAAEAE
572011000001105,Imipramine 25mg tablets,572011000001105,AMP,0403010N0AAAEAE
709011000001108,Imipramine 25mg tablets,709011000001108,AMP,0403010N0AAAEAE
9806411000001104,Imipramine 25mg tablets,9806411000001104,AMP,0403010N0AAAEAE
34437911000001106,Imipramine 25mg tablets,34437911000001106,AMP,0403010N0AAAEAE
23948011000001108,Imipramine 25mg tablets,23948011000001108,AMP,0403010N0AAAEAE
36512911000001102,Imipramine 25mg tablets,36512911000001102,AMP,0403010N0AAAEAE
667611000001100,Imipramine 25mg tablets,667611000001100,AMP,0403010N0AAAEAE
38997711000001101,Imipramine 25mg tablets,38997711000001101,AMP,0403010N0AAAEAE
17932211000001105,Imipramine 25mg tablets,17932211000001105,AMP,0403010N0AAAEAE
39225211000001105,Imipramine 25mg tablets,39225211000001105,AMP,0403010N0AAAEAE
29877411000001109,Imipramine 25mg tablets,29877411000001109,AMP,0403010N0AAAEAE
8151111000001102,Imipramine 25mg tablets,8151111000001102,AMP,0403010N0AAAEAE
3511000001100,Imipramine 25mg tablets,3511000001100,AMP,0403010N0AAAEAE
22058011000001108,Imipramine 25mg tablets,22058011000001108,AMP,0403010N0AAAEAE
12637411000001106,Imipramine 100mg/5ml oral solution,12637411000001106,VMP,0403010N0AAAJAJ
12637511000001105,Imipramine 100mg/5ml oral suspension,12637511000001105,VMP,0403010N0AAAJAJ
12598311000001102,Imipramine 100mg/5ml oral solution,12598311000001102,AMP,0403010N0AAAJAJ
12598011000001100,Imipramine 100mg/5ml oral suspension,12598011000001100,AMP,0403010N0AAAJAJ
8561511000001109,Imipramine 25mg/5ml oral suspension,8561511000001109,VMP,0403010N0AAAKAK
8546511000001108,Imipramine 25mg/5ml oral suspension,8546511000001108,AMP,0403010N0AAAKAK
8561111000001100,Imipramine 10mg/5ml oral solution,8561111000001100,VMP,0403010N0AAALAL
8561211000001106,Imipramine 10mg/5ml oral suspension,8561211000001106,VMP,0403010N0AAALAL
8541711000001109,Imipramine 10mg/5ml oral solution,8541711000001109,AMP,0403010N0AAALAL
8542311000001101,Imipramine 10mg/5ml oral suspension,8542311000001101,AMP,0403010N0AAALAL
8561311000001103,Imipramine 12.5mg/5ml oral solution,8561311000001103,VMP,0403010N0AAAMAM
8561411000001105,Imipramine 12.5mg/5ml oral suspension,8561411000001105,VMP,0403010N0AAAMAM
8542911000001100,Imipramine 12.5mg/5ml oral solution,8542911000001100,AMP,0403010N0AAAMAM
8543411000001104,Imipramine 12.5mg/5ml oral suspension,8543411000001104,AMP,0403010N0AAAMAM
12637611000001109,Imipramine 40mg/5ml oral solution,12637611000001109,VMP,0403010N0AAANAN
12637711000001100,Imipramine 40mg/5ml oral suspension,12637711000001100,VMP,0403010N0AAANAN
12598911000001101,Imipramine 40mg/5ml oral solution,12598911000001101,AMP,0403010N0AAANAN
12598611000001107,Imipramine 40mg/5ml oral suspension,12598611000001107,AMP,0403010N0AAANAN
15356411000001103,Imipramine 125mg/5ml oral solution,15356411000001103,VMP,0403010N0AAAPAP
15356311000001105,Imipramine 125mg/5ml oral suspension,15356311000001105,VMP,0403010N0AAAPAP
15350611000001102,Imipramine 125mg/5ml oral solution,15350611000001102,AMP,0403010N0AAAPAP
15351111000001104,Imipramine 125mg/5ml oral suspension,15351111000001104,AMP,0403010N0AAAPAP
16423411000001100,Imipramine 25mg/5ml oral solution sugar free,16423411000001100,VMP,0403010N0AAAQAQ
16731611000001108,Imipramine 25mg/5ml oral solution sugar free,16731611000001108,AMP,0403010N0AAAQAQ
17630311000001102,Imipramine 25mg/5ml oral solution sugar free,17630311000001102,AMP,0403010N0AAAQAQ
24026811000001107,Imipramine 25mg/5ml oral solution sugar free,24026811000001107,AMP,0403010N0AAAQAQ
22624911000001106,Imipramine 25mg/5ml oral solution sugar free,22624911000001106,AMP,0403010N0AAAQAQ
21834911000001104,Imipramine 25mg/5ml oral solution sugar free,21834911000001104,AMP,0403010N0AAAQAQ
37422211000001109,Imipramine 25mg/5ml oral solution sugar free,37422211000001109,AMP,0403010N0AAAQAQ
26369111000001106,Imipramine 25mg/5ml oral solution sugar free,26369111000001106,AMP,0403010N0AAAQAQ
16422011000001100,Imipramine 25mg/5ml oral solution sugar free,16422011000001100,AMP,0403010N0AAAQAQ
27998911000001105,Imipramine 25mg/5ml oral solution sugar free,27998911000001105,AMP,0403010N0AAAQAQ
28917111000001102,Imipramine 25mg/5ml oral solution sugar free,28917111000001102,AMP,0403010N0AAAQAQ
18717511000001100,Imipramine 25mg/5ml oral solution sugar free,18717511000001100,AMP,0403010N0AAAQAQ
22057411000001103,Imipramine 25mg/5ml oral solution sugar free,22057411000001103,AMP,0403010N0AAAQAQ
53511000001107,Tofranil 25mg tablets,53511000001107,AMP,0403010N0BCABAE
214311000001103,Tofranil 25mg/5ml syrup,214311000001103,AMP,0403010N0BCACAC
39701411000001105,Nortriptyline 10mg tablets,39701411000001105,VMP,0403010V0AAADAD
18310811000001100,Nortriptyline 10mg tablets,18310811000001100,AMP,0403010V0AAADAD
24647911000001108,Nortriptyline 10mg tablets,24647911000001108,AMP,0403010V0AAADAD
34033011000001105,Nortriptyline 10mg tablets,34033011000001105,AMP,0403010V0AAADAD
34694411000001100,Nortriptyline 10mg tablets,34694411000001100,AMP,0403010V0AAADAD
18865411000001108,Nortriptyline 10mg tablets,18865411000001108,AMP,0403010V0AAADAD
42242211000001105,Nortriptyline 10mg tablets,42242211000001105,AMP,0403010V0AAADAD
37462011000001107,Nortriptyline 10mg tablets,37462011000001107,AMP,0403010V0AAADAD
36721211000001106,Nortriptyline 10mg tablets,36721211000001106,AMP,0403010V0AAADAD
41506011000001102,Nortriptyline 10mg tablets,41506011000001102,AMP,0403010V0AAADAD
42326811000001101,Nortriptyline 10mg tablets,42326811000001101,AMP,0403010V0AAADAD
18670211000001104,Nortriptyline 10mg tablets,18670211000001104,AMP,0403010V0AAADAD
37502911000001101,Nortriptyline 10mg tablets,37502911000001101,AMP,0403010V0AAADAD
39061311000001100,Nortriptyline 10mg tablets,39061311000001100,AMP,0403010V0AAADAD
36044611000001109,Nortriptyline 10mg tablets,36044611000001109,AMP,0403010V0AAADAD
41171111000001107,Nortriptyline 10mg tablets,41171111000001107,AMP,0403010V0AAADAD
43787711000001106,Nortriptyline 10mg tablets,43787711000001106,AMP,0403010V0AAADAD
36617511000001102,Nortriptyline 10mg tablets,36617511000001102,AMP,0403010V0AAADAD
42578711000001107,Nortriptyline 10mg tablets,42578711000001107,AMP,0403010V0AAADAD
42564311000001107,Nortriptyline 10mg tablets,42564311000001107,AMP,0403010V0AAADAD
29951911000001102,Nortriptyline 10mg tablets,29951911000001102,AMP,0403010V0AAADAD
37423711000001105,Nortriptyline 10mg tablets,37423711000001105,AMP,0403010V0AAADAD
40708511000001102,Nortriptyline 10mg tablets,40708511000001102,AMP,0403010V0AAADAD
34105711000001106,Nortriptyline 10mg tablets,34105711000001106,AMP,0403010V0AAADAD
39701511000001109,Nortriptyline 25mg tablets,39701511000001109,VMP,0403010V0AAAEAE
18311011000001102,Nortriptyline 25mg tablets,18311011000001102,AMP,0403010V0AAAEAE
24648311000001108,Nortriptyline 25mg tablets,24648311000001108,AMP,0403010V0AAAEAE
34033211000001100,Nortriptyline 25mg tablets,34033211000001100,AMP,0403010V0AAAEAE
34694211000001104,Nortriptyline 25mg tablets,34694211000001104,AMP,0403010V0AAAEAE
19359611000001102,Nortriptyline 25mg tablets,19359611000001102,AMP,0403010V0AAAEAE
42242711000001103,Nortriptyline 25mg tablets,42242711000001103,AMP,0403010V0AAAEAE
37760211000001106,Nortriptyline 25mg tablets,37760211000001106,AMP,0403010V0AAAEAE
36721411000001105,Nortriptyline 25mg tablets,36721411000001105,AMP,0403010V0AAAEAE
41506211000001107,Nortriptyline 25mg tablets,41506211000001107,AMP,0403010V0AAAEAE
42332111000001107,Nortriptyline 25mg tablets,42332111000001107,AMP,0403010V0AAAEAE
18876511000001109,Nortriptyline 25mg tablets,18876511000001109,AMP,0403010V0AAAEAE
37503311000001107,Nortriptyline 25mg tablets,37503311000001107,AMP,0403010V0AAAEAE
39061511000001106,Nortriptyline 25mg tablets,39061511000001106,AMP,0403010V0AAAEAE
36045111000001102,Nortriptyline 25mg tablets,36045111000001102,AMP,0403010V0AAAEAE
41171311000001109,Nortriptyline 25mg tablets,41171311000001109,AMP,0403010V0AAAEAE
43787911000001108,Nortriptyline 25mg tablets,43787911000001108,AMP,0403010V0AAAEAE
36618711000001108,Nortriptyline 25mg tablets,36618711000001108,AMP,0403010V0AAAEAE
42578911000001109,Nortriptyline 25mg tablets,42578911000001109,AMP,0403010V0AAAEAE
42564511000001101,Nortriptyline 25mg tablets,42564511000001101,AMP,0403010V0AAAEAE
29952111000001105,Nortriptyline 25mg tablets,29952111000001105,AMP,0403010V0AAAEAE
37424011000001105,Nortriptyline 25mg tablets,37424011000001105,AMP,0403010V0AAAEAE
40708711000001107,Nortriptyline 25mg tablets,40708711000001107,AMP,0403010V0AAAEAE
34105911000001108,Nortriptyline 25mg tablets,34105911000001108,AMP,0403010V0AAAEAE
15000711000001103,Nortriptyline 10mg/5ml oral suspension,15000711000001103,VMP,0403010V0AAAGAG
14986511000001106,Nortriptyline 10mg/5ml oral suspension,14986511000001106,AMP,0403010V0AAAGAG
15000611000001107,Nortriptyline 10mg/5ml oral solution,15000611000001107,VMP,0403010V0AAANAN
14986211000001108,Nortriptyline 10mg/5ml oral solution,14986211000001108,AMP,0403010V0AAANAN
14057111000001104,Nortriptyline 25mg/5ml oral solution,14057111000001104,VMP,0403010V0AAAQAQ
14057211000001105,Nortriptyline 25mg/5ml oral suspension,14057211000001105,VMP,0403010V0AAAQAQ
14019611000001108,Nortriptyline 25mg/5ml oral solution,14019611000001108,AMP,0403010V0AAAQAQ
14019911000001102,Nortriptyline 25mg/5ml oral suspension,14019911000001102,AMP,0403010V0AAAQAQ
34034111000001108,Nortriptyline 50mg tablets,34034111000001108,VMP,0403010V0AAARAR
34468511000001109,Nortriptyline 50mg tablets,34468511000001109,AMP,0403010V0AAARAR
34033911000001109,Nortriptyline 50mg tablets,34033911000001109,AMP,0403010V0AAARAR
34196311000001100,Nortriptyline 50mg tablets,34196311000001100,AMP,0403010V0AAARAR
42243311000001107,Nortriptyline 50mg tablets,42243311000001107,AMP,0403010V0AAARAR
37462411000001103,Nortriptyline 50mg tablets,37462411000001103,AMP,0403010V0AAARAR
42587411000001108,Nortriptyline 50mg tablets,42587411000001108,AMP,0403010V0AAARAR
41797411000001107,Nortriptyline 50mg tablets,41797411000001107,AMP,0403010V0AAARAR
39061111000001102,Nortriptyline 50mg tablets,39061111000001102,AMP,0403010V0AAARAR
37424311000001108,Nortriptyline 50mg tablets,37424311000001108,AMP,0403010V0AAARAR
40708911000001109,Nortriptyline 50mg tablets,40708911000001109,AMP,0403010V0AAARAR
34841011000001109,Nortriptyline 50mg/5ml oral suspension,34841011000001109,VMP,0403010V0AAASAS
34824911000001108,Nortriptyline 50mg/5ml oral suspension,34824911000001108,AMP,0403010V0AAASAS
35611511000001105,Nortriptyline 50mg/5ml oral solution,35611511000001105,VMP,0403010V0AAATAT
35605011000001102,Nortriptyline 50mg/5ml oral solution,35605011000001102,AMP,0403010V0AAATAT
37868911000001103,Nortriptyline 10mg/5ml oral solution sugar free,37868911000001103,VMP,0403010V0AAAUAU
40669611000001103,Nortriptyline 10mg/5ml oral solution sugar free,40669611000001103,AMP,0403010V0AAAUAU
37875011000001104,Nortriptyline 10mg/5ml oral solution sugar free,37875011000001104,AMP,0403010V0AAAUAU
37857311000001107,Nortriptyline 10mg/5ml oral solution sugar free,37857311000001107,AMP,0403010V0AAAUAU
37869011000001107,Nortriptyline 25mg/5ml oral solution sugar free,37869011000001107,VMP,0403010V0AAAVAV
40669811000001104,Nortriptyline 25mg/5ml oral solution sugar free,40669811000001104,AMP,0403010V0AAAVAV
37875211000001109,Nortriptyline 25mg/5ml oral solution sugar free,37875211000001109,AMP,0403010V0AAAVAV
37857611000001102,Nortriptyline 25mg/5ml oral solution sugar free,37857611000001102,AMP,0403010V0AAAVAV
38285811000001101,Nortriptyline 10mg capsules,38285811000001101,VMP,0403010V0AAAWAW
43555011000001109,Nortriptyline 10mg capsules,43555011000001109,AMP,0403010V0AAAWAW
39081211000001105,Nortriptyline 10mg capsules,39081211000001105,AMP,0403010V0AAAWAW
40364111000001103,Nortriptyline 10mg capsules,40364111000001103,AMP,0403010V0AAAWAW
38236211000001104,Nortriptyline 10mg capsules,38236211000001104,AMP,0403010V0AAAWAW
39885011000001102,Nortriptyline 10mg capsules,39885011000001102,AMP,0403010V0AAAWAW
38285911000001106,Nortriptyline 25mg capsules,38285911000001106,VMP,0403010V0AAAXAX
43555311000001107,Nortriptyline 25mg capsules,43555311000001107,AMP,0403010V0AAAXAX
39081411000001109,Nortriptyline 25mg capsules,39081411000001109,AMP,0403010V0AAAXAX
40364611000001106,Nortriptyline 25mg capsules,40364611000001106,AMP,0403010V0AAAXAX
38235811000001106,Nortriptyline 25mg capsules,38235811000001106,AMP,0403010V0AAAXAX
39885211000001107,Nortriptyline 25mg capsules,39885211000001107,AMP,0403010V0AAAXAX
893811000001100,Allegron 10mg tablets,893811000001100,AMP,0403010V0BBAAAD
629711000001106,Allegron 25mg tablets,629711000001106,AMP,0403010V0BBABAE
491811000001108,Motipress tablets,491811000001108,AMP,0403010V0BDAAAL
125111000001109,Motival 10mg/500microgram tablets,125111000001109,AMP,0403010V0BEAAAM
42294111000001101,Duloxetine 30mg gastro-resistant capsules,42294111000001101,VMP,0403040Y0AAAAAA
29226011000001105,Duloxetine 30mg gastro-resistant capsules,29226011000001105,AMP,0403040Y0AAAAAA
34931611000001107,Duloxetine 30mg gastro-resistant capsules,34931611000001107,AMP,0403040Y0AAAAAA
29287311000001101,Duloxetine 30mg gastro-resistant capsules,29287311000001101,AMP,0403040Y0AAAAAA
31895311000001107,Duloxetine 30mg gastro-resistant capsules,31895311000001107,AMP,0403040Y0AAAAAA
41110811000001101,Duloxetine 30mg gastro-resistant capsules,41110811000001101,AMP,0403040Y0AAAAAA
34503911000001103,Duloxetine 30mg gastro-resistant capsules,34503911000001103,AMP,0403040Y0AAAAAA
40590611000001104,Duloxetine 30mg gastro-resistant capsules,40590611000001104,AMP,0403040Y0AAAAAA
31379511000001105,Duloxetine 30mg gastro-resistant capsules,31379511000001105,AMP,0403040Y0AAAAAA
30052411000001107,Duloxetine 30mg gastro-resistant capsules,30052411000001107,AMP,0403040Y0AAAAAA
30085411000001106,Duloxetine 30mg gastro-resistant capsules,30085411000001106,AMP,0403040Y0AAAAAA
34496111000001101,Duloxetine 30mg gastro-resistant capsules,34496111000001101,AMP,0403040Y0AAAAAA
44171411000001109,Duloxetine 30mg gastro-resistant capsules,44171411000001109,AMP,0403040Y0AAAAAA
29432911000001109,Duloxetine 30mg gastro-resistant capsules,29432911000001109,AMP,0403040Y0AAAAAA
37502711000001103,Duloxetine 30mg gastro-resistant capsules,37502711000001103,AMP,0403040Y0AAAAAA
41728111000001105,Duloxetine 30mg gastro-resistant capsules,41728111000001105,AMP,0403040Y0AAAAAA
38877811000001107,Duloxetine 30mg gastro-resistant capsules,38877811000001107,AMP,0403040Y0AAAAAA
35142611000001109,Duloxetine 30mg gastro-resistant capsules,35142611000001109,AMP,0403040Y0AAAAAA
32429211000001104,Duloxetine 30mg gastro-resistant capsules,32429211000001104,AMP,0403040Y0AAAAAA
37858811000001104,Duloxetine 30mg gastro-resistant capsules,37858811000001104,AMP,0403040Y0AAAAAA
29823311000001105,Duloxetine 30mg gastro-resistant capsules,29823311000001105,AMP,0403040Y0AAAAAA
35861011000001109,Duloxetine 30mg gastro-resistant capsules,35861011000001109,AMP,0403040Y0AAAAAA
37333211000001105,Duloxetine 30mg gastro-resistant capsules,37333211000001105,AMP,0403040Y0AAAAAA
34759111000001105,Duloxetine 30mg gastro-resistant capsules,34759111000001105,AMP,0403040Y0AAAAAA
30951711000001102,Duloxetine 30mg gastro-resistant capsules,30951711000001102,AMP,0403040Y0AAAAAA
42294211000001107,Duloxetine 60mg gastro-resistant capsules,42294211000001107,VMP,0403040Y0AAABAB
29299211000001102,Duloxetine 60mg gastro-resistant capsules,29299211000001102,AMP,0403040Y0AAABAB
34931811000001106,Duloxetine 60mg gastro-resistant capsules,34931811000001106,AMP,0403040Y0AAABAB
29288211000001108,Duloxetine 60mg gastro-resistant capsules,29288211000001108,AMP,0403040Y0AAABAB
31896311000001102,Duloxetine 60mg gastro-resistant capsules,31896311000001102,AMP,0403040Y0AAABAB
41130411000001109,Duloxetine 60mg gastro-resistant capsules,41130411000001109,AMP,0403040Y0AAABAB
34504311000001102,Duloxetine 60mg gastro-resistant capsules,34504311000001102,AMP,0403040Y0AAABAB
40590811000001100,Duloxetine 60mg gastro-resistant capsules,40590811000001100,AMP,0403040Y0AAABAB
31379811000001108,Duloxetine 60mg gastro-resistant capsules,31379811000001108,AMP,0403040Y0AAABAB
30052811000001109,Duloxetine 60mg gastro-resistant capsules,30052811000001109,AMP,0403040Y0AAABAB
30085711000001100,Duloxetine 60mg gastro-resistant capsules,30085711000001100,AMP,0403040Y0AAABAB
34496711000001100,Duloxetine 60mg gastro-resistant capsules,34496711000001100,AMP,0403040Y0AAABAB
44171611000001107,Duloxetine 60mg gastro-resistant capsules,44171611000001107,AMP,0403040Y0AAABAB
29433211000001106,Duloxetine 60mg gastro-resistant capsules,29433211000001106,AMP,0403040Y0AAABAB
30124211000001105,Duloxetine 60mg gastro-resistant capsules,30124211000001105,AMP,0403040Y0AAABAB
41752211000001100,Duloxetine 60mg gastro-resistant capsules,41752211000001100,AMP,0403040Y0AAABAB
38878211000001105,Duloxetine 60mg gastro-resistant capsules,38878211000001105,AMP,0403040Y0AAABAB
35143011000001106,Duloxetine 60mg gastro-resistant capsules,35143011000001106,AMP,0403040Y0AAABAB
32429611000001102,Duloxetine 60mg gastro-resistant capsules,32429611000001102,AMP,0403040Y0AAABAB
37859011000001100,Duloxetine 60mg gastro-resistant capsules,37859011000001100,AMP,0403040Y0AAABAB
29824011000001109,Duloxetine 60mg gastro-resistant capsules,29824011000001109,AMP,0403040Y0AAABAB
36476211000001108,Duloxetine 60mg gastro-resistant capsules,36476211000001108,AMP,0403040Y0AAABAB
39536611000001106,Duloxetine 60mg gastro-resistant capsules,39536611000001106,AMP,0403040Y0AAABAB
34761911000001102,Duloxetine 60mg gastro-resistant capsules,34761911000001102,AMP,0403040Y0AAABAB
30951911000001100,Duloxetine 60mg gastro-resistant capsules,30951911000001100,AMP,0403040Y0AAABAB
39964811000001101,Duloxetine 90mg gastro-resistant capsules,39964811000001101,VMP,0403040Y0AAACAC
40083811000001108,Duloxetine 90mg gastro-resistant capsules,40083811000001108,AMP,0403040Y0AAACAC
41325611000001109,Duloxetine 90mg gastro-resistant capsules,41325611000001109,AMP,0403040Y0AAACAC
40196611000001107,Duloxetine 90mg gastro-resistant capsules,40196611000001107,AMP,0403040Y0AAACAC
43144411000001109,Duloxetine 90mg gastro-resistant capsules,43144411000001109,AMP,0403040Y0AAACAC
39949011000001104,Duloxetine 90mg gastro-resistant capsules,39949011000001104,AMP,0403040Y0AAACAC
39964711000001109,Duloxetine 120mg gastro-resistant capsules,39964711000001109,VMP,0403040Y0AAADAD
40084011000001100,Duloxetine 120mg gastro-resistant capsules,40084011000001100,AMP,0403040Y0AAADAD
41325411000001106,Duloxetine 120mg gastro-resistant capsules,41325411000001106,AMP,0403040Y0AAADAD
40196411000001109,Duloxetine 120mg gastro-resistant capsules,40196411000001109,AMP,0403040Y0AAADAD
43144211000001105,Duloxetine 120mg gastro-resistant capsules,43144211000001105,AMP,0403040Y0AAADAD
39949311000001101,Duloxetine 120mg gastro-resistant capsules,39949311000001101,AMP,0403040Y0AAADAD
9038411000001109,Cymbalta 30mg gastro-resistant capsules,9038411000001109,AMP,0403040Y0BBAAAA
9039311000001108,Cymbalta 60mg gastro-resistant capsules,9039311000001108,AMP,0403040Y0BBABAB
30990411000001105,Duciltia 30mg gastro-resistant capsules,30990411000001105,AMP,0403040Y0BCAAAA
30990611000001108,Duciltia 60mg gastro-resistant capsules,30990611000001108,AMP,0403040Y0BCAAAB
35034711000001103,Depalta 30mg gastro-resistant capsules,35034711000001103,AMP,0403040Y0BDAAAA
35035211000001106,Depalta 60mg gastro-resistant capsules,35035211000001106,AMP,0403040Y0BDABAB
36871511000001108,Dutor 30mg gastro-resistant capsules,36871511000001108,AMP,0403040Y0BEAAAA
36871911000001101,Dutor 60mg gastro-resistant capsules,36871911000001101,AMP,0403040Y0BEABAB
4171411000001108,Co-methiamol 100mg/500mg tablets,4171411000001108,VMP,040701020AAAAAA
4162111000001102,Paradote 100mg/500mg tablets,4162111000001102,AMP,040701020BBAAAA
39695311000001105,Aspirin 500mg / Papaveretum 7.71mg dispersible tablets sugar free,39695311000001105,VMP,0407010A0AAABAB
3690911000001103,Aspav dispersible tablets,3690911000001103,AMP,0407010A0BBAAAB
8985811000001103,Aspirin 325mg / Caffeine 15mg tablets,8985811000001103,VMP,0407010AAAAABAB
4939011000001104,Aspirin 600mg / Caffeine 50mg oral powder sachets sugar free,4939011000001104,VMP,0407010AAAAACAC
8984711000001107,Anadin Original tablets,8984711000001107,AMP,0407010AABCAAAB
4937411000001104,Beechams Powders oral powder sachets,4937411000001104,AMP,0407010AABDAAAC
18595211000001106,Paracetamol 500mg / Ibuprofen 200mg tablets,18595211000001106,VMP,0407010ADAAAAAA
45050211000001102,Paracetamol 500mg / Ibuprofen 200mg tablets,45050211000001102,AMP,0407010ADAAAAAA
44932011000001107,Paracetamol 500mg / Ibuprofen 200mg tablets,44932011000001107,AMP,0407010ADAAAAAA
33568211000001100,Paracetamol 500mg / Ibuprofen 150mg tablets,33568211000001100,VMP,0407010ADAAABAB
18594011000001100,Nuromol Dual Action Pain Relief 200mg/500mg tablets,18594011000001100,AMP,0407010ADBBAAAA
33563011000001103,Combogesic 500mg/150mg tablets,33563011000001103,AMP,0407010ADBCAAAB
42291511000001108,Aspirin 300mg gastro-resistant tablets,42291511000001108,VMP,0407010B0AAA3A3
211011000001104,Aspirin 300mg gastro-resistant tablets,211011000001104,AMP,0407010B0AAA3A3
10287611000001106,Aspirin 300mg gastro-resistant tablets,10287611000001106,AMP,0407010B0AAA3A3
722911000001109,Aspirin 300mg gastro-resistant tablets,722911000001109,AMP,0407010B0AAA3A3
10450411000001103,Aspirin 300mg gastro-resistant tablets,10450411000001103,AMP,0407010B0AAA3A3
22611011000001100,Aspirin 300mg gastro-resistant tablets,22611011000001100,AMP,0407010B0AAA3A3
879911000001103,Aspirin 300mg gastro-resistant tablets,879911000001103,AMP,0407010B0AAA3A3
841411000001106,Aspirin 300mg gastro-resistant tablets,841411000001106,AMP,0407010B0AAA3A3
38797111000001106,Aspirin 300mg gastro-resistant tablets,38797111000001106,AMP,0407010B0AAA3A3
17786711000001101,Aspirin 300mg gastro-resistant tablets,17786711000001101,AMP,0407010B0AAA3A3
575111000001104,Aspirin 300mg gastro-resistant tablets,575111000001104,AMP,0407010B0AAA3A3
29771011000001108,Aspirin 300mg gastro-resistant tablets,29771011000001108,AMP,0407010B0AAA3A3
10821811000001100,Aspirin 300mg gastro-resistant tablets,10821811000001100,AMP,0407010B0AAA3A3
65611000001104,Aspirin 300mg gastro-resistant tablets,65611000001104,AMP,0407010B0AAA3A3
13435711000001102,Aspirin 300mg gastro-resistant tablets,13435711000001102,AMP,0407010B0AAA3A3
21778211000001102,Aspirin 300mg gastro-resistant tablets,21778211000001102,AMP,0407010B0AAA3A3
8280511000001107,Aspirin 300mg/5ml oral solution,8280511000001107,VMP,0407010B0AAABAB
8280611000001106,Aspirin 300mg/5ml oral suspension,8280611000001106,VMP,0407010B0AAABAB
8252011000001109,Aspirin 300mg/5ml oral solution,8252011000001109,AMP,0407010B0AAABAB
8252611000001102,Aspirin 300mg/5ml oral suspension,8252611000001102,AMP,0407010B0AAABAB
39695211000001102,Aspirin 300mg dispersible tablets,39695211000001102,VMP,0407010B0AAAEAE
785211000001100,Aspirin 300mg dispersible tablets,785211000001100,AMP,0407010B0AAAEAE
442511000001105,Aspirin 300mg dispersible tablets,442511000001105,AMP,0407010B0AAAEAE
894511000001100,Aspirin 300mg dispersible tablets,894511000001100,AMP,0407010B0AAAEAE
9789911000001102,Aspirin 300mg dispersible tablets,9789911000001102,AMP,0407010B0AAAEAE
420711000001101,Aspirin 300mg dispersible tablets,420711000001101,AMP,0407010B0AAAEAE
13585411000001105,Aspirin 300mg dispersible tablets,13585411000001105,AMP,0407010B0AAAEAE
714511000001101,Aspirin 300mg dispersible tablets,714511000001101,AMP,0407010B0AAAEAE
9827511000001106,Aspirin 300mg dispersible tablets,9827511000001106,AMP,0407010B0AAAEAE
29996411000001109,Aspirin 300mg dispersible tablets,29996411000001109,AMP,0407010B0AAAEAE
38796211000001102,Aspirin 300mg dispersible tablets,38796211000001102,AMP,0407010B0AAAEAE
13662111000001104,Aspirin 300mg dispersible tablets,13662111000001104,AMP,0407010B0AAAEAE
15069811000001103,Aspirin 300mg dispersible tablets,15069811000001103,AMP,0407010B0AAAEAE
21777011000001106,Aspirin 300mg dispersible tablets,21777011000001106,AMP,0407010B0AAAEAE
42291711000001103,Aspirin 300mg tablets,42291711000001103,VMP,0407010B0AAAFAF
17958611000001108,Aspirin 300mg caplets,17958611000001108,AMP,0407010B0AAAFAF
27167811000001103,Aspirin 300mg caplets,27167811000001103,AMP,0407010B0AAAFAF
802811000001105,Aspirin 300mg tablets,802811000001105,AMP,0407010B0AAAFAF
607311000001106,Aspirin 300mg tablets,607311000001106,AMP,0407010B0AAAFAF
493511000001109,Aspirin 300mg tablets,493511000001109,AMP,0407010B0AAAFAF
17962211000001101,Aspirin 300mg tablets,17962211000001101,AMP,0407010B0AAAFAF
696811000001101,Aspirin 300mg tablets,696811000001101,AMP,0407010B0AAAFAF
15985711000001102,Aspirin 300mg tablets,15985711000001102,AMP,0407010B0AAAFAF
22611511000001108,Aspirin 300mg tablets,22611511000001108,AMP,0407010B0AAAFAF
311111000001108,Aspirin 300mg tablets,311111000001108,AMP,0407010B0AAAFAF
7986611000001101,Aspirin 300mg tablets,7986611000001101,AMP,0407010B0AAAFAF
29995811000001103,Aspirin 300mg tablets,29995811000001103,AMP,0407010B0AAAFAF
38796411000001103,Aspirin 300mg tablets,38796411000001103,AMP,0407010B0AAAFAF
24584511000001105,Aspirin 300mg tablets,24584511000001105,AMP,0407010B0AAAFAF
621811000001104,Aspirin 300mg tablets,621811000001104,AMP,0407010B0AAAFAF
15067611000001107,Aspirin 300mg tablets,15067611000001107,AMP,0407010B0AAAFAF
5019911000001105,Aspirin 300mg tablets,5019911000001105,AMP,0407010B0AAAFAF
21777511000001103,Aspirin 300mg tablets,21777511000001103,AMP,0407010B0AAAFAF
13379211000001100,Aspirin 300mg tablets,13379211000001100,AMP,0407010B0AAAFAF
4650611000001100,Aspirin 500mg effervescent tablets sugar free,4650611000001100,VMP,0407010B0AAAGAG
4930911000001106,Aspirin 300mg orodispersible tablets sugar free,4930911000001106,VMP,0407010B0AAANAN
42291411000001109,Aspirin 150mg suppositories,42291411000001109,VMP,0407010B0AABCBC
716511000001107,Aspirin 150mg suppositories,716511000001107,AMP,0407010B0AABCBC
576411000001100,Aspirin 150mg suppositories,576411000001100,AMP,0407010B0AABCBC
22833911000001102,Aspirin 150mg suppositories,22833911000001102,AMP,0407010B0AABCBC
686211000001101,Aspirin 150mg suppositories,686211000001101,AMP,0407010B0AABCBC
42291611000001107,Aspirin 300mg suppositories,42291611000001107,VMP,0407010B0AABEBE
307411000001109,Aspirin 300mg suppositories,307411000001109,AMP,0407010B0AABEBE
679211000001103,Aspirin 300mg suppositories,679211000001103,AMP,0407010B0AABEBE
22834111000001103,Aspirin 300mg suppositories,22834111000001103,AMP,0407010B0AABEBE
893011000001106,Aspirin 300mg suppositories,893011000001106,AMP,0407010B0AABEBE
443311000001109,Aspirin 300mg suppositories,443311000001109,AMP,0407010B0AABEBE
5145711000001107,Aspirin powder,5145711000001107,VMP,0407010B0AABRBR
5135311000001107,Aspirin powder,5135311000001107,AMP,0407010B0AABRBR
5135611000001102,Aspirin powder,5135611000001102,AMP,0407010B0AABRBR
4897611000001102,Aspirin 500mg granules sachets sugar free,4897611000001102,VMP,0407010B0AACBCB
4660611000001105,Aspirin 300mg effervescent tablets sugar free,4660611000001105,VMP,0407010B0AACCCC
4558011000001103,Aspirin 300mg modified-release tablets,4558011000001103,VMP,0407010B0AACGCG
901211000001107,Caprin 300mg gastro-resistant tablets,901211000001107,AMP,0407010B0BBABA3
183311000001101,Nu-Seals 300 gastro-resistant tablets,183311000001101,AMP,0407010B0BDAAA3
4649111000001101,Aspro Clear 300mg effervescent tablets,4649111000001101,AMP,0407010B0BGABCC
4648711000001109,Maximum Strength Aspro Clear 500mg effervescent tablets,4648711000001109,AMP,0407010B0BGACAG
4906811000001106,Disprin Direct 300mg orodispersible tablets,4906811000001106,AMP,0407010B0BJAAAN
544911000001101,Disprin 300mg dispersible tablets,544911000001101,AMP,0407010B0BJABAE
4532311000001104,Disprin CV 300mg modified-release tablets,4532311000001104,AMP,0407010B0BJACCG
4890011000001108,Alka Rapid Crystals 500mg granules sachets,4890011000001108,AMP,0407010B0BRAACB
30991911000001109,Boots Aspirin 300mg dispersible tablets,30991911000001109,AMP,0407010B0BSAAAE
42010211000001106,Co-codamol 8mg/500mg tablets,42010211000001106,VMP,0407010F0AAAAAA
35671811000001104,Co-codamol 8mg/500mg caplets,35671811000001104,AMP,0407010F0AAAAAA
30772511000001106,Co-codamol 8mg/500mg caplets,30772511000001106,AMP,0407010F0AAAAAA
22633511000001104,Co-codamol 8mg/500mg caplets,22633511000001104,AMP,0407010F0AAAAAA
32399311000001108,Co-codamol 8mg/500mg caplets,32399311000001108,AMP,0407010F0AAAAAA
11579211000001107,Co-codamol 8mg/500mg caplets,11579211000001107,AMP,0407010F0AAAAAA
31920011000001102,Co-codamol 8mg/500mg caplets,31920011000001102,AMP,0407010F0AAAAAA
660011000001106,Co-codamol 8mg/500mg tablets,660011000001106,AMP,0407010F0AAAAAA
42756111000001106,Co-codamol 8mg/500mg tablets,42756111000001106,AMP,0407010F0AAAAAA
35689011000001101,Co-codamol 8mg/500mg tablets,35689011000001101,AMP,0407010F0AAAAAA
165011000001101,Co-codamol 8mg/500mg tablets,165011000001101,AMP,0407010F0AAAAAA
585411000001100,Co-codamol 8mg/500mg tablets,585411000001100,AMP,0407010F0AAAAAA
15162411000001100,Co-codamol 8mg/500mg tablets,15162411000001100,AMP,0407010F0AAAAAA
10398111000001105,Co-codamol 8mg/500mg tablets,10398111000001105,AMP,0407010F0AAAAAA
264411000001106,Co-codamol 8mg/500mg tablets,264411000001106,AMP,0407010F0AAAAAA
14802711000001106,Co-codamol 8mg/500mg tablets,14802711000001106,AMP,0407010F0AAAAAA
15990111000001107,Co-codamol 8mg/500mg tablets,15990111000001107,AMP,0407010F0AAAAAA
28984411000001104,Co-codamol 8mg/500mg tablets,28984411000001104,AMP,0407010F0AAAAAA
22637011000001101,Co-codamol 8mg/500mg tablets,22637011000001101,AMP,0407010F0AAAAAA
809211000001101,Co-codamol 8mg/500mg tablets,809211000001101,AMP,0407010F0AAAAAA
42869911000001108,Co-codamol 8mg/500mg tablets,42869911000001108,AMP,0407010F0AAAAAA
244711000001106,Co-codamol 8mg/500mg tablets,244711000001106,AMP,0407010F0AAAAAA
7929711000001108,Co-codamol 8mg/500mg tablets,7929711000001108,AMP,0407010F0AAAAAA
24033811000001100,Co-codamol 8mg/500mg tablets,24033811000001100,AMP,0407010F0AAAAAA
30016911000001107,Co-codamol 8mg/500mg tablets,30016911000001107,AMP,0407010F0AAAAAA
38855311000001108,Co-codamol 8mg/500mg tablets,38855311000001108,AMP,0407010F0AAAAAA
15367411000001108,Co-codamol 8mg/500mg tablets,15367411000001108,AMP,0407010F0AAAAAA
11211000001100,Co-codamol 8mg/500mg tablets,11211000001100,AMP,0407010F0AAAAAA
17886211000001106,Co-codamol 8mg/500mg tablets,17886211000001106,AMP,0407010F0AAAAAA
15215311000001102,Co-codamol 8mg/500mg tablets,15215311000001102,AMP,0407010F0AAAAAA
517411000001109,Co-codamol 8mg/500mg tablets,517411000001109,AMP,0407010F0AAAAAA
816111000001101,Co-codamol 8mg/500mg tablets,816111000001101,AMP,0407010F0AAAAAA
13746611000001106,Co-codamol 8mg/500mg tablets,13746611000001106,AMP,0407010F0AAAAAA
5020311000001105,Co-codamol 8mg/500mg tablets,5020311000001105,AMP,0407010F0AAAAAA
330611000001103,Co-codamol 8mg/500mg tablets,330611000001103,AMP,0407010F0AAAAAA
22388511000001105,Co-codamol 8mg/500mg tablets,22388511000001105,AMP,0407010F0AAAAAA
18145611000001105,Co-codamol 8mg/500mg tablets,18145611000001105,AMP,0407010F0AAAAAA
929711000001105,Co-codamol 8mg/500mg tablets,929711000001105,AMP,0407010F0AAAAAA
42010011000001101,Co-codamol 8mg/500mg capsules,42010011000001101,VMP,0407010F0AAABAB
13367311000001107,Co-codamol 8mg/500mg capsules,13367311000001107,AMP,0407010F0AAABAB
12872711000001106,Co-codamol 8mg/500mg capsules,12872711000001106,AMP,0407010F0AAABAB
14286711000001102,Co-codamol 8mg/500mg capsules,14286711000001102,AMP,0407010F0AAABAB
15611011000001104,Co-codamol 8mg/500mg capsules,15611011000001104,AMP,0407010F0AAABAB
22633911000001106,Co-codamol 8mg/500mg capsules,22633911000001106,AMP,0407010F0AAABAB
32401911000001104,Co-codamol 8mg/500mg capsules,32401911000001104,AMP,0407010F0AAABAB
38854911000001105,Co-codamol 8mg/500mg capsules,38854911000001105,AMP,0407010F0AAABAB
17886511000001109,Co-codamol 8mg/500mg capsules,17886511000001109,AMP,0407010F0AAABAB
40508211000001101,Co-codamol 8mg/500mg capsules,40508211000001101,AMP,0407010F0AAABAB
29795811000001108,Co-codamol 8mg/500mg capsules,29795811000001108,AMP,0407010F0AAABAB
22010911000001104,Co-codamol 8mg/500mg capsules,22010911000001104,AMP,0407010F0AAABAB
40033711000001109,Co-codamol 8mg/500mg capsules,40033711000001109,AMP,0407010F0AAABAB
42010111000001100,Co-codamol 8mg/500mg effervescent tablets,42010111000001100,VMP,0407010F0AAACAC
5911000001108,Co-codamol 8mg/500mg effervescent tablets,5911000001108,AMP,0407010F0AAACAC
15737811000001102,Co-codamol 8mg/500mg effervescent tablets,15737811000001102,AMP,0407010F0AAACAC
242111000001102,Co-codamol 8mg/500mg effervescent tablets,242111000001102,AMP,0407010F0AAACAC
9788211000001101,Co-codamol 8mg/500mg effervescent tablets,9788211000001101,AMP,0407010F0AAACAC
10900011000001100,Co-codamol 8mg/500mg effervescent tablets,10900011000001100,AMP,0407010F0AAACAC
22634411000001100,Co-codamol 8mg/500mg effervescent tablets,22634411000001100,AMP,0407010F0AAACAC
18067711000001109,Co-codamol 8mg/500mg effervescent tablets,18067711000001109,AMP,0407010F0AAACAC
709211000001103,Co-codamol 8mg/500mg effervescent tablets,709211000001103,AMP,0407010F0AAACAC
17055111000001102,Co-codamol 8mg/500mg effervescent tablets,17055111000001102,AMP,0407010F0AAACAC
30017511000001103,Co-codamol 8mg/500mg effervescent tablets,30017511000001103,AMP,0407010F0AAACAC
38854711000001108,Co-codamol 8mg/500mg effervescent tablets,38854711000001108,AMP,0407010F0AAACAC
15123111000001106,Co-codamol 8mg/500mg effervescent tablets,15123111000001106,AMP,0407010F0AAACAC
23652311000001109,Co-codamol 8mg/500mg effervescent tablets,23652311000001109,AMP,0407010F0AAACAC
928611000001105,Co-codamol 8mg/500mg effervescent tablets,928611000001105,AMP,0407010F0AAACAC
15214611000001106,Co-codamol 8mg/500mg effervescent tablets,15214611000001106,AMP,0407010F0AAACAC
8990311000001104,Co-codamol 8mg/500mg effervescent tablets,8990311000001104,AMP,0407010F0AAACAC
358311000001106,Co-codamol 8mg/500mg effervescent tablets,358311000001106,AMP,0407010F0AAACAC
18870211000001109,Co-codamol 8mg/500mg effervescent tablets,18870211000001109,AMP,0407010F0AAACAC
566311000001104,Co-codamol 8mg/500mg effervescent tablets,566311000001104,AMP,0407010F0AAACAC
22032011000001109,Co-codamol 8mg/500mg effervescent tablets,22032011000001109,AMP,0407010F0AAACAC
394411000001102,Co-codamol 8mg/500mg effervescent tablets,394411000001102,AMP,0407010F0AAACAC
42009511000001104,Co-codamol 30mg/500mg capsules,42009511000001104,VMP,0407010F0AAADAD
727611000001100,Co-codamol 30mg/500mg capsules,727611000001100,AMP,0407010F0AAADAD
11005911000001106,Co-codamol 30mg/500mg capsules,11005911000001106,AMP,0407010F0AAADAD
16425811000001104,Co-codamol 30mg/500mg capsules,16425811000001104,AMP,0407010F0AAADAD
8825111000001108,Co-codamol 30mg/500mg capsules,8825111000001108,AMP,0407010F0AAADAD
14116311000001101,Co-codamol 30mg/500mg capsules,14116311000001101,AMP,0407010F0AAADAD
22633711000001109,Co-codamol 30mg/500mg capsules,22633711000001109,AMP,0407010F0AAADAD
9480411000001107,Co-codamol 30mg/500mg capsules,9480411000001107,AMP,0407010F0AAADAD
4006711000001107,Co-codamol 30mg/500mg capsules,4006711000001107,AMP,0407010F0AAADAD
38859811000001101,Co-codamol 30mg/500mg capsules,38859811000001101,AMP,0407010F0AAADAD
17886711000001104,Co-codamol 30mg/500mg capsules,17886711000001104,AMP,0407010F0AAADAD
15080211000001109,Co-codamol 30mg/500mg capsules,15080211000001109,AMP,0407010F0AAADAD
9626911000001109,Co-codamol 30mg/500mg capsules,9626911000001109,AMP,0407010F0AAADAD
9479611000001105,Co-codamol 30mg/500mg capsules,9479611000001105,AMP,0407010F0AAADAD
22011311000001105,Co-codamol 30mg/500mg capsules,22011311000001105,AMP,0407010F0AAADAD
10822611000001105,Co-codamol 30mg/500mg capsules,10822611000001105,AMP,0407010F0AAADAD
42009711000001109,Co-codamol 30mg/500mg effervescent tablets,42009711000001109,VMP,0407010F0AAAFAF
7382511000001107,Co-codamol 30mg/500mg effervescent tablets,7382511000001107,AMP,0407010F0AAAFAF
40562211000001102,Co-codamol 30mg/500mg effervescent tablets,40562211000001102,AMP,0407010F0AAAFAF
15447311000001100,Co-codamol 30mg/500mg effervescent tablets,15447311000001100,AMP,0407010F0AAAFAF
20352211000001105,Co-codamol 30mg/500mg effervescent tablets,20352211000001105,AMP,0407010F0AAAFAF
5468911000001108,Co-codamol 30mg/500mg effervescent tablets,5468911000001108,AMP,0407010F0AAAFAF
11403111000001102,Co-codamol 30mg/500mg effervescent tablets,11403111000001102,AMP,0407010F0AAAFAF
22634611000001102,Co-codamol 30mg/500mg effervescent tablets,22634611000001102,AMP,0407010F0AAAFAF
18068111000001109,Co-codamol 30mg/500mg effervescent tablets,18068111000001109,AMP,0407010F0AAAFAF
5628211000001108,Co-codamol 30mg/500mg effervescent tablets,5628211000001108,AMP,0407010F0AAAFAF
44982411000001108,Co-codamol 30mg/500mg effervescent tablets,44982411000001108,AMP,0407010F0AAAFAF
30017711000001108,Co-codamol 30mg/500mg effervescent tablets,30017711000001108,AMP,0407010F0AAAFAF
38858911000001103,Co-codamol 30mg/500mg effervescent tablets,38858911000001103,AMP,0407010F0AAAFAF
17886911000001102,Co-codamol 30mg/500mg effervescent tablets,17886911000001102,AMP,0407010F0AAAFAF
15093111000001109,Co-codamol 30mg/500mg effervescent tablets,15093111000001109,AMP,0407010F0AAAFAF
14167611000001107,Co-codamol 30mg/500mg effervescent tablets,14167611000001107,AMP,0407010F0AAAFAF
31008611000001109,Co-codamol 30mg/500mg effervescent tablets,31008611000001109,AMP,0407010F0AAAFAF
9554511000001103,Co-codamol 30mg/500mg effervescent tablets,9554511000001103,AMP,0407010F0AAAFAF
22032611000001102,Co-codamol 30mg/500mg effervescent tablets,22032611000001102,AMP,0407010F0AAAFAF
15969011000001100,Co-codamol 30mg/500mg effervescent tablets,15969011000001100,AMP,0407010F0AAAFAF
5468611000001102,Co-codamol 30mg/500mg effervescent tablets,5468611000001102,AMP,0407010F0AAAFAF
42009811000001101,Co-codamol 30mg/500mg tablets,42009811000001101,VMP,0407010F0AAAHAH
22785311000001107,Co-codamol 30mg/500mg caplets,22785311000001107,AMP,0407010F0AAAHAH
23260511000001108,Co-codamol 30mg/500mg caplets,23260511000001108,AMP,0407010F0AAAHAH
22786711000001103,Co-codamol 30mg/500mg caplets,22786711000001103,AMP,0407010F0AAAHAH
20545311000001107,Co-codamol 30mg/500mg caplets,20545311000001107,AMP,0407010F0AAAHAH
22633311000001105,Co-codamol 30mg/500mg caplets,22633311000001105,AMP,0407010F0AAAHAH
22393711000001105,Co-codamol 30mg/500mg caplets,22393711000001105,AMP,0407010F0AAAHAH
8095111000001103,Co-codamol 30mg/500mg caplets,8095111000001103,AMP,0407010F0AAAHAH
30029611000001102,Co-codamol 30mg/500mg caplets,30029611000001102,AMP,0407010F0AAAHAH
38858011000001102,Co-codamol 30mg/500mg caplets,38858011000001102,AMP,0407010F0AAAHAH
23651811000001109,Co-codamol 30mg/500mg caplets,23651811000001109,AMP,0407010F0AAAHAH
22010711000001101,Co-codamol 30mg/500mg caplets,22010711000001101,AMP,0407010F0AAAHAH
32474211000001102,Co-codamol 30mg/500mg caplets,32474211000001102,AMP,0407010F0AAAHAH
549811000001105,Co-codamol 30mg/500mg tablets,549811000001105,AMP,0407010F0AAAHAH
9604211000001103,Co-codamol 30mg/500mg tablets,9604211000001103,AMP,0407010F0AAAHAH
292811000001100,Co-codamol 30mg/500mg tablets,292811000001100,AMP,0407010F0AAAHAH
9788511000001103,Co-codamol 30mg/500mg tablets,9788511000001103,AMP,0407010F0AAAHAH
10398311000001107,Co-codamol 30mg/500mg tablets,10398311000001107,AMP,0407010F0AAAHAH
21032311000001106,Co-codamol 30mg/500mg tablets,21032311000001106,AMP,0407010F0AAAHAH
22636411000001108,Co-codamol 30mg/500mg tablets,22636411000001108,AMP,0407010F0AAAHAH
4868911000001106,Co-codamol 30mg/500mg tablets,4868911000001106,AMP,0407010F0AAAHAH
188911000001105,Co-codamol 30mg/500mg tablets,188911000001105,AMP,0407010F0AAAHAH
24033511000001103,Co-codamol 30mg/500mg tablets,24033511000001103,AMP,0407010F0AAAHAH
30017211000001101,Co-codamol 30mg/500mg tablets,30017211000001101,AMP,0407010F0AAAHAH
38857311000001100,Co-codamol 30mg/500mg tablets,38857311000001100,AMP,0407010F0AAAHAH
42835211000001108,Co-codamol 30mg/500mg tablets,42835211000001108,AMP,0407010F0AAAHAH
17887211000001108,Co-codamol 30mg/500mg tablets,17887211000001108,AMP,0407010F0AAAHAH
7259811000001100,Co-codamol 30mg/500mg tablets,7259811000001100,AMP,0407010F0AAAHAH
29795511000001105,Co-codamol 30mg/500mg tablets,29795511000001105,AMP,0407010F0AAAHAH
9627111000001109,Co-codamol 30mg/500mg tablets,9627111000001109,AMP,0407010F0AAAHAH
36860511000001106,Co-codamol 30mg/500mg tablets,36860511000001106,AMP,0407010F0AAAHAH
9326411000001107,Co-codamol 30mg/500mg tablets,9326411000001107,AMP,0407010F0AAAHAH
22034211000001108,Co-codamol 30mg/500mg tablets,22034211000001108,AMP,0407010F0AAAHAH
352411000001101,Co-codamol 30mg/500mg tablets,352411000001101,AMP,0407010F0AAAHAH
855111000001101,Co-codamol 30mg/500mg tablets,855111000001101,AMP,0407010F0AAAHAH
3805611000001109,Co-codamol 15mg/500mg tablets,3805611000001109,VMP,0407010F0AAAKAK
17879911000001100,Co-codamol 15mg/500mg tablets,17879911000001100,AMP,0407010F0AAAKAK
34035211000001101,Co-codamol 15mg/500mg tablets,34035211000001101,AMP,0407010F0AAAKAK
42639411000001104,Co-codamol 15mg/500mg tablets,42639411000001104,AMP,0407010F0AAAKAK
19794111000001101,Co-codamol 15mg/500mg tablets,19794111000001101,AMP,0407010F0AAAKAK
22636211000001109,Co-codamol 15mg/500mg tablets,22636211000001109,AMP,0407010F0AAAKAK
29988011000001102,Co-codamol 15mg/500mg tablets,29988011000001102,AMP,0407010F0AAAKAK
32402911000001105,Co-codamol 15mg/500mg tablets,32402911000001105,AMP,0407010F0AAAKAK
42315711000001108,Co-codamol 15mg/500mg tablets,42315711000001108,AMP,0407010F0AAAKAK
38854411000001102,Co-codamol 15mg/500mg tablets,38854411000001102,AMP,0407010F0AAAKAK
36042211000001103,Co-codamol 15mg/500mg tablets,36042211000001103,AMP,0407010F0AAAKAK
22033611000001107,Co-codamol 15mg/500mg tablets,22033611000001107,AMP,0407010F0AAAKAK
20913611000001104,Co-codamol 15mg/500mg tablets,20913611000001104,AMP,0407010F0AAAKAK
42009411000001103,Co-codamol 12.8mg/500mg tablets,42009411000001103,VMP,0407010F0AAAPAP
42009611000001100,Co-codamol 30mg/500mg effervescent powder sachets sugar free,42009611000001100,VMP,0407010F0AAAQAQ
42009911000001106,Co-codamol 60mg/1000mg effervescent powder sachets sugar free,42009911000001106,VMP,0407010F0AAARAR
13892811000001102,Co-codamol 8mg/500mg/5ml oral solution,13892811000001102,VMP,0407010F0AAASAS
13892911000001107,Co-codamol 8mg/500mg/5ml oral suspension,13892911000001107,VMP,0407010F0AAASAS
13886911000001105,Co-codamol 8mg/500mg/5ml oral solution,13886911000001105,AMP,0407010F0AAASAS
13883111000001102,Co-codamol 8mg/500mg/5ml oral suspension,13883111000001102,AMP,0407010F0AAASAS
19200211000001107,Co-codamol 15mg/500mg capsules,19200211000001107,VMP,0407010F0AAAVAV
34626511000001100,Co-codamol 15mg/500mg capsules,34626511000001100,AMP,0407010F0AAAVAV
45338311000001105,Co-codamol 15mg/500mg capsules,45338311000001105,AMP,0407010F0AAAVAV
34710111000001105,Co-codamol 15mg/500mg capsules,34710111000001105,AMP,0407010F0AAAVAV
37229711000001109,Co-codamol 15mg/500mg capsules,37229711000001109,AMP,0407010F0AAAVAV
34611011000001105,Co-codamol 15mg/500mg capsules,34611011000001105,AMP,0407010F0AAAVAV
38858411000001106,Co-codamol 15mg/500mg capsules,38858411000001106,AMP,0407010F0AAAVAV
19230711000001108,Co-codamol 15mg/500mg effervescent tablets sugar free,19230711000001108,VMP,0407010F0AAAWAW
40439211000001105,Co-codamol 15mg/500mg effervescent tablets sugar free,40439211000001105,AMP,0407010F0AAAWAW
40246711000001106,Co-codamol 15mg/500mg effervescent tablets sugar free,40246711000001106,AMP,0407010F0AAAWAW
34625311000001101,Co-codamol 60mg/1000mg tablets,34625311000001101,VMP,0407010F0AAAYAY
34782811000001100,Co-codamol 60mg/1000mg tablets,34782811000001100,AMP,0407010F0AAAYAY
34617911000001101,Co-codamol 60mg/1000mg tablets,34617911000001101,AMP,0407010F0AAAYAY
36861011000001107,Co-codamol 60mg/1000mg tablets,36861011000001107,AMP,0407010F0AAAYAY
38063911000001100,Co-codamol 30mg/500mg/5ml oral solution sugar free,38063911000001100,VMP,0407010F0AAAZAZ
38561311000001100,Co-codamol 30mg/500mg/5ml oral solution sugar free,38561311000001100,AMP,0407010F0AAAZAZ
38848711000001102,Co-codamol 30mg/500mg/5ml oral solution sugar free,38848711000001102,AMP,0407010F0AAAZAZ
37929611000001101,Co-codamol 30mg/500mg/5ml oral solution sugar free,37929611000001101,AMP,0407010F0AAAZAZ
38555211000001104,Co-codamol 8mg/500mg effervescent tablets sugar free,38555211000001104,VMP,0407010F0AABABA
38741511000001100,Co-codamol 8mg/500mg effervescent tablets sugar free,38741511000001100,AMP,0407010F0AABABA
38525011000001108,Co-codamol 8mg/500mg effervescent tablets sugar free,38525011000001108,AMP,0407010F0AABABA
44153911000001103,Co-codamol 8mg/500mg effervescent tablets sugar free,44153911000001103,AMP,0407010F0AABABA
42596811000001107,Co-codamol 8mg/500mg effervescent tablets sugar free,42596811000001107,AMP,0407010F0AABABA
772811000001100,Paracodol 8mg/500mg capsules,772811000001100,AMP,0407010F0BBAAAB
655311000001106,Paracodol 8mg/500mg effervescent tablets,655311000001106,AMP,0407010F0BBABAC
360311000001104,Tylex 30mg/500mg capsules,360311000001104,AMP,0407010F0BEAAAD
68111000001102,Tylex 30mg/500mg effervescent tablets,68111000001102,AMP,0407010F0BEABAF
10411000001105,Solpadol 30mg/500mg effervescent tablets,10411000001105,AMP,0407010F0BGAAAF
341211000001105,Solpadol 30mg/500mg caplets,341211000001105,AMP,0407010F0BGABAH
247311000001103,Solpadol 30mg/500mg capsules,247311000001103,AMP,0407010F0BGACAD
232711000001100,Kapake 30mg/500mg tablets,232711000001100,AMP,0407010F0BHAAAH
3253711000001104,Kapake Insts 30mg/500mg effervescent powder sachets,3253711000001104,AMP,0407010F0BHABAQ
3251511000001105,Kapake Insts 60mg/1000mg effervescent powder sachets,3251511000001105,AMP,0407010F0BHACAR
737111000001106,Kapake 30mg/500mg capsules,737111000001106,AMP,0407010F0BHADAD
7336011000001106,Kapake 30mg/500mg effervescent tablets,7336011000001106,AMP,0407010F0BHAEAF
17572011000001107,Kapake 15mg/500mg tablets,17572011000001107,AMP,0407010F0BHAFAK
841911000001103,Panadol Ultra 12.8mg/500mg tablets,841911000001103,AMP,0407010F0BIAAAP
604311000001102,Solpadeine Max 12.8mg/500mg tablets,604311000001102,AMP,0407010F0BPAAAP
98711000001103,Medocodene 30mg/500mg capsules,98711000001103,AMP,0407010F0BRAAAD
9529311000001109,Medocodene 30mg/500mg effervescent tablets,9529311000001109,AMP,0407010F0BRABAF
75011000001100,Zapain 30mg/500mg tablets,75011000001100,AMP,0407010F0BSAAAH
314111000001106,Zapain 30mg/500mg capsules,314111000001106,AMP,0407010F0BSABAD
3803111000001102,Codipar 15mg/500mg tablets,3803111000001102,AMP,0407010F0BVAAAK
19191911000001105,Codipar 15mg/500mg capsules,19191911000001105,AMP,0407010F0BVABAV
19207211000001106,Codipar 15mg/500mg effervescent tablets,19207211000001106,AMP,0407010F0BVACAW
10898611000001100,Feminax Period Pain capsules,10898611000001100,AMP,0407010F0BWAAAB
35579011000001104,Emcozin 30mg/500mg tablets,35579011000001104,AMP,0407010F0BYAAAH
40248011000001108,Zipamol Plus 8mg/500mg effervescent tablets,40248011000001108,AMP,0407010F0BZAABA
21636411000001107,Paracetamol 500mg/5ml oral suspension sugar free,21636411000001107,VMP,0407010H0AAA5A5
22105511000001109,Paracetamol 500mg/5ml oral suspension (Royal Preston Hospital mucilage formula),22105511000001109,AMP,0407010H0AAA5A5
21926911000001101,Paracetamol 500mg/5ml oral suspension sugar free,21926911000001101,AMP,0407010H0AAA5A5
21697111000001109,Paracetamol 500mg/5ml oral suspension sugar free,21697111000001109,AMP,0407010H0AAA5A5
30072111000001100,Paracetamol 500mg/5ml oral suspension sugar free,30072111000001100,AMP,0407010H0AAA5A5
39173211000001109,Paracetamol 500mg/5ml oral suspension sugar free,39173211000001109,AMP,0407010H0AAA5A5
21610111000001109,Paracetamol 500mg/5ml oral suspension sugar free,21610111000001109,AMP,0407010H0AAA5A5
39025411000001104,Paracetamol 120mg/5ml oral solution paediatric sugar free,39025411000001104,VMP,0407010H0AAA7A7
818911000001104,Paracetamol 120mg/5ml oral solution paediatric sugar free,818911000001104,AMP,0407010H0AAA7A7
182211000001103,Paracetamol 120mg/5ml oral solution paediatric sugar free,182211000001103,AMP,0407010H0AAA7A7
110311000001109,Paracetamol 120mg/5ml oral solution paediatric sugar free,110311000001109,AMP,0407010H0AAA7A7
755411000001108,Paracetamol 120mg/5ml oral solution paediatric sugar free,755411000001108,AMP,0407010H0AAA7A7
39071111000001106,Paracetamol 120mg/5ml oral solution paediatric sugar free,39071111000001106,AMP,0407010H0AAA7A7
18953511000001106,Paracetamol 120mg/5ml oral solution paediatric sugar free,18953511000001106,AMP,0407010H0AAA7A7
14786111000001108,Paracetamol 120mg/5ml oral solution paediatric sugar free,14786111000001108,AMP,0407010H0AAA7A7
15154211000001103,Paracetamol 120mg/5ml oral solution paediatric sugar free,15154211000001103,AMP,0407010H0AAA7A7
21838411000001103,Paracetamol 120mg/5ml oral solution paediatric sugar free,21838411000001103,AMP,0407010H0AAA7A7
8175611000001105,Paracetamol 240mg oral powder sachets sugar free,8175611000001105,VMP,0407010H0AAA8A8
42109411000001106,Paracetamol 500mg capsules,42109411000001106,VMP,0407010H0AAAAAA
558911000001105,Paracetamol 500mg capsules,558911000001105,AMP,0407010H0AAAAAA
12056911000001109,Paracetamol 500mg capsules,12056911000001109,AMP,0407010H0AAAAAA
551011000001100,Paracetamol 500mg capsules,551011000001100,AMP,0407010H0AAAAAA
19742711000001103,Paracetamol 500mg capsules,19742711000001103,AMP,0407010H0AAAAAA
10437111000001108,Paracetamol 500mg capsules,10437111000001108,AMP,0407010H0AAAAAA
483511000001108,Paracetamol 500mg capsules,483511000001108,AMP,0407010H0AAAAAA
41091811000001104,Paracetamol 500mg capsules,41091811000001104,AMP,0407010H0AAAAAA
14784211000001107,Paracetamol 500mg capsules,14784211000001107,AMP,0407010H0AAAAAA
16062811000001106,Paracetamol 500mg capsules,16062811000001106,AMP,0407010H0AAAAAA
30071811000001103,Paracetamol 500mg capsules,30071811000001103,AMP,0407010H0AAAAAA
44162111000001103,Paracetamol 500mg capsules,44162111000001103,AMP,0407010H0AAAAAA
10299411000001103,Paracetamol 500mg capsules,10299411000001103,AMP,0407010H0AAAAAA
18749411000001100,Paracetamol 500mg capsules,18749411000001100,AMP,0407010H0AAAAAA
2832111000001108,Paracetamol 500mg capsules,2832111000001108,AMP,0407010H0AAAAAA
7924311000001108,Paracetamol 500mg capsules,7924311000001108,AMP,0407010H0AAAAAA
30844311000001108,Paracetamol 500mg capsules,30844311000001108,AMP,0407010H0AAAAAA
39171511000001108,Paracetamol 500mg capsules,39171511000001108,AMP,0407010H0AAAAAA
40865111000001102,Paracetamol 500mg capsules,40865111000001102,AMP,0407010H0AAAAAA
17952711000001102,Paracetamol 500mg capsules,17952711000001102,AMP,0407010H0AAAAAA
37246611000001106,Paracetamol 500mg capsules,37246611000001106,AMP,0407010H0AAAAAA
15154511000001100,Paracetamol 500mg capsules,15154511000001100,AMP,0407010H0AAAAAA
45103211000001108,Paracetamol 500mg capsules,45103211000001108,AMP,0407010H0AAAAAA
10275111000001101,Paracetamol 500mg capsules,10275111000001101,AMP,0407010H0AAAAAA
21837011000001106,Paracetamol 500mg capsules,21837011000001106,AMP,0407010H0AAAAAA
16455411000001102,Paracetamol 500mg capsules,16455411000001102,AMP,0407010H0AAAAAA
573411000001105,Paracetamol 500mg capsules,573411000001105,AMP,0407010H0AAAAAA
42108311000001105,Paracetamol 120mg/5ml oral solution paediatric,42108311000001105,VMP,0407010H0AAABAB
630011000001103,Paracetamol 120mg/5ml oral solution paediatric,630011000001103,AMP,0407010H0AAABAB
332311000001107,Paracetamol 120mg/5ml oral solution paediatric,332311000001107,AMP,0407010H0AAABAB
911511000001108,Paracetamol 120mg/5ml oral solution paediatric,911511000001108,AMP,0407010H0AAABAB
190011000001105,Paracetamol 120mg/5ml oral solution paediatric,190011000001105,AMP,0407010H0AAABAB
42108911000001106,Paracetamol 250mg/5ml oral suspension,42108911000001106,VMP,0407010H0AAACAC
228811000001108,Paracetamol 250mg/5ml oral suspension,228811000001108,AMP,0407010H0AAACAC
160311000001105,Paracetamol 250mg/5ml oral suspension,160311000001105,AMP,0407010H0AAACAC
37771411000001107,Paracetamol 250mg/5ml oral suspension,37771411000001107,AMP,0407010H0AAACAC
690011000001109,Paracetamol 250mg/5ml oral suspension,690011000001109,AMP,0407010H0AAACAC
39172611000001101,Paracetamol 250mg/5ml oral suspension,39172611000001101,AMP,0407010H0AAACAC
16743011000001104,Paracetamol 250mg/5ml oral suspension,16743011000001104,AMP,0407010H0AAACAC
21839611000001109,Paracetamol 250mg/5ml oral suspension,21839611000001109,AMP,0407010H0AAACAC
42108411000001103,Paracetamol 120mg/5ml oral suspension paediatric,42108411000001103,VMP,0407010H0AAAIAI
19575511000001104,Paracetamol 120mg/5ml oral suspension paediatric,19575511000001104,AMP,0407010H0AAAIAI
74411000001108,Paracetamol 120mg/5ml oral suspension paediatric,74411000001108,AMP,0407010H0AAAIAI
37767411000001109,Paracetamol 120mg/5ml oral suspension paediatric,37767411000001109,AMP,0407010H0AAAIAI
747411000001100,Paracetamol 120mg/5ml oral suspension paediatric,747411000001100,AMP,0407010H0AAAIAI
16742511000001100,Paracetamol 120mg/5ml oral suspension paediatric,16742511000001100,AMP,0407010H0AAAIAI
21839311000001104,Paracetamol 120mg/5ml oral suspension paediatric,21839311000001104,AMP,0407010H0AAAIAI
3559811000001104,Paracetamol 120mg/5ml oral suspension 5ml sachets sugar free,3559811000001104,VMP,0407010H0AAAJAJ
42109611000001109,Paracetamol 500mg tablets,42109611000001109,VMP,0407010H0AAAMAM
171811000001104,Paracetamol 500mg caplets,171811000001104,AMP,0407010H0AAAMAM
23261311000001107,Paracetamol 500mg caplets,23261311000001107,AMP,0407010H0AAAMAM
35215611000001105,Paracetamol 500mg caplets,35215611000001105,AMP,0407010H0AAAMAM
5869211000001101,Paracetamol 500mg caplets,5869211000001101,AMP,0407010H0AAAMAM
835911000001102,Paracetamol 500mg caplets,835911000001102,AMP,0407010H0AAAMAM
9802911000001108,Paracetamol 500mg caplets,9802911000001108,AMP,0407010H0AAAMAM
24390111000001109,Paracetamol 500mg caplets,24390111000001109,AMP,0407010H0AAAMAM
28985611000001100,Paracetamol 500mg caplets,28985611000001100,AMP,0407010H0AAAMAM
26855011000001102,Paracetamol 500mg caplets,26855011000001102,AMP,0407010H0AAAMAM
24158311000001109,Paracetamol 500mg caplets,24158311000001109,AMP,0407010H0AAAMAM
42590811000001105,Paracetamol 500mg caplets,42590811000001105,AMP,0407010H0AAAMAM
17307511000001105,Paracetamol 500mg caplets,17307511000001105,AMP,0407010H0AAAMAM
12911000001103,Paracetamol 500mg caplets,12911000001103,AMP,0407010H0AAAMAM
25884811000001100,Paracetamol 500mg caplets,25884811000001100,AMP,0407010H0AAAMAM
22394511000001102,Paracetamol 500mg caplets,22394511000001102,AMP,0407010H0AAAMAM
617911000001105,Paracetamol 500mg caplets,617911000001105,AMP,0407010H0AAAMAM
7920911000001104,Paracetamol 500mg caplets,7920911000001104,AMP,0407010H0AAAMAM
30845011000001109,Paracetamol 500mg caplets,30845011000001109,AMP,0407010H0AAAMAM
39071411000001101,Paracetamol 500mg caplets,39071411000001101,AMP,0407010H0AAAMAM
24585211000001108,Paracetamol 500mg caplets,24585211000001108,AMP,0407010H0AAAMAM
17952311000001101,Paracetamol 500mg caplets,17952311000001101,AMP,0407010H0AAAMAM
14785311000001100,Paracetamol 500mg caplets,14785311000001100,AMP,0407010H0AAAMAM
29977111000001109,Paracetamol 500mg caplets,29977111000001109,AMP,0407010H0AAAMAM
3323811000001103,Paracetamol 500mg caplets,3323811000001103,AMP,0407010H0AAAMAM
13429711000001102,Paracetamol 500mg caplets,13429711000001102,AMP,0407010H0AAAMAM
21835911000001100,Paracetamol 500mg caplets,21835911000001100,AMP,0407010H0AAAMAM
9471111000001101,Paracetamol 500mg caplets,9471111000001101,AMP,0407010H0AAAMAM
668711000001105,Paracetamol 500mg caplets,668711000001105,AMP,0407010H0AAAMAM
382911000001102,Paracetamol 500mg tablets,382911000001102,AMP,0407010H0AAAMAM
23487211000001108,Paracetamol 500mg tablets,23487211000001108,AMP,0407010H0AAAMAM
228511000001105,Paracetamol 500mg tablets,228511000001105,AMP,0407010H0AAAMAM
837011000001108,Paracetamol 500mg tablets,837011000001108,AMP,0407010H0AAAMAM
836511000001102,Paracetamol 500mg tablets,836511000001102,AMP,0407010H0AAAMAM
32466611000001102,Paracetamol 500mg tablets,32466611000001102,AMP,0407010H0AAAMAM
13583011000001102,Paracetamol 500mg tablets,13583011000001102,AMP,0407010H0AAAMAM
41808111000001101,Paracetamol 500mg tablets,41808111000001101,AMP,0407010H0AAAMAM
39413511000001100,Paracetamol 500mg tablets,39413511000001100,AMP,0407010H0AAAMAM
17307811000001108,Paracetamol 500mg tablets,17307811000001108,AMP,0407010H0AAAMAM
32807711000001103,Paracetamol 500mg tablets,32807711000001103,AMP,0407010H0AAAMAM
932111000001102,Paracetamol 500mg tablets,932111000001102,AMP,0407010H0AAAMAM
39891711000001103,Paracetamol 500mg tablets,39891711000001103,AMP,0407010H0AAAMAM
881011000001106,Paracetamol 500mg tablets,881011000001106,AMP,0407010H0AAAMAM
42959611000001104,Paracetamol 500mg tablets,42959611000001104,AMP,0407010H0AAAMAM
30844611000001103,Paracetamol 500mg tablets,30844611000001103,AMP,0407010H0AAAMAM
39070911000001102,Paracetamol 500mg tablets,39070911000001102,AMP,0407010H0AAAMAM
41159411000001103,Paracetamol 500mg tablets,41159411000001103,AMP,0407010H0AAAMAM
36019811000001100,Paracetamol 500mg tablets,36019811000001100,AMP,0407010H0AAAMAM
41181211000001106,Paracetamol 500mg tablets,41181211000001106,AMP,0407010H0AAAMAM
40913911000001108,Paracetamol 500mg tablets,40913911000001108,AMP,0407010H0AAAMAM
45335311000001101,Paracetamol 500mg tablets,45335311000001101,AMP,0407010H0AAAMAM
17953211000001103,Paracetamol 500mg tablets,17953211000001103,AMP,0407010H0AAAMAM
40702811000001101,Paracetamol 500mg tablets,40702811000001101,AMP,0407010H0AAAMAM
36922011000001100,Paracetamol 500mg tablets,36922011000001100,AMP,0407010H0AAAMAM
41991711000001103,Paracetamol 500mg tablets,41991711000001103,AMP,0407010H0AAAMAM
24650811000001104,Paracetamol 500mg tablets,24650811000001104,AMP,0407010H0AAAMAM
596311000001101,Paracetamol 500mg tablets,596311000001101,AMP,0407010H0AAAMAM
91111000001107,Paracetamol 500mg tablets,91111000001107,AMP,0407010H0AAAMAM
115711000001103,Paracetamol 500mg tablets,115711000001103,AMP,0407010H0AAAMAM
21840211000001104,Paracetamol 500mg tablets,21840211000001104,AMP,0407010H0AAAMAM
16431211000001100,Paracetamol 500mg tablets,16431211000001100,AMP,0407010H0AAAMAM
15974211000001104,Paracetamol 500mg tablets,15974211000001104,AMP,0407010H0AAAMAM
618611000001100,Paracetamol 500mg tablets,618611000001100,AMP,0407010H0AAAMAM
39720311000001101,Paracetamol 500mg soluble tablets,39720311000001101,VMP,0407010H0AAAQAQ
915611000001105,Paracetamol 500mg soluble tablets,915611000001105,AMP,0407010H0AAAQAQ
7291211000001106,Paracetamol 500mg soluble tablets,7291211000001106,AMP,0407010H0AAAQAQ
687111000001105,Paracetamol 500mg soluble tablets,687111000001105,AMP,0407010H0AAAQAQ
9802611000001102,Paracetamol 500mg soluble tablets,9802611000001102,AMP,0407010H0AAAQAQ
30072311000001103,Paracetamol 500mg soluble tablets,30072311000001103,AMP,0407010H0AAAQAQ
18080211000001103,Paracetamol 500mg soluble tablets,18080211000001103,AMP,0407010H0AAAQAQ
29111000001101,Paracetamol 500mg soluble tablets,29111000001101,AMP,0407010H0AAAQAQ
30845811000001103,Paracetamol 500mg soluble tablets,30845811000001103,AMP,0407010H0AAAQAQ
39174611000001109,Paracetamol 500mg soluble tablets,39174611000001109,AMP,0407010H0AAAQAQ
17953011000001108,Paracetamol 500mg soluble tablets,17953011000001108,AMP,0407010H0AAAQAQ
29982511000001108,Paracetamol 500mg soluble tablets,29982511000001108,AMP,0407010H0AAAQAQ
9035511000001100,Paracetamol 500mg soluble tablets,9035511000001100,AMP,0407010H0AAAQAQ
21838811000001101,Paracetamol 500mg soluble tablets,21838811000001101,AMP,0407010H0AAAQAQ
15977711000001104,Paracetamol 500mg soluble tablets,15977711000001104,AMP,0407010H0AAAQAQ
488611000001100,Paracetamol 500mg soluble tablets,488611000001100,AMP,0407010H0AAAQAQ
35369011000001106,Paracetamol 120mg soluble tablets sugar free,35369011000001106,VMP,0407010H0AAASAS
32480211000001103,Paracetamol 120mg soluble tablets sugar free,32480211000001103,AMP,0407010H0AAASAS
32360811000001106,Paracetamol 120mg soluble tablets sugar free,32360811000001106,AMP,0407010H0AAASAS
39024711000001106,Paracetamol 120mg/5ml oral suspension paediatric sugar free,39024711000001106,VMP,0407010H0AAAWAW
649211000001102,Paracetamol 120mg/5ml oral suspension paediatric sugar free,649211000001102,AMP,0407010H0AAAWAW
807611000001109,Paracetamol 120mg/5ml oral suspension paediatric sugar free,807611000001109,AMP,0407010H0AAAWAW
42055911000001104,Paracetamol 120mg/5ml oral suspension paediatric sugar free,42055911000001104,AMP,0407010H0AAAWAW
200611000001103,Paracetamol 120mg/5ml oral suspension paediatric sugar free,200611000001103,AMP,0407010H0AAAWAW
40201211000001102,Paracetamol 120mg/5ml oral suspension paediatric sugar free,40201211000001102,AMP,0407010H0AAAWAW
30073711000001107,Paracetamol 120mg/5ml oral suspension paediatric sugar free,30073711000001107,AMP,0407010H0AAAWAW
505411000001101,Paracetamol 120mg/5ml oral suspension paediatric sugar free,505411000001101,AMP,0407010H0AAAWAW
39173711000001102,Paracetamol 120mg/5ml oral suspension paediatric sugar free,39173711000001102,AMP,0407010H0AAAWAW
45267911000001109,Paracetamol 120mg/5ml oral suspension paediatric sugar free,45267911000001109,AMP,0407010H0AAAWAW
13624711000001100,Paracetamol 120mg/5ml oral suspension paediatric sugar free,13624711000001100,AMP,0407010H0AAAWAW
29975911000001102,Paracetamol 120mg/5ml oral suspension paediatric sugar free,29975911000001102,AMP,0407010H0AAAWAW
9210211000001105,Paracetamol 120mg/5ml oral suspension paediatric sugar free,9210211000001105,AMP,0407010H0AAAWAW
332011000001109,Paracetamol 120mg/5ml oral suspension paediatric sugar free,332011000001109,AMP,0407010H0AAAWAW
39024611000001102,Paracetamol 250mg/5ml oral suspension sugar free,39024611000001102,VMP,0407010H0AABGBG
759411000001106,Paracetamol 250mg/5ml oral suspension sugar free,759411000001106,AMP,0407010H0AABGBG
85011000001109,Paracetamol 250mg/5ml oral suspension sugar free,85011000001109,AMP,0407010H0AABGBG
42054011000001102,Paracetamol 250mg/5ml oral suspension sugar free,42054011000001102,AMP,0407010H0AABGBG
503111000001105,Paracetamol 250mg/5ml oral suspension sugar free,503111000001105,AMP,0407010H0AABGBG
39558211000001109,Paracetamol 250mg/5ml oral suspension sugar free,39558211000001109,AMP,0407010H0AABGBG
30073511000001102,Paracetamol 250mg/5ml oral suspension sugar free,30073511000001102,AMP,0407010H0AABGBG
225711000001107,Paracetamol 250mg/5ml oral suspension sugar free,225711000001107,AMP,0407010H0AABGBG
39174311000001104,Paracetamol 250mg/5ml oral suspension sugar free,39174311000001104,AMP,0407010H0AABGBG
42795111000001107,Paracetamol 250mg/5ml oral suspension sugar free,42795111000001107,AMP,0407010H0AABGBG
45267611000001103,Paracetamol 250mg/5ml oral suspension sugar free,45267611000001103,AMP,0407010H0AABGBG
13625211000001108,Paracetamol 250mg/5ml oral suspension sugar free,13625211000001108,AMP,0407010H0AABGBG
29976211000001100,Paracetamol 250mg/5ml oral suspension sugar free,29976211000001100,AMP,0407010H0AABGBG
428811000001107,Paracetamol 250mg/5ml oral suspension sugar free,428811000001107,AMP,0407010H0AABGBG
839411000001108,Paracetamol 250mg/5ml oral suspension sugar free,839411000001108,AMP,0407010H0AABGBG
21839911000001103,Paracetamol 250mg/5ml oral suspension sugar free,21839911000001103,AMP,0407010H0AABGBG
8801011000001103,Paracetamol 1g suppositories,8801011000001103,VMP,0407010H0AABNBN
18276811000001103,Paracetamol 1g suppositories,18276811000001103,AMP,0407010H0AABNBN
38742611000001107,Paracetamol 1g suppositories,38742611000001107,AMP,0407010H0AABNBN
21886111000001101,Paracetamol 1g suppositories,21886111000001101,AMP,0407010H0AABNBN
22450211000001108,Paracetamol 1g suppositories,22450211000001108,AMP,0407010H0AABNBN
26854811000001107,Paracetamol 1g suppositories,26854811000001107,AMP,0407010H0AABNBN
31509311000001107,Paracetamol 1g suppositories,31509311000001107,AMP,0407010H0AABNBN
17520711000001109,Paracetamol 1g suppositories,17520711000001109,AMP,0407010H0AABNBN
21266211000001100,Paracetamol 1g suppositories,21266211000001100,AMP,0407010H0AABNBN
8789011000001103,Paracetamol 1g suppositories,8789011000001103,AMP,0407010H0AABNBN
33251511000001107,Paracetamol 1g suppositories,33251511000001107,AMP,0407010H0AABNBN
42108211000001102,Paracetamol 120mg suppositories,42108211000001102,VMP,0407010H0AABQBQ
20911000001109,Paracetamol 120mg suppositories,20911000001109,AMP,0407010H0AABQBQ
870111000001106,Paracetamol 120mg suppositories,870111000001106,AMP,0407010H0AABQBQ
30072711000001104,Paracetamol 120mg suppositories,30072711000001104,AMP,0407010H0AABQBQ
468511000001102,Paracetamol 120mg suppositories,468511000001102,AMP,0407010H0AABQBQ
29976611000001103,Paracetamol 120mg suppositories,29976611000001103,AMP,0407010H0AABQBQ
42108711000001109,Paracetamol 240mg suppositories,42108711000001109,VMP,0407010H0AABSBS
797611000001109,Paracetamol 240mg suppositories,797611000001109,AMP,0407010H0AABSBS
182511000001100,Paracetamol 240mg suppositories,182511000001100,AMP,0407010H0AABSBS
206511000001100,Paracetamol 240mg suppositories,206511000001100,AMP,0407010H0AABSBS
29976811000001104,Paracetamol 240mg suppositories,29976811000001104,AMP,0407010H0AABSBS
42109511000001105,Paracetamol 500mg suppositories,42109511000001105,VMP,0407010H0AABUBU
707611000001106,Paracetamol 500mg suppositories,707611000001106,AMP,0407010H0AABUBU
21666911000001106,Paracetamol 500mg suppositories,21666911000001106,AMP,0407010H0AABUBU
173011000001106,Paracetamol 500mg suppositories,173011000001106,AMP,0407010H0AABUBU
18985911000001107,Paracetamol 500mg suppositories,18985911000001107,AMP,0407010H0AABUBU
30073311000001108,Paracetamol 500mg suppositories,30073311000001108,AMP,0407010H0AABUBU
341011000001100,Paracetamol 500mg suppositories,341011000001100,AMP,0407010H0AABUBU
39071911000001109,Paracetamol 500mg suppositories,39071911000001109,AMP,0407010H0AABUBU
18141611000001107,Paracetamol 500mg suppositories,18141611000001107,AMP,0407010H0AABUBU
24519511000001106,Paracetamol 500mg suppositories,24519511000001106,AMP,0407010H0AABUBU
29982011000001100,Paracetamol 500mg suppositories,29982011000001100,AMP,0407010H0AABUBU
213411000001107,Paracetamol 500mg suppositories,213411000001107,AMP,0407010H0AABUBU
33252211000001102,Paracetamol 500mg suppositories,33252211000001102,AMP,0407010H0AABUBU
21839111000001101,Paracetamol 500mg suppositories,21839111000001101,AMP,0407010H0AABUBU
42108811000001101,Paracetamol 250mg suppositories,42108811000001101,VMP,0407010H0AACBCB
20006911000001105,Paracetamol 250mg suppositories,20006911000001105,AMP,0407010H0AACBCB
44087111000001106,Paracetamol 250mg suppositories,44087111000001106,AMP,0407010H0AACBCB
18985711000001105,Paracetamol 250mg suppositories,18985711000001105,AMP,0407010H0AACBCB
30073111000001106,Paracetamol 250mg suppositories,30073111000001106,AMP,0407010H0AACBCB
24519311000001100,Paracetamol 250mg suppositories,24519311000001100,AMP,0407010H0AACBCB
33254911000001102,Paracetamol 250mg suppositories,33254911000001102,AMP,0407010H0AACBCB
24580811000001103,Paracetamol 80mg suppositories,24580811000001103,VMP,0407010H0AACHCH
24518611000001101,Paracetamol 80mg suppositories,24518611000001101,AMP,0407010H0AACHCH
42108511000001104,Paracetamol 125mg suppositories,42108511000001104,VMP,0407010H0AACMCM
35672611000001109,Paracetamol 125mg suppositories,35672611000001109,AMP,0407010H0AACMCM
44086811000001101,Paracetamol 125mg suppositories,44086811000001101,AMP,0407010H0AACMCM
30072911000001102,Paracetamol 125mg suppositories,30072911000001102,AMP,0407010H0AACMCM
39887111000001105,Paracetamol 125mg suppositories,39887111000001105,AMP,0407010H0AACMCM
24518811000001102,Paracetamol 125mg suppositories,24518811000001102,AMP,0407010H0AACMCM
33255511000001105,Paracetamol 125mg suppositories,33255511000001105,AMP,0407010H0AACMCM
42108111000001108,Paracetamol 100mg/ml oral solution sugar free,42108111000001108,VMP,0407010H0AACNCN
13893811000001105,Paracetamol 500mg/5ml oral solution,13893811000001105,VMP,0407010H0AACPCP
8671111000001100,Paracetamol 500mg/5ml oral suspension,8671111000001100,VMP,0407010H0AACPCP
13891511000001108,Paracetamol 500mg/5ml oral solution,13891511000001108,AMP,0407010H0AACPCP
8646711000001106,Paracetamol 500mg/5ml oral suspension,8646711000001106,AMP,0407010H0AACPCP
13004111000001100,Paracetamol 1g/5ml oral solution,13004111000001100,VMP,0407010H0AACSCS
13004211000001106,Paracetamol 1g/5ml oral suspension,13004211000001106,VMP,0407010H0AACSCS
12977811000001109,Paracetamol 1g/5ml oral solution,12977811000001109,AMP,0407010H0AACSCS
12977011000001103,Paracetamol 1g/5ml oral suspension,12977011000001103,AMP,0407010H0AACSCS
42109711000001100,Paracetamol 60mg suppositories,42109711000001100,VMP,0407010H0AACWCW
13004311000001103,Paracetamol 250mg/5ml oral solution,13004311000001103,VMP,0407010H0AADBDB
12978711000001100,Paracetamol 250mg/5ml oral solution,12978711000001100,AMP,0407010H0AADBDB
3437211000001102,Paracetamol 250mg orodispersible tablets sugar free,3437211000001102,VMP,0407010H0AADCDC
4957511000001101,Paracetamol 250mg/5ml oral suspension 5ml sachets sugar free,4957511000001101,VMP,0407010H0AADEDE
4601111000001107,Paracetamol 1g oral powder sachets,4601111000001107,VMP,0407010H0AADGDG
7393611000001100,Paracetamol 1g/100ml solution for infusion vials,7393611000001100,VMP,0407010H0AADIDI
24417111000001103,Paracetamol 1g/100ml solution for infusion vials,24417111000001103,AMP,0407010H0AADIDI
24409311000001109,Paracetamol 1g/100ml solution for infusion vials,24409311000001109,AMP,0407010H0AADIDI
44984411000001101,Paracetamol 1g/100ml solution for infusion vials,44984411000001101,AMP,0407010H0AADIDI
36612911000001107,Paracetamol 1g/100ml solution for infusion vials,36612911000001107,AMP,0407010H0AADIDI
9096911000001105,Paracetamol 120mg/5ml oral suspension 5ml sachets,9096911000001105,VMP,0407010H0AADJDJ
36026311000001108,Paracetamol 500mg/50ml solution for infusion vials,36026311000001108,VMP,0407010H0AADKDK
32683011000001101,Paracetamol 500mg/50ml solution for infusion vials,32683011000001101,AMP,0407010H0AADKDK
36530311000001105,Paracetamol 500mg/50ml solution for infusion vials,36530311000001105,AMP,0407010H0AADKDK
16665611000001108,Paracetamol 1g tablets,16665611000001108,VMP,0407010H0AADLDL
45198311000001105,Paracetamol 1g tablets,45198311000001105,AMP,0407010H0AADLDL
42811811000001100,Paracetamol 1g tablets,42811811000001100,AMP,0407010H0AADLDL
35526411000001100,Paracetamol 1g tablets,35526411000001100,AMP,0407010H0AADLDL
45162011000001106,Paracetamol 1g tablets,45162011000001106,AMP,0407010H0AADLDL
16757111000001108,Paracetamol 650mg oral powder sachets,16757111000001108,VMP,0407010H0AADMDM
24014911000001102,Paracetamol 500mg/5ml oral solution sugar free,24014911000001102,VMP,0407010H0AADPDP
24133711000001101,Paracetamol 500mg/5ml oral solution sugar free,24133711000001101,AMP,0407010H0AADPDP
24000811000001104,Paracetamol 500mg/5ml oral solution sugar free,24000811000001104,AMP,0407010H0AADPDP
24195011000001108,Paracetamol 500mg/5ml oral solution sugar free,24195011000001108,AMP,0407010H0AADPDP
34024811000001104,Paracetamol 500mg/5ml oral solution sugar free,34024811000001104,AMP,0407010H0AADPDP
8116611000001108,Paracetamol 50mg oral powder sachets sugar free,8116611000001108,VMP,0407010H0AADQDQ
32637711000001103,Paracetamol 500mg oral powder sachets,32637711000001103,VMP,0407010H0AADRDR
32625611000001103,Paracetamol 500mg oral powder sachets,32625611000001103,AMP,0407010H0AADRDR
34878611000001106,Paracetamol 500mg effervescent tablets,34878611000001106,VMP,0407010H0AADSDS
34862711000001108,Paracetamol 500mg effervescent tablets,34862711000001108,AMP,0407010H0AADSDS
34936411000001103,Paracetamol 500mg effervescent tablets,34936411000001103,AMP,0407010H0AADSDS
35110911000001106,Paracetamol 500mg effervescent tablets,35110911000001106,AMP,0407010H0AADSDS
37060711000001101,Paracetamol 500mg effervescent tablets,37060711000001101,AMP,0407010H0AADSDS
37770711000001109,Paracetamol 500mg effervescent tablets,37770711000001109,AMP,0407010H0AADSDS
43803011000001104,Paracetamol 500mg effervescent tablets,43803011000001104,AMP,0407010H0AADSDS
42543311000001101,Paracetamol 500mg effervescent tablets,42543311000001101,AMP,0407010H0AADSDS
39172411000001104,Paracetamol 500mg effervescent tablets,39172411000001104,AMP,0407010H0AADSDS
41614611000001106,Paracetamol 500mg effervescent tablets,41614611000001106,AMP,0407010H0AADSDS
45337511000001103,Paracetamol 500mg effervescent tablets,45337511000001103,AMP,0407010H0AADSDS
36752911000001107,Paracetamol 1g effervescent tablets sugar free,36752911000001107,VMP,0407010H0AADUDU
744411000001105,Paldesic paracetamol 120mg/5ml oral suspension,744411000001105,AMP,0407010H0BCABAI
74811000001105,Paldesic paracetamol 250mg/5ml oral suspension,74811000001105,AMP,0407010H0BCACAC
526111000001109,Panadol 500mg tablets,526111000001109,AMP,0407010H0BFADAM
550611000001102,Panadol 500mg capsules,550611000001102,AMP,0407010H0BFAFAA
638311000001103,Panadol ActiFast Soluble tablets,638311000001103,AMP,0407010H0BFAGAQ
4621811000001105,Panadol ActiFast 500mg tablets,4621811000001105,AMP,0407010H0BFAIAM
14972511000001100,Panadol Advance 500mg tablets,14972511000001100,AMP,0407010H0BFAJAM
16655311000001107,Panadol OA 1000mg tablets,16655311000001107,AMP,0407010H0BFAKDL
3467811000001108,Disprol Paracetamol 120mg/5ml oral suspension 5ml sachets,3467811000001108,AMP,0407010H0BJAEAJ
522211000001104,Disprol Paracetamol 120mg soluble tablets,522211000001104,AMP,0407010H0BJAHAS
8149511000001105,Disprol Paracetamol 120mg/5ml oral suspension,8149511000001105,AMP,0407010H0BJAIAW
9245311000001102,Numark Paracetamol 500mg capsules,9245311000001102,AMP,0407010H0BUAAAA
895411000001103,Paracets 500mg capsules,895411000001103,AMP,0407010H0BWAAAA
509511000001104,Miradol 500mg tablets,509511000001104,AMP,0407010H0BYAAAM
685211000001107,Alvedon 125mg suppositories,685211000001107,AMP,0407010H0CDAACM
538011000001105,Alvedon 60mg suppositories,538011000001105,AMP,0407010H0CDABCW
124811000001103,Alvedon 250mg suppositories,124811000001103,AMP,0407010H0CDACCB
317611000001109,Mandanol 500mg tablets,317611000001109,AMP,0407010H0CGAAAM
67111000001103,Mandanol 500mg caplets,67111000001103,AMP,0407010H0CGABAM
8982611000001106,Mandanol Infant paracetamol 120mg/5ml oral suspension,8982611000001106,AMP,0407010H0CGACAW
8982411000001108,Mandanol 6+ paracetamol 250mg/5ml oral suspension,8982411000001108,AMP,0407010H0CGADBG
289111000001102,Anadin Paracetamol 500mg tablets,289111000001102,AMP,0407010H0CNAAAM
32968511000001102,Paravict 500mg tablets,32968511000001102,AMP,0407010H0CUAAAM
36724111000001102,Altridexamol 1000mg effervescent tablets,36724111000001102,AMP,0407010H0CVAADU
40848511000001108,Parasolve 500mg effervescent tablets,40848511000001108,AMP,0407010H0CWAADS
42943811000001104,SolpaOne 1000mg effervescent tablets,42943811000001104,AMP,0407010H0CXAADU
11762111000001100,Co-codaprin 8mg/400mg tablets,11762111000001100,VMP,0407010M0AAAAAA
11748611000001102,Co-codaprin 8mg/400mg tablets,11748611000001102,AMP,0407010M0AAAAAA
39695111000001108,Co-codaprin 8mg/400mg dispersible tablets,39695111000001108,VMP,0407010M0AAABAB
3679811000001109,Co-codaprin 8mg/400mg dispersible tablets,3679811000001109,AMP,0407010M0AAABAB
3680211000001108,Co-codaprin 8mg/400mg dispersible tablets,3680211000001108,AMP,0407010M0AAABAB
3680611000001105,Co-codaprin 8mg/400mg dispersible tablets,3680611000001105,AMP,0407010M0AAABAB
29797311000001107,Co-codaprin 8mg/400mg dispersible tablets,29797311000001107,AMP,0407010M0AAABAB
20549911000001105,Boots Aspirin and Codeine tablets,20549911000001105,AMP,0407010M0BCAAAA
42010611000001108,Co-dydramol 10mg/500mg tablets,42010611000001108,VMP,0407010N0AAAAAA
800311000001100,Co-dydramol 10mg/500mg tablets,800311000001100,AMP,0407010N0AAAAAA
42756311000001108,Co-dydramol 10mg/500mg tablets,42756311000001108,AMP,0407010N0AAAAAA
37863911000001108,Co-dydramol 10mg/500mg tablets,37863911000001108,AMP,0407010N0AAAAAA
112411000001101,Co-dydramol 10mg/500mg tablets,112411000001101,AMP,0407010N0AAAAAA
871711000001104,Co-dydramol 10mg/500mg tablets,871711000001104,AMP,0407010N0AAAAAA
9788711000001108,Co-dydramol 10mg/500mg tablets,9788711000001108,AMP,0407010N0AAAAAA
10398511000001101,Co-dydramol 10mg/500mg tablets,10398511000001101,AMP,0407010N0AAAAAA
41579211000001109,Co-dydramol 10mg/500mg tablets,41579211000001109,AMP,0407010N0AAAAAA
46115111000001102,Co-dydramol 10mg/500mg tablets,46115111000001102,AMP,0407010N0AAAAAA
23855911000001106,Co-dydramol 10mg/500mg tablets,23855911000001106,AMP,0407010N0AAAAAA
170211000001106,Co-dydramol 10mg/500mg tablets,170211000001106,AMP,0407010N0AAAAAA
280011000001106,Co-dydramol 10mg/500mg tablets,280011000001106,AMP,0407010N0AAAAAA
37848611000001101,Co-dydramol 10mg/500mg tablets,37848611000001101,AMP,0407010N0AAAAAA
30018111000001108,Co-dydramol 10mg/500mg tablets,30018111000001108,AMP,0407010N0AAAAAA
38856111000001100,Co-dydramol 10mg/500mg tablets,38856111000001100,AMP,0407010N0AAAAAA
17888211000001107,Co-dydramol 10mg/500mg tablets,17888211000001107,AMP,0407010N0AAAAAA
15093811000001102,Co-dydramol 10mg/500mg tablets,15093811000001102,AMP,0407010N0AAAAAA
834011000001100,Co-dydramol 10mg/500mg tablets,834011000001100,AMP,0407010N0AAAAAA
783711000001106,Co-dydramol 10mg/500mg tablets,783711000001106,AMP,0407010N0AAAAAA
818811000001109,Co-dydramol 10mg/500mg tablets,818811000001109,AMP,0407010N0AAAAAA
831711000001101,Co-dydramol 10mg/500mg tablets,831711000001101,AMP,0407010N0AAAAAA
22038511000001104,Co-dydramol 10mg/500mg tablets,22038511000001104,AMP,0407010N0AAAAAA
15037811000001104,Co-dydramol 10mg/500mg tablets,15037811000001104,AMP,0407010N0AAAAAA
474911000001108,Co-dydramol 10mg/500mg tablets,474911000001108,AMP,0407010N0AAAAAA
13893011000001104,Co-dydramol 10mg/500mg/5ml oral solution,13893011000001104,VMP,0407010N0AAACAC
13891211000001105,Co-dydramol 10mg/500mg/5ml oral solution,13891211000001105,AMP,0407010N0AAACAC
16073011000001100,Co-dydramol 10mg/500mg oral powder sachets,16073011000001100,VMP,0407010N0AAAFAF
16047411000001103,Co-dydramol 10mg/500mg oral powder sachets,16047411000001103,AMP,0407010N0AAAFAF
8427711000001105,Co-dydramol 10mg/500mg/5ml oral suspension,8427711000001105,VMP,0407010N0AAAGAG
8405111000001108,Co-dydramol 10mg/500mg/5ml oral suspension,8405111000001108,AMP,0407010N0AAAGAG
42010711000001104,Co-dydramol 20mg/500mg tablets,42010711000001104,VMP,0407010N0AAAHAH
35107711000001107,Co-dydramol 20mg/500mg tablets,35107711000001107,AMP,0407010N0AAAHAH
20363711000001101,Co-dydramol 20mg/500mg tablets,20363711000001101,AMP,0407010N0AAAHAH
35110011000001107,Co-dydramol 20mg/500mg tablets,35110011000001107,AMP,0407010N0AAAHAH
37231511000001102,Co-dydramol 20mg/500mg tablets,37231511000001102,AMP,0407010N0AAAHAH
34797311000001107,Co-dydramol 20mg/500mg tablets,34797311000001107,AMP,0407010N0AAAHAH
38856911000001102,Co-dydramol 20mg/500mg tablets,38856911000001102,AMP,0407010N0AAAHAH
42010811000001107,Co-dydramol 30mg/500mg tablets,42010811000001107,VMP,0407010N0AAAIAI
35108011000001106,Co-dydramol 30mg/500mg tablets,35108011000001106,AMP,0407010N0AAAIAI
20364011000001101,Co-dydramol 30mg/500mg tablets,20364011000001101,AMP,0407010N0AAAIAI
35110311000001105,Co-dydramol 30mg/500mg tablets,35110311000001105,AMP,0407010N0AAAIAI
37231811000001104,Co-dydramol 30mg/500mg tablets,37231811000001104,AMP,0407010N0AAAIAI
34797611000001102,Co-dydramol 30mg/500mg tablets,34797611000001102,AMP,0407010N0AAAIAI
38857711000001101,Co-dydramol 30mg/500mg tablets,38857711000001101,AMP,0407010N0AAAIAI
4660511000001106,Co-dydramol 7.46mg/500mg tablets,4660511000001106,VMP,0407010N0AAAJAJ
9553311000001107,Co-dydramol 7.46mg/500mg effervescent tablets sugar free,9553311000001107,VMP,0407010N0AAAKAK
847911000001106,Galake 10mg/500mg tablets,847911000001106,AMP,0407010N0BCAAAA
9105311000001109,Dental Pain Relief tablets,9105311000001109,AMP,0407010N0BEABAJ
20474311000001103,Dypracet 20mg/500mg tablets,20474311000001103,AMP,0407010N0BFAAAH
20474611000001108,Dypracet 30mg/500mg tablets,20474611000001108,AMP,0407010N0BFABAI
680111000001109,Remedeine tablets,680111000001109,AMP,0407010N0BGAAAH
419911000001100,Remedeine Forte tablets,419911000001100,AMP,0407010N0BGABAI
4656111000001106,Paramol tablets,4656111000001106,AMP,0407010N0BHABAJ
9544111000001109,Paramol soluble tablets,9544111000001109,AMP,0407010N0BHACAK
34577211000001109,Eroset 500mg/10mg tablets,34577211000001109,AMP,0407010N0BIAAAA
36030511000001102,Nefopam 20mg/1ml solution for injection ampoules,36030511000001102,VMP,0407010P0AAAAAA
42296811000001101,Nefopam 30mg tablets,42296811000001101,VMP,0407010P0AAABAB
30988311000001102,Nefopam 30mg tablets,30988311000001102,AMP,0407010P0AAABAB
33634811000001109,Nefopam 30mg tablets,33634811000001109,AMP,0407010P0AAABAB
30778311000001102,Nefopam 30mg tablets,30778311000001102,AMP,0407010P0AAABAB
31067811000001105,Nefopam 30mg tablets,31067811000001105,AMP,0407010P0AAABAB
39218711000001103,Nefopam 30mg tablets,39218711000001103,AMP,0407010P0AAABAB
46057911000001105,Nefopam 30mg tablets,46057911000001105,AMP,0407010P0AAABAB
37460211000001103,Nefopam 30mg tablets,37460211000001103,AMP,0407010P0AAABAB
42993911000001101,Nefopam 30mg tablets,42993911000001101,AMP,0407010P0AAABAB
34794611000001108,Nefopam 30mg tablets,34794611000001108,AMP,0407010P0AAABAB
41506811000001108,Nefopam 30mg tablets,41506811000001108,AMP,0407010P0AAABAB
42325211000001108,Nefopam 30mg tablets,42325211000001108,AMP,0407010P0AAABAB
37123511000001104,Nefopam 30mg tablets,37123511000001104,AMP,0407010P0AAABAB
31080711000001101,Nefopam 30mg tablets,31080711000001101,AMP,0407010P0AAABAB
39052111000001103,Nefopam 30mg tablets,39052111000001103,AMP,0407010P0AAABAB
37978711000001100,Nefopam 30mg tablets,37978711000001100,AMP,0407010P0AAABAB
43787411000001100,Nefopam 30mg tablets,43787411000001100,AMP,0407010P0AAABAB
36620711000001103,Nefopam 30mg tablets,36620711000001103,AMP,0407010P0AAABAB
33498511000001108,Nefopam 30mg tablets,33498511000001108,AMP,0407010P0AAABAB
45235011000001107,Nefopam 30mg tablets,45235011000001107,AMP,0407010P0AAABAB
33386911000001105,Nefopam 30mg tablets,33386911000001105,AMP,0407010P0AAABAB
41723111000001101,Nefopam 30mg tablets,41723111000001101,AMP,0407010P0AAABAB
12301711000001107,Nefopam 20mg/5ml oral suspension,12301711000001107,VMP,0407010P0AAAEAE
12258711000001101,Nefopam 20mg/5ml oral suspension,12258711000001101,AMP,0407010P0AAAEAE
12301811000001104,Nefopam 30mg/5ml oral suspension,12301811000001104,VMP,0407010P0AAAFAF
12259011000001108,Nefopam 30mg/5ml oral suspension,12259011000001108,AMP,0407010P0AAAFAF
71011000001102,Acupan 30mg tablets,71011000001102,AMP,0407010P0BBAAAB
4054311000001107,Acupan 20mg/1ml solution for injection ampoules,4054311000001107,AMP,0407010P0BBABAA
39690311000001103,Co-proxamol 32.5mg/325mg tablets,39690311000001103,VMP,0407010Q0AAAAAA
126911000001100,Co-proxamol 32.5mg/325mg tablets,126911000001100,AMP,0407010Q0AAAAAA
526911000001107,Co-proxamol 32.5mg/325mg tablets,526911000001107,AMP,0407010Q0AAAAAA
134011000001106,Co-proxamol 32.5mg/325mg tablets,134011000001106,AMP,0407010Q0AAAAAA
9788911000001105,Co-proxamol 32.5mg/325mg tablets,9788911000001105,AMP,0407010Q0AAAAAA
30045311000001108,Co-proxamol 32.5mg/325mg tablets,30045311000001108,AMP,0407010Q0AAAAAA
29851211000001102,Co-proxamol 32.5mg/325mg tablets,29851211000001102,AMP,0407010Q0AAAAAA
331211000001106,Co-proxamol 32.5mg/325mg tablets,331211000001106,AMP,0407010Q0AAAAAA
471711000001108,Co-proxamol 32.5mg/325mg tablets,471711000001108,AMP,0407010Q0AAAAAA
17031711000001102,Co-proxamol 32.5mg/325mg tablets,17031711000001102,AMP,0407010Q0AAAAAA
12884111000001105,Co-proxamol 32.5mg/325mg tablets,12884111000001105,AMP,0407010Q0AAAAAA
31552211000001100,Co-proxamol 32.5mg/325mg tablets,31552211000001100,AMP,0407010Q0AAAAAA
18106711000001101,Co-proxamol 32.5mg/325mg tablets,18106711000001101,AMP,0407010Q0AAAAAA
194811000001109,Co-proxamol 32.5mg/325mg tablets,194811000001109,AMP,0407010Q0AAAAAA
29799511000001108,Co-proxamol 32.5mg/325mg tablets,29799511000001108,AMP,0407010Q0AAAAAA
269611000001108,Co-proxamol 32.5mg/325mg tablets,269611000001108,AMP,0407010Q0AAAAAA
769511000001101,Co-proxamol 32.5mg/325mg tablets,769511000001101,AMP,0407010Q0AAAAAA
776411000001101,Co-proxamol 32.5mg/325mg tablets,776411000001101,AMP,0407010Q0AAAAAA
8427811000001102,Co-proxamol 32.5mg/325mg/5ml oral suspension,8427811000001102,VMP,0407010Q0AAADAD
8407611000001107,Co-proxamol 32.5mg/325mg/5ml oral suspension,8407611000001107,AMP,0407010Q0AAADAD
247711000001104,Distalgesic 32.5mg/325mg tablets,247711000001104,AMP,0407010Q0BDAAAA
4930811000001101,Aspirin 300mg / Paracetamol 200mg dispersible tablets sugar free,4930811000001101,VMP,0407010S0AAACAC
4911611000001102,Disprin Extra dispersible tablets,4911611000001102,AMP,0407010S0BDAAAC
42109111000001101,Paracetamol 500mg / Caffeine 65mg tablets,42109111000001101,VMP,0407010U0AAAAAA
45721811000001108,Paracetamol 500mg / Caffeine 65mg tablets,45721811000001108,AMP,0407010U0AAAAAA
34965011000001107,Paracetamol 500mg / Caffeine 65mg tablets,34965011000001107,AMP,0407010U0AAAAAA
45708711000001101,Paracetamol 500mg / Caffeine 65mg tablets,45708711000001101,AMP,0407010U0AAAAAA
45518311000001101,Paracetamol 500mg / Caffeine 65mg tablets,45518311000001101,AMP,0407010U0AAAAAA
39720511000001107,Paracetamol 500mg / Caffeine 65mg effervescent tablets sugar free,39720511000001107,VMP,0407010U0AAACAC
28261911000001107,Paracetamol 500mg / Caffeine 65mg effervescent tablets sugar free,28261911000001107,AMP,0407010U0AAACAC
31994611000001105,Paracetamol 500mg / Caffeine 65mg effervescent tablets sugar free,31994611000001105,AMP,0407010U0AAACAC
19568611000001102,Paracetamol 500mg / Caffeine 65mg effervescent tablets sugar free,19568611000001102,AMP,0407010U0AAACAC
4929511000001109,Panadol Extra tablets,4929511000001109,AMP,0407010U0BBAAAA
4928511000001103,Panadol Extra soluble tablets,4928511000001103,AMP,0407010U0BBABAC
18677911000001109,Panadol Extra Advance 500mg/65mg tablets,18677911000001109,AMP,0407010U0BBACAA
17223011000001106,Mandanol Plus tablets,17223011000001106,AMP,0407010U0BEAAAA
17987211000001100,Boots Paracetamol Extra tablets,17987211000001100,AMP,0407010U0BFAAAA
31017211000001105,Boots Paracetamol Extra soluble tablets,31017211000001105,AMP,0407010U0BFABAC
18749611000001102,Galpharm Paracetamol Plus tablets,18749611000001102,AMP,0407010U0BGAAAA
21531711000001100,Panadol Period Pain 500mg/65mg tablets,21531711000001100,AMP,0407010U0BHAAAA
23133011000001100,Beechams Cold Relief Orange Flavour effervescent tablets,23133011000001100,AMP,0407010U0BIAAAC
42507811000001106,Parasolve Extra 500mg/65mg effervescent tablets,42507811000001106,AMP,0407010U0BJAAAC
4956111000001107,Aspirin 500mg / Codeine 8mg dispersible tablets sugar free,4956111000001107,VMP,0407010W0AAADAD
8042711000001104,Generic Alka-Seltzer XS effervescent tablets,8042711000001104,VMP,0407010W0AAAEAE
8043011000001105,Alka-Seltzer XS effervescent tablets,8043011000001105,AMP,0407010W0BGAAAE
4932311000001109,Generic Alka-Seltzer effervescent tablets sugar free,4932311000001109,VMP,0407010W0BGABA0
4925711000001101,Alka-Seltzer effervescent tablets original,4925711000001101,AMP,0407010W0BGABA0
4951811000001105,Codis 500 dispersible tablets,4951811000001105,AMP,0407010W0BHAAAD
12534011000001101,Aspirin Extra tablets,12534011000001101,AMP,0407010W0BKAAA0
7945911000001106,Lloydspharmacy Extra Power Pain Reliever tablets,7945911000001106,AMP,0407010W0BKABA0
13629811000001107,Paramed Extra Power Pain Control tablets,13629811000001107,AMP,0407010W0BLAAA0
4915111000001107,Anadin Extra tablets,4915111000001107,AMP,0407010W0BMAAA0
4932411000001102,Generic Anadin Extra soluble tablets sugar free,4932411000001102,VMP,0407010W0BMABA0
4914411000001103,Anadin Extra soluble tablets,4914411000001103,AMP,0407010W0BMABA0
24572811000001108,Numark Extra Power Pain Reliever tablets,24572811000001108,AMP,0407010W0BNAAA0
30971911000001102,Boots Aspirin Extra tablets,30971911000001102,AMP,0407010W0BPAAA0
34792111000001108,Syndol Headache Relief tablets,34792111000001108,AMP,0407010X0BEACAJ
4777011000001101,Generic Propain caplets,4777011000001101,VMP,0407010X0BKABA0
4769311000001102,Propain caplets,4769311000001102,AMP,0407010X0BKABA0
9110711000001100,Propain Plus caplets,9110711000001100,AMP,0407010X0BKACA0
4923911000001100,Solpadeine Plus tablets,4923911000001100,AMP,0407010X0BMAAAJ
10075411000001104,Generic Solpadeine Plus soluble tablets sugar free,10075411000001104,VMP,0407010X0BMABA0
10068111000001106,Solpadeine Plus soluble tablets,10068111000001106,AMP,0407010X0BMABA0
4924611000001109,Solpadeine Plus capsules,4924611000001109,AMP,0407010X0BMACA0
18084511000001109,Generic Solpadeine Max soluble tablets sugar free,18084511000001109,VMP,0407010X0BMADA0
18075611000001104,Solpadeine Max soluble tablets,18075611000001104,AMP,0407010X0BMADA0
3996611000001107,Ultramol Soluble tablets,3996611000001107,AMP,0407010X0BZAAAY
38485611000001101,Codasolve 8mg/500mg/30mg effervescent tablets,38485611000001101,AMP,0407010X0DFAABN
3897311000001109,Morphine tartrate 10mg/1ml / Cyclizine tartrate 50mg/1ml solution for injection ampoules,3897311000001109,VMP,040702020AAAAAA
7888211000001108,Morphine tartrate 10mg/1ml / Cyclizine tartrate 50mg/1ml solution for injection ampoules,7888211000001108,AMP,040702020AAAAAA
9762011000001106,Morphine tartrate 10mg/1ml / Cyclizine tartrate 50mg/1ml solution for injection ampoules,9762011000001106,AMP,040702020AAAAAA
8441511000001108,Morphine tartrate 10mg/1ml / Cyclizine tartrate 50mg/1ml solution for injection ampoules,8441511000001108,AMP,040702020AAAAAA
3897411000001102,Morphine tartrate 15mg/1ml / Cyclizine tartrate 50mg/1ml solution for injection ampoules,3897411000001102,VMP,040702020AAABAB
7887911000001100,Morphine tartrate 15mg/1ml / Cyclizine tartrate 50mg/1ml solution for injection ampoules,7887911000001100,AMP,040702020AAABAB
9762211000001101,Morphine tartrate 15mg/1ml / Cyclizine tartrate 50mg/1ml solution for injection ampoules,9762211000001101,AMP,040702020AAABAB
8442211000001103,Morphine tartrate 15mg/1ml / Cyclizine tartrate 50mg/1ml solution for injection ampoules,8442211000001103,AMP,040702020AAABAB
3885111000001102,Cyclimorph 10 solution for injection 1ml ampoules,3885111000001102,AMP,040702020BBAAAA
3884611000001109,Cyclimorph 15 solution for injection 1ml ampoules,3884611000001109,AMP,040702020BBABAB
42017811000001106,Tramadol 50mg capsules,42017811000001106,VMP,040702040AAAAAA
246311000001101,Tramadol 50mg capsules,246311000001101,AMP,040702040AAAAAA
20170311000001107,Tramadol 50mg capsules,20170311000001107,AMP,040702040AAAAAA
886411000001108,Tramadol 50mg capsules,886411000001108,AMP,040702040AAAAAA
939711000001107,Tramadol 50mg capsules,939711000001107,AMP,040702040AAAAAA
9800611000001103,Tramadol 50mg capsules,9800611000001103,AMP,040702040AAAAAA
42362511000001108,Tramadol 50mg capsules,42362511000001108,AMP,040702040AAAAAA
10414511000001103,Tramadol 50mg capsules,10414511000001103,AMP,040702040AAAAAA
16069711000001109,Tramadol 50mg capsules,16069711000001109,AMP,040702040AAAAAA
38620211000001101,Tramadol 50mg capsules,38620211000001101,AMP,040702040AAAAAA
28803911000001101,Tramadol 50mg capsules,28803911000001101,AMP,040702040AAAAAA
10290811000001105,Tramadol 50mg capsules,10290811000001105,AMP,040702040AAAAAA
41847311000001106,Tramadol 50mg capsules,41847311000001106,AMP,040702040AAAAAA
4821211000001104,Tramadol 50mg capsules,4821211000001104,AMP,040702040AAAAAA
746011000001106,Tramadol 50mg capsules,746011000001106,AMP,040702040AAAAAA
905911000001101,Tramadol 50mg capsules,905911000001101,AMP,040702040AAAAAA
30924411000001106,Tramadol 50mg capsules,30924411000001106,AMP,040702040AAAAAA
39915011000001107,Tramadol 50mg capsules,39915011000001107,AMP,040702040AAAAAA
36238411000001107,Tramadol 50mg capsules,36238411000001107,AMP,040702040AAAAAA
35187411000001102,Tramadol 50mg capsules,35187411000001102,AMP,040702040AAAAAA
24136911000001105,Tramadol 50mg capsules,24136911000001105,AMP,040702040AAAAAA
10444611000001105,Tramadol 50mg capsules,10444611000001105,AMP,040702040AAAAAA
37507411000001107,Tramadol 50mg capsules,37507411000001107,AMP,040702040AAAAAA
36732111000001108,Tramadol 50mg capsules,36732111000001108,AMP,040702040AAAAAA
11415411000001109,Tramadol 50mg capsules,11415411000001109,AMP,040702040AAAAAA
17860911000001102,Tramadol 50mg capsules,17860911000001102,AMP,040702040AAAAAA
40703011000001103,Tramadol 50mg capsules,40703011000001103,AMP,040702040AAAAAA
36925411000001101,Tramadol 50mg capsules,36925411000001101,AMP,040702040AAAAAA
24622911000001109,Tramadol 50mg capsules,24622911000001109,AMP,040702040AAAAAA
15195711000001100,Tramadol 50mg capsules,15195711000001100,AMP,040702040AAAAAA
849011000001103,Tramadol 50mg capsules,849011000001103,AMP,040702040AAAAAA
796411000001109,Tramadol 50mg capsules,796411000001109,AMP,040702040AAAAAA
26787711000001101,Tramadol 50mg capsules,26787711000001101,AMP,040702040AAAAAA
812811000001107,Tramadol 50mg capsules,812811000001107,AMP,040702040AAAAAA
21892011000001100,Tramadol 50mg capsules,21892011000001100,AMP,040702040AAAAAA
736011000001107,Tramadol 50mg capsules,736011000001107,AMP,040702040AAAAAA
35920411000001105,Tramadol 100mg/2ml solution for injection ampoules,35920411000001105,VMP,040702040AAABAB
10059911000001106,Tramadol 100mg/2ml solution for injection ampoules,10059911000001106,AMP,040702040AAABAB
39145611000001106,Tramadol 100mg/2ml solution for injection ampoules,39145611000001106,AMP,040702040AAABAB
14978511000001103,Tramadol 100mg/2ml solution for injection ampoules,14978511000001103,AMP,040702040AAABAB
10072711000001101,Tramadol 100mg/2ml solution for injection ampoules,10072711000001101,AMP,040702040AAABAB
41209311000001100,Tramadol 100mg/2ml solution for injection ampoules,41209311000001100,AMP,040702040AAABAB
28798511000001104,Tramadol 100mg/2ml solution for injection ampoules,28798511000001104,AMP,040702040AAABAB
35920311000001103,Tramadol 100mg modified-release tablets,35920311000001103,VMP,040702040AAACAC
42490111000001109,Tramadol 100mg modified-release tablets,42490111000001109,AMP,040702040AAACAC
35920611000001108,Tramadol 150mg modified-release tablets,35920611000001108,VMP,040702040AAADAD
42490811000001102,Tramadol 150mg modified-release tablets,42490811000001102,AMP,040702040AAADAD
35920811000001107,Tramadol 200mg modified-release tablets,35920811000001107,VMP,040702040AAAEAE
42491611000001106,Tramadol 200mg modified-release tablets,42491611000001106,AMP,040702040AAAEAE
39714911000001102,Tramadol 50mg soluble tablets sugar free,39714911000001102,VMP,040702040AAAFAF
35940111000001103,Tramadol 50mg modified-release capsules,35940111000001103,VMP,040702040AAAGAG
43557511000001105,Tramadol 50mg modified-release capsules,43557511000001105,AMP,040702040AAAGAG
45078111000001107,Tramadol 50mg modified-release capsules,45078111000001107,AMP,040702040AAAGAG
28838511000001107,Tramadol 50mg modified-release capsules,28838511000001107,AMP,040702040AAAGAG
40589011000001102,Tramadol 50mg modified-release capsules,40589011000001102,AMP,040702040AAAGAG
44291111000001108,Tramadol 50mg modified-release capsules,44291111000001108,AMP,040702040AAAGAG
35920211000001106,Tramadol 100mg modified-release capsules,35920211000001106,VMP,040702040AAAHAH
43567511000001100,Tramadol 100mg modified-release capsules,43567511000001100,AMP,040702040AAAHAH
45079111000001100,Tramadol 100mg modified-release capsules,45079111000001100,AMP,040702040AAAHAH
28839311000001107,Tramadol 100mg modified-release capsules,28839311000001107,AMP,040702040AAAHAH
40589411000001106,Tramadol 100mg modified-release capsules,40589411000001106,AMP,040702040AAAHAH
44289311000001105,Tramadol 100mg modified-release capsules,44289311000001105,AMP,040702040AAAHAH
35920511000001109,Tramadol 150mg modified-release capsules,35920511000001109,VMP,040702040AAAIAI
43567711000001105,Tramadol 150mg modified-release capsules,43567711000001105,AMP,040702040AAAIAI
45078711000001108,Tramadol 150mg modified-release capsules,45078711000001108,AMP,040702040AAAIAI
28840111000001101,Tramadol 150mg modified-release capsules,28840111000001101,AMP,040702040AAAIAI
40589611000001109,Tramadol 150mg modified-release capsules,40589611000001109,AMP,040702040AAAIAI
44292711000001102,Tramadol 150mg modified-release capsules,44292711000001102,AMP,040702040AAAIAI
35920711000001104,Tramadol 200mg modified-release capsules,35920711000001104,VMP,040702040AAAJAJ
43568111000001105,Tramadol 200mg modified-release capsules,43568111000001105,AMP,040702040AAAJAJ
45078511000001103,Tramadol 200mg modified-release capsules,45078511000001103,AMP,040702040AAAJAJ
28844211000001104,Tramadol 200mg modified-release capsules,28844211000001104,AMP,040702040AAAJAJ
40589811000001108,Tramadol 200mg modified-release capsules,40589811000001108,AMP,040702040AAAJAJ
44295011000001109,Tramadol 200mg modified-release capsules,44295011000001109,AMP,040702040AAAJAJ
42017911000001101,Tramadol 50mg effervescent powder sachets sugar free,42017911000001101,VMP,040702040AAAKAK
42017711000001103,Tramadol 100mg effervescent powder sachets sugar free,42017711000001103,VMP,040702040AAALAL
35920911000001102,Tramadol 300mg modified-release tablets,35920911000001102,VMP,040702040AAAMAM
35921011000001105,Tramadol 400mg modified-release tablets,35921011000001105,VMP,040702040AAANAN
35921211000001100,Tramadol 75mg modified-release tablets,35921211000001100,VMP,040702040AAAPAP
5212811000001100,Tramadol 50mg orodispersible tablets sugar free,5212811000001100,VMP,040702040AAATAT
7386811000001106,Tramadol 37.5mg / Paracetamol 325mg tablets,7386811000001106,VMP,040702040AAAUAU
21376311000001107,Tramadol 37.5mg / Paracetamol 325mg tablets,21376311000001107,AMP,040702040AAAUAU
35866511000001105,Tramadol 37.5mg / Paracetamol 325mg tablets,35866511000001105,AMP,040702040AAAUAU
21349911000001100,Tramadol 37.5mg / Paracetamol 325mg tablets,21349911000001100,AMP,040702040AAAUAU
33496511000001107,Tramadol 37.5mg / Paracetamol 325mg tablets,33496511000001107,AMP,040702040AAAUAU
42250011000001102,Tramadol 37.5mg / Paracetamol 325mg tablets,42250011000001102,AMP,040702040AAAUAU
37827811000001104,Tramadol 37.5mg / Paracetamol 325mg tablets,37827811000001104,AMP,040702040AAAUAU
34745411000001100,Tramadol 37.5mg / Paracetamol 325mg tablets,34745411000001100,AMP,040702040AAAUAU
21222211000001108,Tramadol 37.5mg / Paracetamol 325mg tablets,21222211000001108,AMP,040702040AAAUAU
30940411000001102,Tramadol 37.5mg / Paracetamol 325mg tablets,30940411000001102,AMP,040702040AAAUAU
39914711000001105,Tramadol 37.5mg / Paracetamol 325mg tablets,39914711000001105,AMP,040702040AAAUAU
41209111000001102,Tramadol 37.5mg / Paracetamol 325mg tablets,41209111000001102,AMP,040702040AAAUAU
37861211000001103,Tramadol 37.5mg / Paracetamol 325mg tablets,37861211000001103,AMP,040702040AAAUAU
21714811000001101,Tramadol 37.5mg / Paracetamol 325mg tablets,21714811000001101,AMP,040702040AAAUAU
12037411000001103,Tramadol 50mg modified-release tablets,12037411000001103,VMP,040702040AAAYAY
28790611000001103,Tramadol 50mg/5ml oral suspension,28790611000001103,VMP,040702040AAAZAZ
28782011000001108,Tramadol 50mg/5ml oral suspension,28782011000001108,AMP,040702040AAAZAZ
17430011000001102,Tramadol 37.5mg / Paracetamol 325mg effervescent tablets sugar free,17430011000001102,VMP,040702040AABABA
19200411000001106,Tramadol 100mg/ml oral drops,19200411000001106,VMP,040702040AABBBB
19677511000001100,Tramadol 100mg/ml oral drops,19677511000001100,AMP,040702040AABBBB
19189011000001106,Tramadol 100mg/ml oral drops,19189011000001106,AMP,040702040AABBBB
20361511000001107,Tramadol 100mg/ml oral drops,20361511000001107,AMP,040702040AABBBB
33523811000001102,Tramadol 75mg / Paracetamol 650mg tablets,33523811000001102,VMP,040702040AABCBC
34197111000001104,Tramadol 75mg / Paracetamol 650mg tablets,34197111000001104,AMP,040702040AABCBC
33496111000001103,Tramadol 75mg / Paracetamol 650mg tablets,33496111000001103,AMP,040702040AABCBC
35029711000001104,Tramadol 75mg / Dexketoprofen 25mg tablets,35029711000001104,VMP,040702040AABDBD
39848411000001106,Tramadol 50mg/5ml oral solution sugar free,39848411000001106,VMP,040702040AABEBE
40654411000001108,Tramadol 10mg/ml oral solution sugar free,40654411000001108,AMP,040702040AABEBE
39990011000001102,Tramadol 10mg/ml oral solution sugar free,39990011000001102,AMP,040702040AABEBE
39844311000001109,Tramadol 10mg/ml oral solution sugar free,39844311000001109,AMP,040702040AABEBE
203811000001106,Zydol 50mg capsules,203811000001106,AMP,040702040BBAAAA
793211000001103,Zydol 100mg/2ml solution for injection ampoules,793211000001103,AMP,040702040BBABAB
306311000001100,Zydol SR 100mg tablets,306311000001100,AMP,040702040BBACAC
362111000001102,Zydol SR 150mg tablets,362111000001102,AMP,040702040BBADAD
315611000001102,Zydol SR 200mg tablets,315611000001102,AMP,040702040BBAEAE
314411000001101,Zydol 50mg soluble tablets,314411000001101,AMP,040702040BBAFAF
139611000001100,Zydol XL 150mg tablets,139611000001100,AMP,040702040BBAGAD
142111000001100,Zydol XL 200mg tablets,142111000001100,AMP,040702040BBAHAE
929211000001103,Zydol XL 300mg tablets,929211000001103,AMP,040702040BBAIAM
461411000001108,Zydol XL 400mg tablets,461411000001108,AMP,040702040BBAJAN
11985311000001102,Zydol SR 50mg tablets,11985311000001102,AMP,040702040BBAKAY
451511000001100,Tramake 50mg capsules,451511000001100,AMP,040702040BCAAAA
3242911000001107,Tramake Insts 50mg sachets,3242911000001107,AMP,040702040BCABAK
3250111000001107,Tramake Insts 100mg sachets,3250111000001107,AMP,040702040BCACAL
400911000001108,Zamadol 50mg capsules,400911000001108,AMP,040702040BDAAAA
21011000001101,Zamadol SR 50mg capsules,21011000001101,AMP,040702040BDABAG
331011000001101,Zamadol SR 100mg capsules,331011000001101,AMP,040702040BDACAH
711511000001103,Zamadol SR 150mg capsules,711511000001103,AMP,040702040BDADAI
9411000001102,Zamadol SR 200mg capsules,9411000001102,AMP,040702040BDAEAJ
473811000001101,Zamadol 100mg/2ml solution for injection ampoules,473811000001101,AMP,040702040BDAFAB
5197011000001105,Zamadol Melt 50mg tablets,5197011000001105,AMP,040702040BDAGAT
9532211000001106,Zamadol 24hr 150mg modified-release tablets,9532211000001106,AMP,040702040BDAHAD
9532611000001108,Zamadol 24hr 200mg modified-release tablets,9532611000001108,AMP,040702040BDAIAE
9532911000001102,Zamadol 24hr 300mg modified-release tablets,9532911000001102,AMP,040702040BDAJAM
9533211000001100,Zamadol 24hr 400mg modified-release tablets,9533211000001100,AMP,040702040BDAKAN
424611000001103,Dromadol SR 75mg tablets,424611000001103,AMP,040702040BEAAAP
216911000001105,Dromadol SR 100mg tablets,216911000001105,AMP,040702040BEABAC
919611000001108,Dromadol SR 150mg tablets,919611000001108,AMP,040702040BEACAD
278411000001105,Dromadol SR 200mg tablets,278411000001105,AMP,040702040BEADAE
847811000001101,Dromadol XL 150mg tablets,847811000001101,AMP,040702040BEAEAD
109211000001105,Dromadol XL 200mg tablets,109211000001105,AMP,040702040BEAFAE
17411000001109,Dromadol XL 300mg tablets,17411000001109,AMP,040702040BEAGAM
805511000001101,Dromadol XL 400mg tablets,805511000001101,AMP,040702040BEAHAN
7381611000001100,Tramacet 37.5mg/325mg tablets,7381611000001100,AMP,040702040BFAAAU
17418411000001102,Tramacet 37.5mg/325mg effervescent tablets,17418411000001102,AMP,040702040BFABBA
9100811000001106,Larapam SR 100mg tablets,9100811000001106,AMP,040702040BGAAAC
9101011000001109,Larapam SR 150mg tablets,9101011000001109,AMP,040702040BGABAD
9101211000001104,Larapam SR 200mg tablets,9101211000001104,AMP,040702040BGACAE
10228111000001105,Mabron 100mg modified-release tablets,10228111000001105,AMP,040702040BHAAAC
10228311000001107,Mabron 150mg modified-release tablets,10228311000001107,AMP,040702040BHABAD
10228511000001101,Mabron 200mg modified-release tablets,10228511000001101,AMP,040702040BHACAE
20475011000001102,Mabron 100mg modified-release tablets,20475011000001102,AMP,040702040BHADAC
20475211000001107,Mabron 150mg modified-release tablets,20475211000001107,AMP,040702040BHAEAD
20475411000001106,Mabron 200mg modified-release tablets,20475411000001106,AMP,040702040BHAFAE
11054611000001106,Tradorec XL 100mg tablets,11054611000001106,AMP,040702040BIAAAC
11054811000001105,Tradorec XL 200mg tablets,11054811000001105,AMP,040702040BIABAE
11055011000001100,Tradorec XL 300mg tablets,11055011000001100,AMP,040702040BIACAM
11592111000001101,Tramquel SR 50mg capsules,11592111000001101,AMP,040702040BJAAAG
11592311000001104,Tramquel SR 100mg capsules,11592311000001104,AMP,040702040BJABAH
11592511000001105,Tramquel SR 150mg capsules,11592511000001105,AMP,040702040BJACAI
11592711000001100,Tramquel SR 200mg capsules,11592711000001100,AMP,040702040BJADAJ
12790311000001100,Tramulief SR 100mg tablets,12790311000001100,AMP,040702040BKAAAC
12790511000001106,Tramulief SR 150mg tablets,12790511000001106,AMP,040702040BKABAD
12790811000001109,Tramulief SR 200mg tablets,12790811000001109,AMP,040702040BKACAE
12869811000001101,Zeridame SR 100mg tablets,12869811000001101,AMP,040702040BLAAAC
12871211000001106,Zeridame SR 150mg tablets,12871211000001106,AMP,040702040BLABAD
12871611000001108,Zeridame SR 200mg tablets,12871611000001108,AMP,040702040BLACAE
12948411000001105,Nobligan retard 100mg tablets,12948411000001105,AMP,040702040BMAAAC
14954011000001100,Marol 100mg modified-release tablets,14954011000001100,AMP,040702040BNAAAC
14954211000001105,Marol 150mg modified-release tablets,14954211000001105,AMP,040702040BNABAD
14954411000001109,Marol 200mg modified-release tablets,14954411000001109,AMP,040702040BNACAE
19624411000001108,Marol 200mg modified-release tablets,19624411000001108,AMP,040702040BNADAE
19624611000001106,Marol 150mg modified-release tablets,19624611000001106,AMP,040702040BNAEAD
19624811000001105,Marol 100mg modified-release tablets,19624811000001105,AMP,040702040BNAFAC
14977411000001101,Maxitram SR 50mg capsules,14977411000001101,AMP,040702040BPAAAG
14977211000001100,Maxitram SR 100mg capsules,14977211000001100,AMP,040702040BPABAH
14977011000001105,Maxitram SR 150mg capsules,14977011000001105,AMP,040702040BPACAI
14976811000001101,Maxitram SR 200mg capsules,14976811000001101,AMP,040702040BPADAJ
14983211000001101,Oldaram 100mg modified-release tablets,14983211000001101,AMP,040702040BQAAAC
14983411000001102,Oldaram 150mg modified-release tablets,14983411000001102,AMP,040702040BQABAD
14983611000001104,Oldaram 200mg modified-release tablets,14983611000001104,AMP,040702040BQACAE
19308911000001107,Aceon 100mg modified-release tablets,19308911000001107,AMP,040702040BRAAAC
19309111000001102,Aceon 150mg modified-release tablets,19309111000001102,AMP,040702040BRABAD
19309311000001100,Aceon 200mg modified-release tablets,19309311000001100,AMP,040702040BRACAE
21692911000001105,Tilodol SR 100mg tablets,21692911000001105,AMP,040702040BSAAAC
21694511000001108,Tilodol SR 150mg tablets,21694511000001108,AMP,040702040BSABAD
21695111000001100,Tilodol SR 200mg tablets,21695111000001100,AMP,040702040BSACAE
21964211000001106,Invodol SR 100mg tablets,21964211000001106,AMP,040702040BTAAAC
21964411000001105,Invodol SR 150mg tablets,21964411000001105,AMP,040702040BTABAD
21964611000001108,Invodol SR 200mg tablets,21964611000001108,AMP,040702040BTACAE
24636911000001106,Maneo 100mg modified-release tablets,24636911000001106,AMP,040702040BUAAAC
24637211000001100,Maneo 150mg modified-release tablets,24637211000001100,AMP,040702040BUABAD
24637511000001102,Maneo 200mg modified-release tablets,24637511000001102,AMP,040702040BUACAE
34534911000001109,Zytram SR 150mg tablets,34534911000001109,AMP,040702040BVAAAD
34535311000001107,Zytram SR 75mg tablets,34535311000001107,AMP,040702040BVABAP
34535811000001103,Zytram SR 100mg tablets,34535811000001103,AMP,040702040BVACAC
34536311000001102,Zytram SR 200mg tablets,34536311000001102,AMP,040702040BVADAE
34733411000001103,Brimisol PR 100mg tablets,34733411000001103,AMP,040702040BWAAAC
38811311000001100,Brimisol PR 200mg tablets,38811311000001100,AMP,040702040BWABAE
35029011000001101,Skudexa 75mg/25mg tablets,35029011000001101,AMP,040702040BXAABD
36735011000001102,Trapadex 37.5mg/325mg tablets,36735011000001102,AMP,040702040BYAAAU
36057211000001102,Hydromorphone 16mg modified-release capsules,36057211000001102,VMP,040702050AAAAAA
36057311000001105,Hydromorphone 24mg modified-release capsules,36057311000001105,VMP,040702050AAABAB
36057711000001109,Hydromorphone 8mg modified-release capsules,36057711000001109,VMP,040702050AAACAC
42012911000001103,Hydromorphone 2.6mg capsules,42012911000001103,VMP,040702050AAADAD
42012811000001108,Hydromorphone 1.3mg capsules,42012811000001108,VMP,040702050AAAEAE
36057411000001103,Hydromorphone 2mg modified-release capsules,36057411000001103,VMP,040702050AAAFAF
36057611000001100,Hydromorphone 4mg modified-release capsules,36057611000001100,VMP,040702050AAAGAG
26453211000001104,Hydromorphone 5mg/5ml oral solution,26453211000001104,VMP,040702050AAAKAK
26241811000001100,Hydromorphone 5mg/5ml oral solution,26241811000001100,AMP,040702050AAAKAK
36057511000001104,Hydromorphone 2mg/1ml solution for injection ampoules,36057511000001104,VMP,040702050AAALAL
19822311000001101,Hydromorphone 20mg/1ml solution for injection ampoules,19822311000001101,VMP,040702050AAAMAM
19809811000001107,Hydromorphone 20mg/1ml solution for injection ampoules,19809811000001107,AMP,040702050AAAMAM
36057111000001108,Hydromorphone 10mg/1ml solution for injection ampoules,36057111000001108,VMP,040702050AAANAN
19809511000001109,Hydromorphone 10mg/1ml solution for injection ampoules,19809511000001109,AMP,040702050AAANAN
15774711000001101,Hydromorphone 50mg/1ml solution for injection ampoules,15774711000001101,VMP,040702050AAAPAP
15699111000001103,Hydromorphone 50mg/1ml solution for injection ampoules,15699111000001103,AMP,040702050AAAPAP
3836411000001105,Palladone 1.3mg capsules,3836411000001105,AMP,040702050BBAAAE
3837511000001106,Palladone 2.6mg capsules,3837511000001106,AMP,040702050BBABAD
3869411000001108,Palladone SR 2mg capsules,3869411000001108,AMP,040702050BBACAF
3838511000001105,Palladone SR 4mg capsules,3838511000001105,AMP,040702050BBADAG
3870411000001105,Palladone SR 8mg capsules,3870411000001105,AMP,040702050BBAEAC
4001411000001107,Palladone SR 16mg capsules,4001411000001107,AMP,040702050BBAFAA
4004111000001104,Palladone SR 24mg capsules,4004111000001104,AMP,040702050BBAGAB
33367011000001107,Palladone 2mg/1ml solution for injection ampoules,33367011000001107,AMP,040702050BBAHAL
33360511000001103,Palladone 20mg/1ml solution for injection ampoules,33360511000001103,AMP,040702050BBAIAM
33367711000001109,Palladone 10mg/1ml solution for injection ampoules,33367711000001109,AMP,040702050BBAJAN
33362711000001107,Palladone 50mg/1ml solution for injection ampoules,33362711000001107,AMP,040702050BBAKAP
36120011000001101,Fentanyl 25micrograms/hour transdermal patches,36120011000001101,VMP,0407020A0AAAEAE
15023811000001107,Fentanyl 25micrograms/hour transdermal patches,15023811000001107,AMP,0407020A0AAAEAE
10724711000001109,Fentanyl 25micrograms/hour transdermal patches,10724711000001109,AMP,0407020A0AAAEAE
13440611000001102,Fentanyl 25micrograms/hour transdermal patches,13440611000001102,AMP,0407020A0AAAEAE
36120211000001106,Fentanyl 50micrograms/hour transdermal patches,36120211000001106,VMP,0407020A0AAAFAF
15024011000001104,Fentanyl 50micrograms/hour transdermal patches,15024011000001104,AMP,0407020A0AAAFAF
10724911000001106,Fentanyl 50micrograms/hour transdermal patches,10724911000001106,AMP,0407020A0AAAFAF
13440811000001103,Fentanyl 50micrograms/hour transdermal patches,13440811000001103,AMP,0407020A0AAAFAF
36120311000001103,Fentanyl 75micrograms/hour transdermal patches,36120311000001103,VMP,0407020A0AAAGAG
15024211000001109,Fentanyl 75micrograms/hour transdermal patches,15024211000001109,AMP,0407020A0AAAGAG
10725111000001107,Fentanyl 75micrograms/hour transdermal patches,10725111000001107,AMP,0407020A0AAAGAG
13441011000001100,Fentanyl 75micrograms/hour transdermal patches,13441011000001100,AMP,0407020A0AAAGAG
36119911000001103,Fentanyl 100micrograms/hour transdermal patches,36119911000001103,VMP,0407020A0AAAHAH
15024411000001108,Fentanyl 100micrograms/hour transdermal patches,15024411000001108,AMP,0407020A0AAAHAH
10725311000001109,Fentanyl 100micrograms/hour transdermal patches,10725311000001109,AMP,0407020A0AAAHAH
13441211000001105,Fentanyl 100micrograms/hour transdermal patches,13441211000001105,AMP,0407020A0AAAHAH
42011911000001109,Fentanyl 200microgram lozenges,42011911000001109,VMP,0407020A0AAAIAI
42012011000001102,Fentanyl 400microgram lozenges,42012011000001102,VMP,0407020A0AAAJAJ
42012111000001101,Fentanyl 600microgram lozenges,42012111000001101,VMP,0407020A0AAAKAK
42012211000001107,Fentanyl 800microgram lozenges,42012211000001107,VMP,0407020A0AAALAL
42011711000001107,Fentanyl 1.2mg lozenges,42011711000001107,VMP,0407020A0AAANAN
42011811000001104,Fentanyl 1.6mg lozenges,42011811000001104,VMP,0407020A0AAAPAP
9752311000001101,Fentanyl 12micrograms/hour transdermal patches,9752311000001101,VMP,0407020A0AAAUAU
14951911000001104,Fentanyl 100microgram sublingual tablets sugar free,14951911000001104,VMP,0407020A0AAAWAW
14952011000001106,Fentanyl 200microgram sublingual tablets sugar free,14952011000001106,VMP,0407020A0AAAXAX
14952111000001107,Fentanyl 300microgram sublingual tablets sugar free,14952111000001107,VMP,0407020A0AAAYAY
14952211000001101,Fentanyl 400microgram sublingual tablets sugar free,14952211000001101,VMP,0407020A0AAAZAZ
14952311000001109,Fentanyl 600microgram sublingual tablets sugar free,14952311000001109,VMP,0407020A0AABABA
14952411000001102,Fentanyl 800microgram sublingual tablets sugar free,14952411000001102,VMP,0407020A0AABBBB
14973311000001101,Fentanyl 100microgram buccal tablets sugar free,14973311000001101,VMP,0407020A0AABCBC
14973411000001108,Fentanyl 200microgram buccal tablets sugar free,14973411000001108,VMP,0407020A0AABDBD
14973511000001107,Fentanyl 400microgram buccal tablets sugar free,14973511000001107,VMP,0407020A0AABEBE
14973611000001106,Fentanyl 600microgram buccal tablets sugar free,14973611000001106,VMP,0407020A0AABFBF
14973711000001102,Fentanyl 800microgram buccal tablets sugar free,14973711000001102,VMP,0407020A0AABGBG
16037811000001102,Fentanyl 50micrograms/dose nasal spray,16037811000001102,VMP,0407020A0AABHBH
16037611000001101,Fentanyl 100micrograms/dose nasal spray,16037611000001101,VMP,0407020A0AABJBJ
16037711000001105,Fentanyl 200micrograms/dose nasal spray,16037711000001105,VMP,0407020A0AABLBL
17674111000001105,Fentanyl 400micrograms/dose nasal spray,17674111000001105,VMP,0407020A0AABPBP
23560111000001105,Fentanyl 200microgram buccal films sugar free,23560111000001105,VMP,0407020A0AABTBT
23560211000001104,Fentanyl 400microgram buccal films sugar free,23560211000001104,VMP,0407020A0AABUBU
23560311000001107,Fentanyl 800microgram buccal films sugar free,23560311000001107,VMP,0407020A0AABVBV
23707711000001107,Fentanyl 37.5microgram/hour transdermal patches,23707711000001107,VMP,0407020A0AABWBW
24446611000001102,Fentanyl 133microgram sublingual tablets sugar free,24446611000001102,VMP,0407020A0AABXBX
24446811000001103,Fentanyl 533microgram sublingual tablets sugar free,24446811000001103,VMP,0407020A0AABYBY
24446711000001106,Fentanyl 267microgram sublingual tablets sugar free,24446711000001106,VMP,0407020A0AABZBZ
42894311000001108,Fentanyl 67microgram sublingual tablets sugar free,42894311000001108,VMP,0407020A0AACHCH
2837011000001109,Durogesic 25micrograms transdermal patches,2837011000001109,AMP,0407020A0BBAAAE
2836411000001102,Durogesic 50micrograms transdermal patches,2836411000001102,AMP,0407020A0BBABAF
2836711000001108,Durogesic 75micrograms transdermal patches,2836711000001108,AMP,0407020A0BBACAG
2838111000001106,Durogesic 100micrograms transdermal patches,2838111000001106,AMP,0407020A0BBADAH
9089711000001102,Durogesic DTrans 25micrograms/hour transdermal patches,9089711000001102,AMP,0407020A0BBAIAE
9089911000001100,Durogesic DTrans 50micrograms/hour transdermal patches,9089911000001100,AMP,0407020A0BBAJAF
9090111000001109,Durogesic DTrans 75micrograms/hour transdermal patches,9090111000001109,AMP,0407020A0BBAKAG
9090311000001106,Durogesic DTrans 100micrograms/hour transdermal patches,9090311000001106,AMP,0407020A0BBALAH
9751111000001108,Durogesic DTrans 12micrograms/hour transdermal patches,9751111000001108,AMP,0407020A0BBAMAU
152911000001100,Actiq 200microgram lozenges with integral oromucosal applicator,152911000001100,AMP,0407020A0BCAAAI
437011000001104,Actiq 400microgram lozenges with integral oromucosal applicator,437011000001104,AMP,0407020A0BCABAJ
906611000001102,Actiq 600microgram lozenges with integral oromucosal applicator,906611000001102,AMP,0407020A0BCACAK
732011000001108,Actiq 800microgram lozenges with integral oromucosal applicator,732011000001108,AMP,0407020A0BCADAL
305111000001108,Actiq 1.2mg lozenges with integral oromucosal applicator,305111000001108,AMP,0407020A0BCAEAN
745311000001104,Actiq 1.6mg lozenges with integral oromucosal applicator,745311000001104,AMP,0407020A0BCAFAP
9508011000001106,Tilofyl 25micrograms/hour transdermal patches,9508011000001106,AMP,0407020A0BDAAAE
9508211000001101,Tilofyl 50micrograms/hour transdermal patches,9508211000001101,AMP,0407020A0BDABAF
9508511000001103,Tilofyl 75micrograms/hour transdermal patches,9508511000001103,AMP,0407020A0BDACAG
9508911000001105,Tilofyl 100micrograms/hour transdermal patches,9508911000001105,AMP,0407020A0BDADAH
11084511000001104,Matrifen 12micrograms/hour transdermal patches,11084511000001104,AMP,0407020A0BEAAAU
11084911000001106,Matrifen 25micrograms/hour transdermal patches,11084911000001106,AMP,0407020A0BEABAE
11085311000001109,Matrifen 50micrograms/hour transdermal patches,11085311000001109,AMP,0407020A0BEACAF
11085711000001108,Matrifen 75micrograms/hour transdermal patches,11085711000001108,AMP,0407020A0BEADAG
11085911000001105,Matrifen 100micrograms/hour transdermal patches,11085911000001105,AMP,0407020A0BEAEAH
12881511000001103,Mezolar Matrix 12micrograms/hour transdermal patches,12881511000001103,AMP,0407020A0BFAAAU
12881711000001108,Mezolar Matrix 25micrograms/hour transdermal patches,12881711000001108,AMP,0407020A0BFABAE
12882011000001103,Mezolar Matrix 50micrograms/hour transdermal patches,12882011000001103,AMP,0407020A0BFACAF
12882411000001107,Mezolar Matrix 75micrograms/hour transdermal patches,12882411000001107,AMP,0407020A0BFADAG
12882611000001105,Mezolar Matrix 100micrograms/hour transdermal patches,12882611000001105,AMP,0407020A0BFAEAH
23682311000001104,Mezolar Matrix 37.5microgram/hour transdermal patches,23682311000001104,AMP,0407020A0BFAFBW
12874811000001109,Fentalis Reservoir 25micrograms/hour transdermal patches,12874811000001109,AMP,0407020A0BGAAAE
12874911000001104,Fentalis Reservoir 50micrograms/hour transdermal patches,12874911000001104,AMP,0407020A0BGABAF
12875011000001104,Fentalis Reservoir 75micrograms/hour transdermal patches,12875011000001104,AMP,0407020A0BGACAG
12875111000001103,Fentalis Reservoir 100micrograms/hour transdermal patches,12875111000001103,AMP,0407020A0BGADAH
13567511000001103,Osmach 25micrograms/hour transdermal patches,13567511000001103,AMP,0407020A0BHAAAE
13567711000001108,Osmach 50micrograms/hour transdermal patches,13567711000001108,AMP,0407020A0BHABAF
13567911000001105,Osmach 75micrograms/hour transdermal patches,13567911000001105,AMP,0407020A0BHACAG
13568111000001108,Osmach 100micrograms/hour transdermal patches,13568111000001108,AMP,0407020A0BHADAH
14948311000001105,Abstral 100microgram sublingual tablets,14948311000001105,AMP,0407020A0BJAAAW
14950411000001103,Abstral 200microgram sublingual tablets,14950411000001103,AMP,0407020A0BJABAX
14949911000001103,Abstral 300microgram sublingual tablets,14949911000001103,AMP,0407020A0BJACAY
14949411000001106,Abstral 400microgram sublingual tablets,14949411000001106,AMP,0407020A0BJADAZ
14949011000001102,Abstral 600microgram sublingual tablets,14949011000001102,AMP,0407020A0BJAEBA
14948711000001109,Abstral 800microgram sublingual tablets,14948711000001109,AMP,0407020A0BJAFBB
14971111000001104,Effentora 100microgram buccal tablets,14971111000001104,AMP,0407020A0BKAABC
14971411000001109,Effentora 200microgram buccal tablets,14971411000001109,AMP,0407020A0BKABBD
14971711000001103,Effentora 400microgram buccal tablets,14971711000001103,AMP,0407020A0BKACBE
14972811000001102,Effentora 600microgram buccal tablets,14972811000001102,AMP,0407020A0BKADBF
14972311000001106,Effentora 800microgram buccal tablets,14972311000001106,AMP,0407020A0BKAEBG
15302411000001109,Osmanil 25micrograms/hour transdermal patches,15302411000001109,AMP,0407020A0BLAAAE
15302611000001107,Osmanil 50micrograms/hour transdermal patches,15302611000001107,AMP,0407020A0BLABAF
15302811000001106,Osmanil 75micrograms/hour transdermal patches,15302811000001106,AMP,0407020A0BLACAG
15303011000001109,Osmanil 100micrograms/hour transdermal patches,15303011000001109,AMP,0407020A0BLADAH
16088911000001101,Osmanil 12micrograms/hour transdermal patches,16088911000001101,AMP,0407020A0BLAEAU
15363211000001100,Victanyl 25micrograms/hour transdermal patches,15363211000001100,AMP,0407020A0BMAAAE
15363411000001101,Victanyl 50micrograms/hour transdermal patches,15363411000001101,AMP,0407020A0BMABAF
15363611000001103,Victanyl 75micrograms/hour transdermal patches,15363611000001103,AMP,0407020A0BMACAG
15363811000001104,Victanyl 100micrograms/hour transdermal patches,15363811000001104,AMP,0407020A0BMADAH
32520211000001103,Victanyl 12micrograms/hour transdermal patches,32520211000001103,AMP,0407020A0BMAEAU
16035311000001103,Instanyl 200micrograms/dose nasal spray,16035311000001103,AMP,0407020A0BNAGBL
16034711000001103,Instanyl 100micrograms/dose nasal spray,16034711000001103,AMP,0407020A0BNAHBJ
16034111000001104,Instanyl 50micrograms/dose nasal spray,16034111000001104,AMP,0407020A0BNAIBH
17668011000001105,PecFent 100micrograms/dose nasal spray,17668011000001105,AMP,0407020A0BPAABJ
17668511000001102,PecFent 400micrograms/dose nasal spray,17668511000001102,AMP,0407020A0BPABBP
19486711000001102,Fencino 12micrograms/hour transdermal patches,19486711000001102,AMP,0407020A0BQAAAU
19486911000001100,Fencino 25micrograms/hour transdermal patches,19486911000001100,AMP,0407020A0BQABAE
19487111000001100,Fencino 50micrograms/hour transdermal patches,19487111000001100,AMP,0407020A0BQACAF
19487311000001103,Fencino 75micrograms/hour transdermal patches,19487311000001103,AMP,0407020A0BQADAG
19487511000001109,Fencino 100micrograms/hour transdermal patches,19487511000001109,AMP,0407020A0BQAEAH
23449411000001109,Opiodur 12micrograms/hour transdermal patches,23449411000001109,AMP,0407020A0BRAAAU
23449611000001107,Opiodur 25micrograms/hour transdermal patches,23449611000001107,AMP,0407020A0BRABAE
23449811000001106,Opiodur 75micrograms/hour transdermal patches,23449811000001106,AMP,0407020A0BRACAG
23450011000001105,Opiodur 100micrograms/hour transdermal patches,23450011000001105,AMP,0407020A0BRADAH
23450311000001108,Opiodur 50micrograms/hour transdermal patches,23450311000001108,AMP,0407020A0BRAEAF
35358711000001106,Opiodur 12micrograms/hour transdermal patches,35358711000001106,AMP,0407020A0BRAFAU
35359311000001101,Opiodur 25micrograms/hour transdermal patches,35359311000001101,AMP,0407020A0BRAGAE
35359511000001107,Opiodur 50micrograms/hour transdermal patches,35359511000001107,AMP,0407020A0BRAHAF
35359711000001102,Opiodur 75micrograms/hour transdermal patches,35359711000001102,AMP,0407020A0BRAIAG
35359911000001100,Opiodur 100micrograms/hour transdermal patches,35359911000001100,AMP,0407020A0BRAJAH
37972611000001107,Opiodur 12micrograms/hour transdermal patches,37972611000001107,AMP,0407020A0BRAKAU
37973911000001108,Opiodur 25micrograms/hour transdermal patches,37973911000001108,AMP,0407020A0BRALAE
37974911000001105,Opiodur 50micrograms/hour transdermal patches,37974911000001105,AMP,0407020A0BRAMAF
37975411000001101,Opiodur 75micrograms/hour transdermal patches,37975411000001101,AMP,0407020A0BRANAG
37975711000001107,Opiodur 100micrograms/hour transdermal patches,37975711000001107,AMP,0407020A0BRAPAH
23523811000001103,Breakyl 200microgram buccal films,23523811000001103,AMP,0407020A0BSAABT
23524511000001103,Breakyl 400microgram buccal films,23524511000001103,AMP,0407020A0BSABBU
23524811000001100,Breakyl 800microgram buccal films,23524811000001100,AMP,0407020A0BSACBV
24406811000001106,Recivit 133microgram sublingual tablets,24406811000001106,AMP,0407020A0BTAABX
24406311000001102,Recivit 400microgram sublingual tablets,24406311000001102,AMP,0407020A0BTABAZ
24407411000001106,Recivit 533microgram sublingual tablets,24407411000001106,AMP,0407020A0BTACBY
24407111000001101,Recivit 267microgram sublingual tablets,24407111000001101,AMP,0407020A0BTADBZ
24406511000001108,Recivit 800microgram sublingual tablets,24406511000001108,AMP,0407020A0BTAEBB
24560211000001102,Mylafent 12micrograms/hour transdermal patches,24560211000001102,AMP,0407020A0BUAAAU
24560411000001103,Mylafent 25micrograms/hour transdermal patches,24560411000001103,AMP,0407020A0BUABAE
24560611000001100,Mylafent 50micrograms/hour transdermal patches,24560611000001100,AMP,0407020A0BUACAF
24560811000001101,Mylafent 75micrograms/hour transdermal patches,24560811000001101,AMP,0407020A0BUADAG
24561011000001103,Mylafent 100micrograms/hour transdermal patches,24561011000001103,AMP,0407020A0BUAEAH
30001711000001101,Yemex 12micrograms/hour transdermal patches,30001711000001101,AMP,0407020A0BVAAAU
30002011000001106,Yemex 25micrograms/hour transdermal patches,30002011000001106,AMP,0407020A0BVABAE
30002211000001101,Yemex 50micrograms/hour transdermal patches,30002211000001101,AMP,0407020A0BVACAF
30002711000001108,Yemex 75micrograms/hour transdermal patches,30002711000001108,AMP,0407020A0BVADAG
30003011000001102,Yemex 100micrograms/hour transdermal patches,30003011000001102,AMP,0407020A0BVAEAH
37039311000001100,Cynril 200microgram lozenges with integral oromucosal applicator,37039311000001100,AMP,0407020A0BWAAAI
37039711000001101,Cynril 400microgram lozenges with integral oromucosal applicator,37039711000001101,AMP,0407020A0BWABAJ
37040211000001100,Cynril 600microgram lozenges with integral oromucosal applicator,37040211000001100,AMP,0407020A0BWACAK
37040511000001102,Cynril 800microgram lozenges with integral oromucosal applicator,37040511000001102,AMP,0407020A0BWADAL
37042311000001107,Cynril 1.2mg lozenges with integral oromucosal applicator,37042311000001107,AMP,0407020A0BWAEAN
37046711000001105,Cynril 1.6mg lozenges with integral oromucosal applicator,37046711000001105,AMP,0407020A0BWAFAP
40612311000001101,Fenhuma 100microgram sublingual tablets,40612311000001101,AMP,0407020A0BXAAAW
40629711000001102,Fenhuma 800microgram sublingual tablets,40629711000001102,AMP,0407020A0BXABBB
40629911000001100,Fenhuma 600microgram sublingual tablets,40629911000001100,AMP,0407020A0BXACBA
40630111000001106,Fenhuma 400microgram sublingual tablets,40630111000001106,AMP,0407020A0BXADAZ
40630611000001103,Fenhuma 300microgram sublingual tablets,40630611000001103,AMP,0407020A0BXAEAY
40631111000001100,Fenhuma 200microgram sublingual tablets,40631111000001100,AMP,0407020A0BXAFAX
14615911000001108,Papaveretum 7.7mg/1ml solution for injection ampoules,14615911000001108,VMP,0407020ABAAAAAA
10055711000001107,Papaveretum 7.7mg/1ml solution for injection ampoules,10055711000001107,AMP,0407020ABAAAAAA
9768811000001103,Papaveretum 7.7mg/1ml solution for injection ampoules,9768811000001103,AMP,0407020ABAAAAAA
9779411000001100,Papaveretum 7.7mg/1ml solution for injection ampoules,9779411000001100,AMP,0407020ABAAAAAA
14612711000001102,Papaveretum 15.4mg/1ml solution for injection ampoules,14612711000001102,VMP,0407020ABAAABAB
4076511000001105,Papaveretum 15.4mg/1ml solution for injection ampoules,4076511000001105,AMP,0407020ABAAABAB
4076911000001103,Papaveretum 15.4mg/1ml solution for injection ampoules,4076911000001103,AMP,0407020ABAAABAB
4076711000001100,Papaveretum 15.4mg/1ml solution for injection ampoules,4076711000001100,AMP,0407020ABAAABAB
36025411000001105,Papaveretum 15.4mg/1ml / Hyoscine hydrobromide 400micrograms/1ml solution for injection ampoules,36025411000001105,VMP,0407020ABAAAIAI
10054511000001103,Papaveretum 15.4mg/1ml / Hyoscine hydrobromide 400micrograms/1ml solution for injection ampoules,10054511000001103,AMP,0407020ABAAAIAI
10056411000001105,Papaveretum 15.4mg/1ml / Hyoscine hydrobromide 400micrograms/1ml solution for injection ampoules,10056411000001105,AMP,0407020ABAAAIAI
9142711000001109,Papaveretum 15.4mg/1ml / Hyoscine hydrobromide 400micrograms/1ml solution for injection ampoules,9142711000001109,AMP,0407020ABAAAIAI
12392211000001105,Papaveretum 40mg/1ml solution for injection ampoules,12392211000001105,VMP,0407020ABAAAKAK
12352211000001100,Papaveretum 40mg/1ml solution for injection ampoules,12352211000001100,AMP,0407020ABAAAKAK
16110411000001103,Papaveretum 30mg/1ml solution for injection ampoules,16110411000001103,VMP,0407020ABAAAPAP
16107611000001103,Papaveretum 30mg/1ml solution for injection ampoules,16107611000001103,AMP,0407020ABAAAPAP
36131211000001102,Oxycodone 5mg/5ml oral solution sugar free,36131211000001102,VMP,0407020ADAAAAAA
19670611000001100,Oxycodone 5mg/5ml oral solution sugar free,19670611000001100,AMP,0407020ADAAAAAA
36468311000001107,Oxycodone 5mg/5ml oral solution sugar free,36468311000001107,AMP,0407020ADAAAAAA
30824811000001101,Oxycodone 5mg/5ml oral solution sugar free,30824811000001101,AMP,0407020ADAAAAAA
36854211000001105,Oxycodone 5mg/5ml oral solution sugar free,36854211000001105,AMP,0407020ADAAAAAA
42527211000001103,Oxycodone 5mg/5ml oral solution sugar free,42527211000001103,AMP,0407020ADAAAAAA
39073511000001103,Oxycodone 5mg/5ml oral solution sugar free,39073511000001103,AMP,0407020ADAAAAAA
42510211000001108,Oxycodone 5mg/5ml oral solution sugar free,42510211000001108,AMP,0407020ADAAAAAA
19661411000001101,Oxycodone 5mg/5ml oral solution sugar free,19661411000001101,AMP,0407020ADAAAAAA
36130011000001103,Oxycodone 10mg/ml oral solution sugar free,36130011000001103,VMP,0407020ADAAABAB
19670811000001101,Oxycodone 10mg/ml oral solution sugar free,19670811000001101,AMP,0407020ADAAABAB
36468111000001105,Oxycodone 10mg/ml oral solution sugar free,36468111000001105,AMP,0407020ADAAABAB
30825011000001106,Oxycodone 10mg/ml oral solution sugar free,30825011000001106,AMP,0407020ADAAABAB
36854411000001109,Oxycodone 10mg/ml oral solution sugar free,36854411000001109,AMP,0407020ADAAABAB
40538911000001104,Oxycodone 10mg/ml oral solution sugar free,40538911000001104,AMP,0407020ADAAABAB
39073311000001109,Oxycodone 10mg/ml oral solution sugar free,39073311000001109,AMP,0407020ADAAABAB
42493811000001109,Oxycodone 10mg/ml oral solution sugar free,42493811000001109,AMP,0407020ADAAABAB
19662111000001101,Oxycodone 10mg/ml oral solution sugar free,19662111000001101,AMP,0407020ADAAABAB
42016011000001103,Oxycodone 5mg capsules,42016011000001103,VMP,0407020ADAAACAC
44049311000001106,Oxycodone 5mg capsules,44049311000001106,AMP,0407020ADAAACAC
43883811000001106,Oxycodone 5mg capsules,43883811000001106,AMP,0407020ADAAACAC
42015811000001101,Oxycodone 10mg capsules,42015811000001101,VMP,0407020ADAAADAD
44049111000001109,Oxycodone 10mg capsules,44049111000001109,AMP,0407020ADAAADAD
43886611000001101,Oxycodone 10mg capsules,43886611000001101,AMP,0407020ADAAADAD
42015911000001106,Oxycodone 20mg capsules,42015911000001106,VMP,0407020ADAAAEAE
45051811000001109,Oxycodone 20mg capsules,45051811000001109,AMP,0407020ADAAAEAE
44952911000001107,Oxycodone 20mg capsules,44952911000001107,AMP,0407020ADAAAEAE
36129511000001101,Oxycodone 10mg modified-release tablets,36129511000001101,VMP,0407020ADAAAFAF
36130411000001107,Oxycodone 20mg modified-release tablets,36130411000001107,VMP,0407020ADAAAGAG
36130911000001104,Oxycodone 40mg modified-release tablets,36130911000001104,VMP,0407020ADAAAHAH
36131511000001104,Oxycodone 80mg modified-release tablets,36131511000001104,VMP,0407020ADAAAIAI
12142111000001100,Oxycodone 5mg/5ml oral solution,12142111000001100,VMP,0407020ADAAAJAJ
12130611000001106,Oxycodone 5mg/5ml oral solution,12130611000001106,AMP,0407020ADAAAJAJ
36131011000001107,Oxycodone 5mg modified-release tablets,36131011000001107,VMP,0407020ADAAAKAK
36129811000001103,Oxycodone 10mg/1ml solution for injection ampoules,36129811000001103,VMP,0407020ADAAALAL
19671011000001103,Oxycodone 10mg/1ml solution for injection ampoules,19671011000001103,AMP,0407020ADAAALAL
37995711000001100,Oxycodone 10mg/1ml solution for injection ampoules,37995711000001100,AMP,0407020ADAAALAL
41938511000001109,Oxycodone 10mg/1ml solution for injection ampoules,41938511000001109,AMP,0407020ADAAALAL
37761311000001108,Oxycodone 10mg/1ml solution for injection ampoules,37761311000001108,AMP,0407020ADAAALAL
36640411000001107,Oxycodone 10mg/1ml solution for injection ampoules,36640411000001107,AMP,0407020ADAAALAL
35537411000001101,Oxycodone 10mg/1ml solution for injection ampoules,35537411000001101,AMP,0407020ADAAALAL
39072711000001100,Oxycodone 10mg/1ml solution for injection ampoules,39072711000001100,AMP,0407020ADAAALAL
17474211000001101,Oxycodone 10mg/1ml solution for injection ampoules,17474211000001101,AMP,0407020ADAAALAL
35576611000001103,Oxycodone 10mg/1ml solution for injection ampoules,35576611000001103,AMP,0407020ADAAALAL
36130611000001105,Oxycodone 20mg/2ml solution for injection ampoules,36130611000001105,VMP,0407020ADAAAMAM
19671211000001108,Oxycodone 20mg/2ml solution for injection ampoules,19671211000001108,AMP,0407020ADAAAMAM
37995911000001103,Oxycodone 20mg/2ml solution for injection ampoules,37995911000001103,AMP,0407020ADAAAMAM
41938911000001102,Oxycodone 20mg/2ml solution for injection ampoules,41938911000001102,AMP,0407020ADAAAMAM
37760911000001102,Oxycodone 20mg/2ml solution for injection ampoules,37760911000001102,AMP,0407020ADAAAMAM
36641311000001105,Oxycodone 20mg/2ml solution for injection ampoules,36641311000001105,AMP,0407020ADAAAMAM
35537611000001103,Oxycodone 20mg/2ml solution for injection ampoules,35537611000001103,AMP,0407020ADAAAMAM
39072911000001103,Oxycodone 20mg/2ml solution for injection ampoules,39072911000001103,AMP,0407020ADAAAMAM
17474611000001104,Oxycodone 20mg/2ml solution for injection ampoules,17474611000001104,AMP,0407020ADAAAMAM
35576911000001109,Oxycodone 20mg/2ml solution for injection ampoules,35576911000001109,AMP,0407020ADAAAMAM
15613611000001105,Oxycodone 50mg/1ml solution for injection ampoules,15613611000001105,VMP,0407020ADAAANAN
22827711000001106,Oxycodone 50mg/1ml solution for injection ampoules,22827711000001106,AMP,0407020ADAAANAN
37996111000001107,Oxycodone 50mg/1ml solution for injection ampoules,37996111000001107,AMP,0407020ADAAANAN
37761111000001106,Oxycodone 50mg/1ml solution for injection ampoules,37761111000001106,AMP,0407020ADAAANAN
35537811000001104,Oxycodone 50mg/1ml solution for injection ampoules,35537811000001104,AMP,0407020ADAAANAN
41577011000001108,Oxycodone 50mg/1ml solution for injection ampoules,41577011000001108,AMP,0407020ADAAANAN
39073111000001107,Oxycodone 50mg/1ml solution for injection ampoules,39073111000001107,AMP,0407020ADAAANAN
23607911000001102,Oxycodone 50mg/1ml solution for injection ampoules,23607911000001102,AMP,0407020ADAAANAN
35584011000001106,Oxycodone 50mg/1ml solution for injection ampoules,35584011000001106,AMP,0407020ADAAANAN
18645511000001107,Oxycodone 120mg modified-release tablets,18645511000001107,VMP,0407020ADAAAPAP
36131311000001105,Oxycodone 60mg modified-release tablets,36131311000001105,VMP,0407020ADAAAQAQ
36130711000001101,Oxycodone 30mg modified-release tablets,36130711000001101,VMP,0407020ADAAARAR
36130211000001108,Oxycodone 15mg modified-release tablets,36130211000001108,VMP,0407020ADAAASAS
38752411000001107,Oxycodone 5mg tablets,38752411000001107,VMP,0407020ADAAATAT
38752211000001108,Oxycodone 10mg tablets,38752211000001108,VMP,0407020ADAAAUAU
38752311000001100,Oxycodone 20mg tablets,38752311000001100,VMP,0407020ADAAAVAV
2898211000001105,OxyNorm liquid 1mg/ml oral solution,2898211000001105,AMP,0407020ADBBAAAA
2897511000001109,OxyNorm 10mg/ml concentrate oral solution,2897511000001109,AMP,0407020ADBBABAB
2895711000001105,OxyNorm 5mg capsules,2895711000001105,AMP,0407020ADBBACAC
2896011000001104,OxyNorm 10mg capsules,2896011000001104,AMP,0407020ADBBADAD
2896311000001101,OxyNorm 20mg capsules,2896311000001101,AMP,0407020ADBBAEAE
4635211000001105,OxyNorm 10mg/1ml solution for injection ampoules,4635211000001105,AMP,0407020ADBBAFAL
4636011000001109,OxyNorm 20mg/2ml solution for injection ampoules,4636011000001109,AMP,0407020ADBBAGAM
15545411000001108,OxyNorm 50mg/1ml solution for injection ampoules,15545411000001108,AMP,0407020ADBBAHAN
2891711000001108,OxyContin 10mg modified-release tablets,2891711000001108,AMP,0407020ADBCAAAF
2896611000001106,OxyContin 20mg modified-release tablets,2896611000001106,AMP,0407020ADBCABAG
2897211000001106,OxyContin 40mg modified-release tablets,2897211000001106,AMP,0407020ADBCACAH
2898111000001104,OxyContin 80mg modified-release tablets,2898111000001104,AMP,0407020ADBCADAI
4074911000001106,OxyContin 5mg modified-release tablets,4074911000001106,AMP,0407020ADBCAEAK
18641711000001104,OxyContin 120mg modified-release tablets,18641711000001104,AMP,0407020ADBCAFAP
18643311000001102,OxyContin 60mg modified-release tablets,18643311000001102,AMP,0407020ADBCAGAQ
18644611000001105,OxyContin 30mg modified-release tablets,18644611000001105,AMP,0407020ADBCAHAR
18645111000001103,OxyContin 15mg modified-release tablets,18645111000001103,AMP,0407020ADBCAIAS
31322211000001103,Carexil 5mg modified-release tablets,31322211000001103,AMP,0407020ADBDAAAK
31323511000001107,Carexil 10mg modified-release tablets,31323511000001107,AMP,0407020ADBDABAF
31324011000001102,Carexil 20mg modified-release tablets,31324011000001102,AMP,0407020ADBDACAG
32196811000001100,Carexil 40mg modified-release tablets,32196811000001100,AMP,0407020ADBDADAH
32197311000001107,Carexil 80mg modified-release tablets,32197311000001107,AMP,0407020ADBDAEAI
20937511000001101,Longtec 5mg modified-release tablets,20937511000001101,AMP,0407020ADBEAAAK
20937711000001106,Longtec 10mg modified-release tablets,20937711000001106,AMP,0407020ADBEABAF
20937911000001108,Longtec 20mg modified-release tablets,20937911000001108,AMP,0407020ADBEACAG
20938111000001106,Longtec 40mg modified-release tablets,20938111000001106,AMP,0407020ADBEADAH
20938311000001108,Longtec 80mg modified-release tablets,20938311000001108,AMP,0407020ADBEAEAI
29838211000001107,Longtec 120mg modified-release tablets,29838211000001107,AMP,0407020ADBEAFAP
29838411000001106,Longtec 15mg modified-release tablets,29838411000001106,AMP,0407020ADBEAGAS
29838611000001109,Longtec 30mg modified-release tablets,29838611000001109,AMP,0407020ADBEAHAR
29838811000001108,Longtec 60mg modified-release tablets,29838811000001108,AMP,0407020ADBEAIAQ
20968611000001105,Oxylan 5mg prolonged-release tablets,20968611000001105,AMP,0407020ADBFAAAK
20968811000001109,Oxylan 10mg prolonged-release tablets,20968811000001109,AMP,0407020ADBFABAF
20969011000001108,Oxylan 20mg prolonged-release tablets,20969011000001108,AMP,0407020ADBFACAG
20969211000001103,Oxylan 40mg prolonged-release tablets,20969211000001103,AMP,0407020ADBFADAH
20969411000001104,Oxylan 80mg prolonged-release tablets,20969411000001104,AMP,0407020ADBFAEAI
22416411000001100,Oxylan 5mg modified-release tablets,22416411000001100,AMP,0407020ADBFAFAK
22417611000001100,Oxylan 10mg modified-release tablets,22417611000001100,AMP,0407020ADBFAGAF
22417811000001101,Oxylan 20mg modified-release tablets,22417811000001101,AMP,0407020ADBFAHAG
22420411000001106,Oxylan 40mg modified-release tablets,22420411000001106,AMP,0407020ADBFAIAH
22420911000001103,Oxylan 80mg modified-release tablets,22420911000001103,AMP,0407020ADBFAJAI
42726711000001108,Oxylan 15mg prolonged-release tablets,42726711000001108,AMP,0407020ADBFAKAS
42726911000001105,Oxylan 30mg prolonged-release tablets,42726911000001105,AMP,0407020ADBFALAR
42727311000001107,Oxylan 60mg prolonged-release tablets,42727311000001107,AMP,0407020ADBFAMAQ
21515211000001100,Candox 10mg modified-release tablets,21515211000001100,AMP,0407020ADBGAAAF
21516111000001100,Candox 20mg modified-release tablets,21516111000001100,AMP,0407020ADBGABAG
21515911000001109,Candox 5mg modified-release tablets,21515911000001109,AMP,0407020ADBGACAK
21516811000001107,Candox 40mg modified-release tablets,21516811000001107,AMP,0407020ADBGADAH
21516511000001109,Candox 80mg modified-release tablets,21516511000001109,AMP,0407020ADBGAEAI
22686511000001102,Lynlor 5mg capsules,22686511000001102,AMP,0407020ADBHAAAC
22686711000001107,Lynlor 10mg capsules,22686711000001107,AMP,0407020ADBHABAD
22686911000001109,Lynlor 20mg capsules,22686911000001109,AMP,0407020ADBHACAE
23020611000001108,Dolocodon PR 20mg tablets,23020611000001108,AMP,0407020ADBIAAAG
23020811000001107,Dolocodon PR 40mg tablets,23020811000001107,AMP,0407020ADBIABAH
23047311000001100,Dolocodon PR 5mg tablets,23047311000001100,AMP,0407020ADBIACAK
23366811000001104,Dolocodon PR 10mg tablets,23366811000001104,AMP,0407020ADBIADAF
23657811000001102,Shortec 5mg capsules,23657811000001102,AMP,0407020ADBJAAAC
23658011000001109,Shortec 10mg capsules,23658011000001109,AMP,0407020ADBJABAD
23658211000001104,Shortec 20mg capsules,23658211000001104,AMP,0407020ADBJACAE
34025611000001102,Shortec 10mg/1ml solution for injection ampoules,34025611000001102,AMP,0407020ADBJADAL
34025811000001103,Shortec 20mg/2ml solution for injection ampoules,34025811000001103,AMP,0407020ADBJAEAM
34026211000001105,Shortec 50mg/1ml solution for injection ampoules,34026211000001105,AMP,0407020ADBJAFAN
34027611000001109,Shortec liquid 1mg/ml oral solution,34027611000001109,AMP,0407020ADBJAGAA
34027811000001108,Shortec 10mg/ml concentrate oral solution,34027811000001108,AMP,0407020ADBJAHAB
24466911000001102,Reltebon 5mg modified-release tablets,24466911000001102,AMP,0407020ADBKAAAK
24467111000001102,Reltebon 10mg modified-release tablets,24467111000001102,AMP,0407020ADBKABAF
24467411000001107,Reltebon 20mg modified-release tablets,24467411000001107,AMP,0407020ADBKACAG
24467711000001101,Reltebon 40mg modified-release tablets,24467711000001101,AMP,0407020ADBKADAH
24467911000001104,Reltebon 80mg modified-release tablets,24467911000001104,AMP,0407020ADBKAEAI
27992811000001102,Reltebon 15mg modified-release tablets,27992811000001102,AMP,0407020ADBKAFAS
27993011000001104,Reltebon 30mg modified-release tablets,27993011000001104,AMP,0407020ADBKAGAR
27993311000001101,Reltebon 60mg modified-release tablets,27993311000001101,AMP,0407020ADBKAHAQ
29650311000001107,Oxeltra 5mg modified-release tablets,29650311000001107,AMP,0407020ADBLAAAK
29676711000001106,Oxeltra 80mg modified-release tablets,29676711000001106,AMP,0407020ADBLABAI
29677211000001102,Oxeltra 30mg modified-release tablets,29677211000001102,AMP,0407020ADBLACAR
29677411000001103,Oxeltra 60mg modified-release tablets,29677411000001103,AMP,0407020ADBLADAQ
29677611000001100,Oxeltra 40mg modified-release tablets,29677611000001100,AMP,0407020ADBLAEAH
29677811000001101,Oxeltra 10mg modified-release tablets,29677811000001101,AMP,0407020ADBLAFAF
29678111000001109,Oxeltra 15mg modified-release tablets,29678111000001109,AMP,0407020ADBLAGAS
29678311000001106,Oxeltra 20mg modified-release tablets,29678311000001106,AMP,0407020ADBLAHAG
30719311000001101,Abtard 5mg modified-release tablets,30719311000001101,AMP,0407020ADBMAAAK
30719811000001105,Abtard 10mg modified-release tablets,30719811000001105,AMP,0407020ADBMABAF
30720111000001102,Abtard 15mg modified-release tablets,30720111000001102,AMP,0407020ADBMACAS
30720511000001106,Abtard 20mg modified-release tablets,30720511000001106,AMP,0407020ADBMADAG
30720811000001109,Abtard 40mg modified-release tablets,30720811000001109,AMP,0407020ADBMAEAH
30721111000001108,Abtard 30mg modified-release tablets,30721111000001108,AMP,0407020ADBMAFAR
30721411000001103,Abtard 60mg modified-release tablets,30721411000001103,AMP,0407020ADBMAGAQ
30721711000001109,Abtard 80mg modified-release tablets,30721711000001109,AMP,0407020ADBMAHAI
32133511000001104,Zomestine 80mg modified-release tablets,32133511000001104,AMP,0407020ADBNAAAI
32136711000001102,Zomestine 40mg modified-release tablets,32136711000001102,AMP,0407020ADBNABAH
32138511000001108,Zomestine 5mg modified-release tablets,32138511000001108,AMP,0407020ADBNACAK
32135311000001106,Zomestine 10mg modified-release tablets,32135311000001106,AMP,0407020ADBNADAF
32140211000001108,Zomestine 20mg modified-release tablets,32140211000001108,AMP,0407020ADBNAEAG
33629011000001104,Leveraxo 5mg modified-release tablets,33629011000001104,AMP,0407020ADBPAAAK
33629211000001109,Leveraxo 10mg modified-release tablets,33629211000001109,AMP,0407020ADBPABAF
33629411000001108,Leveraxo 20mg modified-release tablets,33629411000001108,AMP,0407020ADBPACAG
33629611000001106,Leveraxo 30mg modified-release tablets,33629611000001106,AMP,0407020ADBPADAR
33629811000001105,Leveraxo 40mg modified-release tablets,33629811000001105,AMP,0407020ADBPAEAH
33630011000001105,Leveraxo 60mg modified-release tablets,33630011000001105,AMP,0407020ADBPAFAQ
33630211000001100,Leveraxo 80mg modified-release tablets,33630211000001100,AMP,0407020ADBPAGAI
34051611000001101,Onexila XL 10mg tablets,34051611000001101,AMP,0407020ADBQAAAF
34051911000001107,Onexila XL 20mg tablets,34051911000001107,AMP,0407020ADBQABAG
34051311000001106,Onexila XL 40mg tablets,34051311000001106,AMP,0407020ADBQACAH
34052211000001105,Onexila XL 80mg tablets,34052211000001105,AMP,0407020ADBQADAI
35541911000001100,Renocontin 5mg modified-release tablets,35541911000001100,AMP,0407020ADBRAAAK
35542111000001108,Renocontin 10mg modified-release tablets,35542111000001108,AMP,0407020ADBRABAF
35542311000001105,Renocontin 15mg modified-release tablets,35542311000001105,AMP,0407020ADBRACAS
35542511000001104,Renocontin 20mg modified-release tablets,35542511000001104,AMP,0407020ADBRADAG
35542711000001109,Renocontin 30mg modified-release tablets,35542711000001109,AMP,0407020ADBRAEAR
35542911000001106,Renocontin 40mg modified-release tablets,35542911000001106,AMP,0407020ADBRAFAH
35543311000001100,Renocontin 60mg modified-release tablets,35543311000001100,AMP,0407020ADBRAGAQ
35846011000001105,Oxypro 5mg modified-release tablets,35846011000001105,AMP,0407020ADBSAAAK
35846211000001100,Oxypro 10mg modified-release tablets,35846211000001100,AMP,0407020ADBSABAF
35846411000001101,Oxypro 15mg modified-release tablets,35846411000001101,AMP,0407020ADBSACAS
35846611000001103,Oxypro 20mg modified-release tablets,35846611000001103,AMP,0407020ADBSADAG
35846811000001104,Oxypro 30mg modified-release tablets,35846811000001104,AMP,0407020ADBSAEAR
35847011000001108,Oxypro 40mg modified-release tablets,35847011000001108,AMP,0407020ADBSAFAH
35847211000001103,Oxypro 60mg modified-release tablets,35847211000001103,AMP,0407020ADBSAGAQ
35847411000001104,Oxypro 80mg modified-release tablets,35847411000001104,AMP,0407020ADBSAHAI
35853511000001107,Ixyldone 5mg modified-release tablets,35853511000001107,AMP,0407020ADBTAAAK
35857611000001103,Ixyldone 10mg modified-release tablets,35857611000001103,AMP,0407020ADBTABAF
35857811000001104,Ixyldone 15mg modified-release tablets,35857811000001104,AMP,0407020ADBTACAS
35858311000001109,Ixyldone 20mg modified-release tablets,35858311000001109,AMP,0407020ADBTADAG
35857411000001101,Ixyldone 30mg modified-release tablets,35857411000001101,AMP,0407020ADBTAEAR
35857911000001109,Ixyldone 40mg modified-release tablets,35857911000001109,AMP,0407020ADBTAFAH
35858711000001108,Ixyldone 60mg modified-release tablets,35858711000001108,AMP,0407020ADBTAGAQ
35859011000001101,Ixyldone 80mg modified-release tablets,35859011000001101,AMP,0407020ADBTAHAI
38453311000001100,Oxyact 10mg tablets,38453311000001100,AMP,0407020ADBUAAAU
38455911000001103,Oxyact 20mg tablets,38455911000001103,AMP,0407020ADBUABAV
38456711000001108,Oxyact 5mg tablets,38456711000001108,AMP,0407020ADBUACAT
14985811000001101,Oxycodone 10mg / Naloxone 5mg modified-release tablets,14985811000001101,VMP,0407020AFAAAAAA
14985911000001106,Oxycodone 20mg / Naloxone 10mg modified-release tablets,14985911000001106,VMP,0407020AFAAABAB
45932011000001103,Oxycodone 20mg / Naloxone 10mg modified-release tablets,45932011000001103,AMP,0407020AFAAABAB
45688911000001109,Oxycodone 20mg / Naloxone 10mg modified-release tablets,45688911000001109,AMP,0407020AFAAABAB
15852911000001109,Oxycodone 5mg / Naloxone 2.5mg modified-release tablets,15852911000001109,VMP,0407020AFAAACAC
15852811000001104,Oxycodone 40mg / Naloxone 20mg modified-release tablets,15852811000001104,VMP,0407020AFAAADAD
45933311000001105,Oxycodone 40mg / Naloxone 20mg modified-release tablets,45933311000001105,AMP,0407020AFAAADAD
45689411000001109,Oxycodone 40mg / Naloxone 20mg modified-release tablets,45689411000001109,AMP,0407020AFAAADAD
29670411000001102,Oxycodone 40mg/5ml / Naloxone 20mg/5ml oral suspension,29670411000001102,VMP,0407020AFAAAEAE
29667211000001109,Oxycodone 40mg/5ml / Naloxone 20mg/5ml oral suspension,29667211000001109,AMP,0407020AFAAAEAE
14975711000001101,Targinact 10mg/5mg modified-release tablets,14975711000001101,AMP,0407020AFBBAAAA
14976011000001107,Targinact 20mg/10mg modified-release tablets,14976011000001107,AMP,0407020AFBBABAB
15850911000001105,Targinact 5mg/2.5mg modified-release tablets,15850911000001105,AMP,0407020AFBBACAC
15851311000001104,Targinact 40mg/20mg modified-release tablets,15851311000001104,AMP,0407020AFBBADAD
38419711000001105,Myloxifin 10mg/5mg modified-release tablets,38419711000001105,AMP,0407020AFBCAAAA
38419911000001107,Myloxifin 20mg/10mg modified-release tablets,38419911000001107,AMP,0407020AFBCABAB
38420311000001107,Myloxifin 40mg/20mg modified-release tablets,38420311000001107,AMP,0407020AFBCACAD
38420111000001105,Myloxifin 5mg/2.5mg modified-release tablets,38420111000001105,AMP,0407020AFBCADAC
38803111000001103,Oxyargin 5mg/2.5mg modified-release tablets,38803111000001103,AMP,0407020AFBDAAAC
38801811000001106,Oxyargin 10mg/5mg modified-release tablets,38801811000001106,AMP,0407020AFBDABAA
38802411000001104,Oxyargin 20mg/10mg modified-release tablets,38802411000001104,AMP,0407020AFBDACAB
38802811000001102,Oxyargin 40mg/20mg modified-release tablets,38802811000001102,AMP,0407020AFBDADAD
42757611000001101,Sofonac 10mg/5mg modified-release tablets,42757611000001101,AMP,0407020AFBEAAAA
42757811000001102,Sofonac 20mg/10mg modified-release tablets,42757811000001102,AMP,0407020AFBEABAB
42758011000001109,Sofonac 40mg/20mg modified-release tablets,42758011000001109,AMP,0407020AFBEACAD
42757411000001104,Sofonac 5mg/2.5mg modified-release tablets,42757411000001104,AMP,0407020AFBEADAC
42017511000001108,Tapentadol 50mg tablets,42017511000001108,VMP,0407020AGAAAAAA
45439211000001103,Tapentadol 50mg tablets,45439211000001103,AMP,0407020AGAAAAAA
45447311000001102,Tapentadol 50mg tablets,45447311000001102,AMP,0407020AGAAAAAA
45373311000001100,Tapentadol 50mg tablets,45373311000001100,AMP,0407020AGAAAAAA
42017611000001107,Tapentadol 75mg tablets,42017611000001107,VMP,0407020AGAAABAB
45439711000001105,Tapentadol 75mg tablets,45439711000001105,AMP,0407020AGAAABAB
45447511000001108,Tapentadol 75mg tablets,45447511000001108,AMP,0407020AGAAABAB
45373511000001106,Tapentadol 75mg tablets,45373511000001106,AMP,0407020AGAAABAB
18672211000001103,Tapentadol 50mg modified-release tablets,18672211000001103,VMP,0407020AGAAACAC
42899711000001108,Tapentadol 50mg modified-release tablets,42899711000001108,AMP,0407020AGAAACAC
42617711000001105,Tapentadol 50mg modified-release tablets,42617711000001105,AMP,0407020AGAAACAC
42995811000001105,Tapentadol 50mg modified-release tablets,42995811000001105,AMP,0407020AGAAACAC
42540411000001100,Tapentadol 50mg modified-release tablets,42540411000001100,AMP,0407020AGAAACAC
43142211000001101,Tapentadol 50mg modified-release tablets,43142211000001101,AMP,0407020AGAAACAC
43158111000001107,Tapentadol 50mg modified-release tablets,43158111000001107,AMP,0407020AGAAACAC
42769611000001104,Tapentadol 50mg modified-release tablets,42769611000001104,AMP,0407020AGAAACAC
18671811000001106,Tapentadol 100mg modified-release tablets,18671811000001106,VMP,0407020AGAAADAD
42898711000001104,Tapentadol 100mg modified-release tablets,42898711000001104,AMP,0407020AGAAADAD
42619011000001104,Tapentadol 100mg modified-release tablets,42619011000001104,AMP,0407020AGAAADAD
42996411000001104,Tapentadol 100mg modified-release tablets,42996411000001104,AMP,0407020AGAAADAD
42540711000001106,Tapentadol 100mg modified-release tablets,42540711000001106,AMP,0407020AGAAADAD
43142411000001102,Tapentadol 100mg modified-release tablets,43142411000001102,AMP,0407020AGAAADAD
43157511000001102,Tapentadol 100mg modified-release tablets,43157511000001102,AMP,0407020AGAAADAD
42770411000001100,Tapentadol 100mg modified-release tablets,42770411000001100,AMP,0407020AGAAADAD
18671911000001101,Tapentadol 150mg modified-release tablets,18671911000001101,VMP,0407020AGAAAEAE
42898911000001102,Tapentadol 150mg modified-release tablets,42898911000001102,AMP,0407020AGAAAEAE
42618811000001103,Tapentadol 150mg modified-release tablets,42618811000001103,AMP,0407020AGAAAEAE
42997711000001108,Tapentadol 150mg modified-release tablets,42997711000001108,AMP,0407020AGAAAEAE
42540911000001108,Tapentadol 150mg modified-release tablets,42540911000001108,AMP,0407020AGAAAEAE
43142611000001104,Tapentadol 150mg modified-release tablets,43142611000001104,AMP,0407020AGAAAEAE
43157711000001107,Tapentadol 150mg modified-release tablets,43157711000001107,AMP,0407020AGAAAEAE
42770611000001102,Tapentadol 150mg modified-release tablets,42770611000001102,AMP,0407020AGAAAEAE
18672011000001108,Tapentadol 200mg modified-release tablets,18672011000001108,VMP,0407020AGAAAFAF
42899111000001107,Tapentadol 200mg modified-release tablets,42899111000001107,AMP,0407020AGAAAFAF
42618511000001101,Tapentadol 200mg modified-release tablets,42618511000001101,AMP,0407020AGAAAFAF
42997911000001105,Tapentadol 200mg modified-release tablets,42997911000001105,AMP,0407020AGAAAFAF
42541111000001104,Tapentadol 200mg modified-release tablets,42541111000001104,AMP,0407020AGAAAFAF
43142811000001100,Tapentadol 200mg modified-release tablets,43142811000001100,AMP,0407020AGAAAFAF
43157911000001109,Tapentadol 200mg modified-release tablets,43157911000001109,AMP,0407020AGAAAFAF
42770911000001108,Tapentadol 200mg modified-release tablets,42770911000001108,AMP,0407020AGAAAFAF
18672111000001109,Tapentadol 250mg modified-release tablets,18672111000001109,VMP,0407020AGAAAGAG
42899511000001103,Tapentadol 250mg modified-release tablets,42899511000001103,AMP,0407020AGAAAGAG
42897711000001100,Tapentadol 250mg modified-release tablets,42897711000001100,AMP,0407020AGAAAGAG
42998911000001106,Tapentadol 250mg modified-release tablets,42998911000001106,AMP,0407020AGAAAGAG
43143011000001102,Tapentadol 250mg modified-release tablets,43143011000001102,AMP,0407020AGAAAGAG
42771111000001104,Tapentadol 250mg modified-release tablets,42771111000001104,AMP,0407020AGAAAGAG
24408811000001107,Tapentadol 20mg/ml oral solution sugar free,24408811000001107,VMP,0407020AGAAAHAH
39819711000001100,Tapentadol 25mg modified-release tablets,39819711000001100,VMP,0407020AGAAAIAI
18662511000001107,Palexia 50mg tablets,18662511000001107,AMP,0407020AGBBAAAA
18662911000001100,Palexia 75mg tablets,18662911000001100,AMP,0407020AGBBABAB
18663511000001100,Palexia SR 50mg tablets,18663511000001100,AMP,0407020AGBBACAC
18664111000001106,Palexia SR 100mg tablets,18664111000001106,AMP,0407020AGBBADAD
18664411000001101,Palexia SR 150mg tablets,18664411000001101,AMP,0407020AGBBAEAE
18664711000001107,Palexia SR 200mg tablets,18664711000001107,AMP,0407020AGBBAFAF
18665211000001104,Palexia SR 250mg tablets,18665211000001104,AMP,0407020AGBBAGAG
24120811000001104,Palexia 20mg/ml oral solution,24120811000001104,AMP,0407020AGBBAHAH
39584211000001105,Ationdo SR 25mg tablets,39584211000001105,AMP,0407020AGBCAAAI
39584511000001108,Ationdo SR 50mg tablets,39584511000001108,AMP,0407020AGBCABAC
39584711000001103,Ationdo SR 100mg tablets,39584711000001103,AMP,0407020AGBCACAD
39585511000001109,Ationdo SR 150mg tablets,39585511000001109,AMP,0407020AGBCADAE
39585711000001104,Ationdo SR 200mg tablets,39585711000001104,AMP,0407020AGBCAEAF
39585911000001102,Ationdo SR 250mg tablets,39585911000001102,AMP,0407020AGBCAFAG
42674611000001102,Tadomon 50mg prolonged-release tablets,42674611000001102,AMP,0407020AGBDAAAC
42674911000001108,Tadomon 100mg prolonged-release tablets,42674911000001108,AMP,0407020AGBDABAD
42675111000001109,Tadomon 150mg prolonged-release tablets,42675111000001109,AMP,0407020AGBDACAE
42675311000001106,Tadomon 200mg prolonged-release tablets,42675311000001106,AMP,0407020AGBDADAF
42675511000001100,Tadomon 250mg prolonged-release tablets,42675511000001100,AMP,0407020AGBDAEAG
43006811000001102,Tadomon 25mg prolonged-release tablets,43006811000001102,AMP,0407020AGBDAFAI
42998411000001103,Lupaxis 50mg prolonged-release tablets,42998411000001103,AMP,0407020AGBEAAAC
42998711000001109,Lupaxis 100mg prolonged-release tablets,42998711000001109,AMP,0407020AGBEABAD
43000011000001105,Lupaxis 150mg prolonged-release tablets,43000011000001105,AMP,0407020AGBEACAE
43000311000001108,Lupaxis 200mg prolonged-release tablets,43000311000001108,AMP,0407020AGBEADAF
43000611000001103,Lupaxis 250mg prolonged-release tablets,43000611000001103,AMP,0407020AGBEAEAG
35913611000001107,Buprenorphine 300micrograms/1ml solution for injection ampoules,35913611000001107,VMP,0407020B0AAAAAA
42009011000001107,Buprenorphine 200microgram sublingual tablets sugar free,42009011000001107,VMP,0407020B0AAABAB
42009211000001102,Buprenorphine 400microgram sublingual tablets sugar free,42009211000001102,VMP,0407020B0AAADAD
14968811000001107,Buprenorphine 400microgram sublingual tablets sugar free,14968811000001107,AMP,0407020B0AAADAD
21218511000001100,Buprenorphine 400microgram sublingual tablets sugar free,21218511000001100,AMP,0407020B0AAADAD
14962311000001101,Buprenorphine 400microgram sublingual tablets sugar free,14962311000001101,AMP,0407020B0AAADAD
28092811000001101,Buprenorphine 400microgram sublingual tablets sugar free,28092811000001101,AMP,0407020B0AAADAD
14947711000001108,Buprenorphine 400microgram sublingual tablets sugar free,14947711000001108,AMP,0407020B0AAADAD
22623211000001100,Buprenorphine 400microgram sublingual tablets sugar free,22623211000001100,AMP,0407020B0AAADAD
14961211000001102,Buprenorphine 400microgram sublingual tablets sugar free,14961211000001102,AMP,0407020B0AAADAD
38813511000001105,Buprenorphine 400microgram sublingual tablets sugar free,38813511000001105,AMP,0407020B0AAADAD
38424811000001108,Buprenorphine 400microgram sublingual tablets sugar free,38424811000001108,AMP,0407020B0AAADAD
18085111000001101,Buprenorphine 400microgram sublingual tablets sugar free,18085111000001101,AMP,0407020B0AAADAD
15061411000001101,Buprenorphine 400microgram sublingual tablets sugar free,15061411000001101,AMP,0407020B0AAADAD
14719611000001105,Buprenorphine 400microgram sublingual tablets sugar free,14719611000001105,AMP,0407020B0AAADAD
36885711000001109,Buprenorphine 400microgram sublingual tablets sugar free,36885711000001109,AMP,0407020B0AAADAD
21805211000001102,Buprenorphine 400microgram sublingual tablets sugar free,21805211000001102,AMP,0407020B0AAADAD
35913711000001103,Buprenorphine 35micrograms/hour transdermal patches,35913711000001103,VMP,0407020B0AAAEAE
35913811000001106,Buprenorphine 52.5micrograms/hour transdermal patches,35913811000001106,VMP,0407020B0AAAFAF
35913911000001101,Buprenorphine 70micrograms/hour transdermal patches,35913911000001101,VMP,0407020B0AAAGAG
9567211000001104,Buprenorphine 5micrograms/hour transdermal patches,9567211000001104,VMP,0407020B0AAAHAH
9567411000001100,Buprenorphine 10micrograms/hour transdermal patches,9567411000001100,VMP,0407020B0AAAIAI
9567311000001107,Buprenorphine 20micrograms/hour transdermal patches,9567311000001107,VMP,0407020B0AAAJAJ
32038411000001102,Buprenorphine 15micrograms/hour transdermal patches,32038411000001102,VMP,0407020B0AAAKAK
42754911000001101,Buprenorphine 25micrograms/hour transdermal patches,42754911000001101,VMP,0407020B0AAALAL
42755011000001101,Buprenorphine 30micrograms/hour transdermal patches,42755011000001101,VMP,0407020B0AAAMAM
42755111000001100,Buprenorphine 40micrograms/hour transdermal patches,42755111000001100,VMP,0407020B0AAANAN
867611000001105,Temgesic 200microgram sublingual tablets,867611000001105,AMP,0407020B0BBAAAB
3611411000001101,Temgesic 300micrograms/1ml solution for injection ampoules,3611411000001101,AMP,0407020B0BBABAA
762111000001101,Temgesic 400microgram sublingual tablets,762111000001101,AMP,0407020B0BBADAD
3446611000001101,Transtec 35micrograms/hour transdermal patches,3446611000001101,AMP,0407020B0BDAAAE
3448811000001101,Transtec 52.5micrograms/hour transdermal patches,3448811000001101,AMP,0407020B0BDABAF
3449311000001104,Transtec 70micrograms/hour transdermal patches,3449311000001104,AMP,0407020B0BDACAG
9565311000001104,BuTrans 5micrograms/hour transdermal patches,9565311000001104,AMP,0407020B0BEAAAH
9565611000001109,BuTrans 10micrograms/hour transdermal patches,9565611000001109,AMP,0407020B0BEABAI
9565911000001103,BuTrans 20micrograms/hour transdermal patches,9565911000001103,AMP,0407020B0BEACAJ
31877211000001103,BuTrans 15micrograms/hour transdermal patches,31877211000001103,AMP,0407020B0BEADAK
19957211000001102,Tephine 200microgram sublingual tablets,19957211000001102,AMP,0407020B0BFAAAB
19957411000001103,Tephine 400microgram sublingual tablets,19957411000001103,AMP,0407020B0BFABAD
23446211000001101,Hapoctasin 35micrograms/hour transdermal patches,23446211000001101,AMP,0407020B0BGAAAE
23446411000001102,Hapoctasin 52.5micrograms/hour transdermal patches,23446411000001102,AMP,0407020B0BGABAF
23446611000001104,Hapoctasin 70micrograms/hour transdermal patches,23446611000001104,AMP,0407020B0BGACAG
31279211000001103,Butec 5micrograms/hour transdermal patches,31279211000001103,AMP,0407020B0BHAAAH
31278911000001104,Butec 10micrograms/hour transdermal patches,31278911000001104,AMP,0407020B0BHABAI
31278611000001105,Butec 20micrograms/hour transdermal patches,31278611000001105,AMP,0407020B0BHACAJ
34027411000001106,Butec 15micrograms/hour transdermal patches,34027411000001106,AMP,0407020B0BHADAK
32484211000001106,Bupeaze 35micrograms/hour transdermal patches,32484211000001106,AMP,0407020B0BIAAAE
32484411000001105,Bupeaze 52.5micrograms/hour transdermal patches,32484411000001105,AMP,0407020B0BIABAF
32484611000001108,Bupeaze 70micrograms/hour transdermal patches,32484611000001108,AMP,0407020B0BIACAG
32576211000001102,Prenotrix 35micrograms/hour transdermal patches,32576211000001102,AMP,0407020B0BJAAAE
32643211000001102,Prenotrix 52.5micrograms/hour transdermal patches,32643211000001102,AMP,0407020B0BJABAF
32643711000001109,Prenotrix 70micrograms/hour transdermal patches,32643711000001109,AMP,0407020B0BJACAG
33038711000001103,Reletrans 5micrograms/hour transdermal patches,33038711000001103,AMP,0407020B0BKAAAH
33038911000001101,Reletrans 10micrograms/hour transdermal patches,33038911000001101,AMP,0407020B0BKABAI
33039111000001106,Reletrans 15micrograms/hour transdermal patches,33039111000001106,AMP,0407020B0BKACAK
33039311000001108,Reletrans 20micrograms/hour transdermal patches,33039311000001108,AMP,0407020B0BKADAJ
42684311000001100,Reletrans 25microgram/hour transdermal patches,42684311000001100,AMP,0407020B0BKAEAL
42684611000001105,Reletrans 30micrograms/hour transdermal patches,42684611000001105,AMP,0407020B0BKAFAM
42684911000001104,Reletrans 40micrograms/hour transdermal patches,42684911000001104,AMP,0407020B0BKAGAN
33054211000001103,Panitaz 5micrograms/hour transdermal patches,33054211000001103,AMP,0407020B0BLAAAH
33054411000001104,Panitaz 10micrograms/hour transdermal patches,33054411000001104,AMP,0407020B0BLABAI
33054611000001101,Panitaz 20micrograms/hour transdermal patches,33054611000001101,AMP,0407020B0BLACAJ
33480711000001101,Sevodyne 5micrograms/hour transdermal patches,33480711000001101,AMP,0407020B0BMAAAH
33480911000001104,Sevodyne 10micrograms/hour transdermal patches,33480911000001104,AMP,0407020B0BMABAI
33481111000001108,Sevodyne 20micrograms/hour transdermal patches,33481111000001108,AMP,0407020B0BMACAJ
38910911000001104,Sevodyne 15micrograms/hour transdermal patches,38910911000001104,AMP,0407020B0BMADAK
33546611000001105,Buplast 35micrograms/hour transdermal patches,33546611000001105,AMP,0407020B0BNAAAE
33546411000001107,Buplast 52.5micrograms/hour transdermal patches,33546411000001107,AMP,0407020B0BNABAF
33548111000001103,Buplast 70micrograms/hour transdermal patches,33548111000001103,AMP,0407020B0BNACAG
34172511000001101,Relevtec 35micrograms/hour transdermal patches,34172511000001101,AMP,0407020B0BPAAAE
34172311000001107,Relevtec 52.5micrograms/hour transdermal patches,34172311000001107,AMP,0407020B0BPABAF
34172111000001105,Relevtec 70micrograms/hour transdermal patches,34172111000001105,AMP,0407020B0BPACAG
34551811000001100,Bupramyl 5micrograms/hour transdermal patches,34551811000001100,AMP,0407020B0BQAAAH
34552011000001103,Bupramyl 10micrograms/hour transdermal patches,34552011000001103,AMP,0407020B0BQABAI
34552211000001108,Bupramyl 20micrograms/hour transdermal patches,34552211000001108,AMP,0407020B0BQACAJ
34838811000001108,Busiete 5micrograms/hour transdermal patches,34838811000001108,AMP,0407020B0BRAAAH
34839011000001107,Busiete 10micrograms/hour transdermal patches,34839011000001107,AMP,0407020B0BRABAI
34839211000001102,Busiete 20micrograms/hour transdermal patches,34839211000001102,AMP,0407020B0BRACAJ
34911711000001108,Turgeon 35micrograms/hour transdermal patches,34911711000001108,AMP,0407020B0BSAAAE
34911911000001105,Turgeon 52.5micrograms/hour transdermal patches,34911911000001105,AMP,0407020B0BSABAF
34912111000001102,Turgeon 70micrograms/hour transdermal patches,34912111000001102,AMP,0407020B0BSACAG
35543711000001101,Carlosafine 35micrograms/hour transdermal patches,35543711000001101,AMP,0407020B0BTAAAE
35543911000001104,Carlosafine 52.5micrograms/hour transdermal patches,35543911000001104,AMP,0407020B0BTABAF
35544111000001100,Carlosafine 70micrograms/hour transdermal patches,35544111000001100,AMP,0407020B0BTACAG
35544311000001103,Bunov 5micrograms/hour transdermal patches,35544311000001103,AMP,0407020B0BUAAAH
35544511000001109,Bunov 10micrograms/hour transdermal patches,35544511000001109,AMP,0407020B0BUABAI
35545111000001101,Bunov 20micrograms/hour transdermal patches,35545111000001101,AMP,0407020B0BUACAJ
38728711000001102,Rebrikel 5micrograms/hour transdermal patches,38728711000001102,AMP,0407020B0BVAAAH
38745611000001103,Rebrikel 10micrograms/hour transdermal patches,38745611000001103,AMP,0407020B0BVABAI
38746011000001101,Rebrikel 20micrograms/hour transdermal patches,38746011000001101,AMP,0407020B0BVACAJ
36090011000001104,Codeine 60mg/1ml solution for injection ampoules,36090011000001104,VMP,0407020C0AAAAAA
558511000001103,Codeine 60mg/1ml solution for injection ampoules,558511000001103,AMP,0407020C0AAAAAA
754411000001107,Codeine 60mg/1ml solution for injection ampoules,754411000001107,AMP,0407020C0AAAAAA
447811000001106,Codeine 60mg/1ml solution for injection ampoules,447811000001106,AMP,0407020C0AAAAAA
32755411000001106,Codeine 60mg/1ml solution for injection ampoules,32755411000001106,AMP,0407020C0AAAAAA
36566111000001100,Codeine 25mg/5ml oral solution,36566111000001100,VMP,0407020C0AAABAB
641111000001109,Codeine 25mg/5ml oral solution,641111000001109,AMP,0407020C0AAABAB
106811000001100,Codeine 25mg/5ml oral solution,106811000001100,AMP,0407020C0AAABAB
30046011000001101,Codeine 25mg/5ml oral solution,30046011000001101,AMP,0407020C0AAABAB
39847111000001102,Codeine 25mg/5ml oral solution,39847111000001102,AMP,0407020C0AAABAB
27811000001100,Codeine 25mg/5ml oral solution,27811000001100,AMP,0407020C0AAABAB
42010311000001103,Codeine 15mg tablets,42010311000001103,VMP,0407020C0AAADAD
631411000001103,Codeine 15mg tablets,631411000001103,AMP,0407020C0AAADAD
3811000001102,Codeine 15mg tablets,3811000001102,AMP,0407020C0AAADAD
616411000001104,Codeine 15mg tablets,616411000001104,AMP,0407020C0AAADAD
17967711000001105,Codeine 15mg tablets,17967711000001105,AMP,0407020C0AAADAD
10399111000001103,Codeine 15mg tablets,10399111000001103,AMP,0407020C0AAADAD
15990511000001103,Codeine 15mg tablets,15990511000001103,AMP,0407020C0AAADAD
29003611000001106,Codeine 15mg tablets,29003611000001106,AMP,0407020C0AAADAD
23854211000001103,Codeine 15mg tablets,23854211000001103,AMP,0407020C0AAADAD
114211000001109,Codeine 15mg tablets,114211000001109,AMP,0407020C0AAADAD
30018511000001104,Codeine 15mg tablets,30018511000001104,AMP,0407020C0AAADAD
39206611000001109,Codeine 15mg tablets,39206611000001109,AMP,0407020C0AAADAD
41927111000001104,Codeine 15mg tablets,41927111000001104,AMP,0407020C0AAADAD
17887711000001101,Codeine 15mg tablets,17887711000001101,AMP,0407020C0AAADAD
11531411000001107,Codeine 15mg tablets,11531411000001107,AMP,0407020C0AAADAD
15205411000001106,Codeine 15mg tablets,15205411000001106,AMP,0407020C0AAADAD
123811000001101,Codeine 15mg tablets,123811000001101,AMP,0407020C0AAADAD
34760811000001104,Codeine 15mg tablets,34760811000001104,AMP,0407020C0AAADAD
613111000001104,Codeine 15mg tablets,613111000001104,AMP,0407020C0AAADAD
21946111000001102,Codeine 15mg tablets,21946111000001102,AMP,0407020C0AAADAD
277611000001109,Codeine 15mg tablets,277611000001109,AMP,0407020C0AAADAD
42010411000001105,Codeine 30mg tablets,42010411000001105,VMP,0407020C0AAAEAE
260411000001100,Codeine 30mg tablets,260411000001100,AMP,0407020C0AAAEAE
129811000001104,Codeine 30mg tablets,129811000001104,AMP,0407020C0AAAEAE
708311000001100,Codeine 30mg tablets,708311000001100,AMP,0407020C0AAAEAE
11426011000001104,Codeine 30mg tablets,11426011000001104,AMP,0407020C0AAAEAE
10399311000001101,Codeine 30mg tablets,10399311000001101,AMP,0407020C0AAAEAE
16048111000001109,Codeine 30mg tablets,16048111000001109,AMP,0407020C0AAAEAE
29003811000001105,Codeine 30mg tablets,29003811000001105,AMP,0407020C0AAAEAE
23854511000001100,Codeine 30mg tablets,23854511000001100,AMP,0407020C0AAAEAE
875511000001107,Codeine 30mg tablets,875511000001107,AMP,0407020C0AAAEAE
908211000001103,Codeine 30mg tablets,908211000001103,AMP,0407020C0AAAEAE
30018711000001109,Codeine 30mg tablets,30018711000001109,AMP,0407020C0AAAEAE
38862111000001108,Codeine 30mg tablets,38862111000001108,AMP,0407020C0AAAEAE
41927511000001108,Codeine 30mg tablets,41927511000001108,AMP,0407020C0AAAEAE
17888011000001102,Codeine 30mg tablets,17888011000001102,AMP,0407020C0AAAEAE
11531611000001105,Codeine 30mg tablets,11531611000001105,AMP,0407020C0AAAEAE
29797511000001101,Codeine 30mg tablets,29797511000001101,AMP,0407020C0AAAEAE
34761111000001100,Codeine 30mg tablets,34761111000001100,AMP,0407020C0AAAEAE
380611000001107,Codeine 30mg tablets,380611000001107,AMP,0407020C0AAAEAE
297411000001104,Codeine 30mg tablets,297411000001104,AMP,0407020C0AAAEAE
21946811000001109,Codeine 30mg tablets,21946811000001109,AMP,0407020C0AAAEAE
438511000001106,Codeine 30mg tablets,438511000001106,AMP,0407020C0AAAEAE
42010511000001109,Codeine 60mg tablets,42010511000001109,VMP,0407020C0AAAFAF
271511000001104,Codeine 60mg tablets,271511000001104,AMP,0407020C0AAAFAF
302811000001108,Codeine 60mg tablets,302811000001108,AMP,0407020C0AAAFAF
646511000001109,Codeine 60mg tablets,646511000001109,AMP,0407020C0AAAFAF
34680011000001103,Codeine 60mg tablets,34680011000001103,AMP,0407020C0AAAFAF
10399511000001107,Codeine 60mg tablets,10399511000001107,AMP,0407020C0AAAFAF
29004011000001102,Codeine 60mg tablets,29004011000001102,AMP,0407020C0AAAFAF
23854811000001102,Codeine 60mg tablets,23854811000001102,AMP,0407020C0AAAFAF
367411000001105,Codeine 60mg tablets,367411000001105,AMP,0407020C0AAAFAF
39320911000001104,Codeine 60mg tablets,39320911000001104,AMP,0407020C0AAAFAF
41926811000001109,Codeine 60mg tablets,41926811000001109,AMP,0407020C0AAAFAF
11531811000001109,Codeine 60mg tablets,11531811000001109,AMP,0407020C0AAAFAF
29798011000001105,Codeine 60mg tablets,29798011000001105,AMP,0407020C0AAAFAF
357011000001107,Codeine 60mg tablets,357011000001107,AMP,0407020C0AAAFAF
273211000001103,Codeine 60mg tablets,273211000001103,AMP,0407020C0AAAFAF
21948511000001107,Codeine 60mg tablets,21948511000001107,AMP,0407020C0AAAFAF
628311000001101,Codeine 60mg tablets,628311000001101,AMP,0407020C0AAAFAF
36090211000001109,Codeine phosphate powder,36090211000001109,VMP,0407020C0AAAGAG
5147011000001103,Codeine phosphate powder,5147011000001103,AMP,0407020C0AAAGAG
15247511000001107,Codeine phosphate powder,15247511000001107,AMP,0407020C0AAAGAG
5147211000001108,Codeine phosphate powder,5147211000001108,AMP,0407020C0AAAGAG
5147411000001107,Codeine phosphate powder,5147411000001107,AMP,0407020C0AAAGAG
12388811000001109,Codeine 30mg/1ml solution for injection ampoules,12388811000001109,VMP,0407020C0AAAHAH
12315611000001102,Codeine 30mg/1ml solution for injection ampoules,12315611000001102,AMP,0407020C0AAAHAH
21148211000001106,Codeine 5mg suppositories,21148211000001106,VMP,0407020C0AAAKAK
21130211000001107,Codeine 5mg suppositories,21130211000001107,AMP,0407020C0AAAKAK
18519311000001102,Codeine 10mg suppositories,18519311000001102,VMP,0407020C0AAALAL
18511211000001109,Codeine 10mg suppositories,18511211000001109,AMP,0407020C0AAALAL
21148311000001103,Codeine 6mg suppositories,21148311000001103,VMP,0407020C0AAAMAM
21130411000001106,Codeine 6mg suppositories,21130411000001106,AMP,0407020C0AAAMAM
11815511000001102,Codeine 50mg/5ml oral solution,11815511000001102,VMP,0407020C0AAANAN
11803611000001100,Codeine 50mg/5ml oral solution,11803611000001100,AMP,0407020C0AAANAN
11815411000001101,Codeine 30mg/5ml oral solution,11815411000001101,VMP,0407020C0AAAPAP
11803311000001105,Codeine 30mg/5ml oral solution,11803311000001105,AMP,0407020C0AAAPAP
21290211000001100,Codeine 15mg suppositories,21290211000001100,VMP,0407020C0AAAQAQ
21269811000001105,Codeine 15mg suppositories,21269811000001105,AMP,0407020C0AAAQAQ
20454511000001107,Codeine 30mg suppositories,20454511000001107,VMP,0407020C0AAASAS
20421811000001109,Codeine 30mg suppositories,20421811000001109,AMP,0407020C0AAASAS
11815611000001103,Codeine 60mg/5ml oral solution,11815611000001103,VMP,0407020C0AAAVAV
11803911000001106,Codeine 60mg/5ml oral solution,11803911000001106,AMP,0407020C0AAAVAV
8428111000001105,Codeine 5mg/5ml oral solution,8428111000001105,VMP,0407020C0AAAXAX
8428211000001104,Codeine 5mg/5ml oral suspension,8428211000001104,VMP,0407020C0AAAXAX
8405711000001109,Codeine 5mg/5ml oral solution,8405711000001109,AMP,0407020C0AAAXAX
8406311000001100,Codeine 5mg/5ml oral suspension,8406311000001100,AMP,0407020C0AAAXAX
8427911000001107,Codeine 10mg/5ml oral solution,8427911000001107,VMP,0407020C0AAAYAY
8428011000001109,Codeine 10mg/5ml oral suspension,8428011000001109,VMP,0407020C0AAAYAY
8405411000001103,Codeine 10mg/5ml oral solution,8405411000001103,AMP,0407020C0AAAYAY
8406011000001103,Codeine 10mg/5ml oral suspension,8406011000001103,AMP,0407020C0AAAYAY
8087411000001101,Codeine 6.75mg/5ml oral solution,8087411000001101,VMP,0407020C0AABABA
20122011000001107,Codeine 20mg suppositories,20122011000001107,VMP,0407020C0AABBBB
20116511000001109,Codeine 20mg suppositories,20116511000001109,AMP,0407020C0AABBBB
21148111000001100,Codeine 1mg suppositories,21148111000001100,VMP,0407020C0AABCBC
21130811000001108,Codeine 1mg suppositories,21130811000001108,AMP,0407020C0AABCBC
8086211000001102,Bepro 6.75mg/5ml syrup,8086211000001102,AMP,0407020C0BBAABA
36098611000001109,Dihydrocodeine 10mg/5ml oral solution,36098611000001109,VMP,0407020G0AAAAAA
3038511000001106,Dihydrocodeine 10mg/5ml oral solution,3038511000001106,AMP,0407020G0AAAAAA
3039311000001106,Dihydrocodeine 10mg/5ml oral solution,3039311000001106,AMP,0407020G0AAAAAA
32249811000001102,Dihydrocodeine 10mg/5ml oral solution,32249811000001102,AMP,0407020G0AAAAAA
37299611000001106,Dihydrocodeine 10mg/5ml oral solution,37299611000001106,AMP,0407020G0AAAAAA
26026911000001105,Dihydrocodeine 10mg/5ml oral solution,26026911000001105,AMP,0407020G0AAAAAA
31387811000001107,Dihydrocodeine 10mg/5ml oral solution,31387811000001107,AMP,0407020G0AAAAAA
3038911000001104,Dihydrocodeine 10mg/5ml oral solution,3038911000001104,AMP,0407020G0AAAAAA
21944611000001101,Dihydrocodeine 10mg/5ml oral solution,21944611000001101,AMP,0407020G0AAAAAA
36069111000001106,Dihydrocodeine 50mg/1ml solution for injection ampoules,36069111000001106,VMP,0407020G0AAABAB
3987111000001102,Dihydrocodeine 50mg/1ml solution for injection ampoules,3987111000001102,AMP,0407020G0AAABAB
3989911000001106,Dihydrocodeine 50mg/1ml solution for injection ampoules,3989911000001106,AMP,0407020G0AAABAB
3988811000001108,Dihydrocodeine 50mg/1ml solution for injection ampoules,3988811000001108,AMP,0407020G0AAABAB
39708511000001104,Dihydrocodeine 30mg tablets,39708511000001104,VMP,0407020G0AAACAC
869111000001108,Dihydrocodeine 30mg tablets,869111000001108,AMP,0407020G0AAACAC
37942311000001101,Dihydrocodeine 30mg tablets,37942311000001101,AMP,0407020G0AAACAC
830711000001109,Dihydrocodeine 30mg tablets,830711000001109,AMP,0407020G0AAACAC
379811000001106,Dihydrocodeine 30mg tablets,379811000001106,AMP,0407020G0AAACAC
13386111000001109,Dihydrocodeine 30mg tablets,13386111000001109,AMP,0407020G0AAACAC
10401411000001102,Dihydrocodeine 30mg tablets,10401411000001102,AMP,0407020G0AAACAC
16048911000001107,Dihydrocodeine 30mg tablets,16048911000001107,AMP,0407020G0AAACAC
43927911000001107,Dihydrocodeine 30mg tablets,43927911000001107,AMP,0407020G0AAACAC
23877111000001102,Dihydrocodeine 30mg tablets,23877111000001102,AMP,0407020G0AAACAC
644211000001101,Dihydrocodeine 30mg tablets,644211000001101,AMP,0407020G0AAACAC
176811000001109,Dihydrocodeine 30mg tablets,176811000001109,AMP,0407020G0AAACAC
37507111000001102,Dihydrocodeine 30mg tablets,37507111000001102,AMP,0407020G0AAACAC
37058011000001109,Dihydrocodeine 30mg tablets,37058011000001109,AMP,0407020G0AAACAC
38872711000001101,Dihydrocodeine 30mg tablets,38872711000001101,AMP,0407020G0AAACAC
17892511000001107,Dihydrocodeine 30mg tablets,17892511000001107,AMP,0407020G0AAACAC
15082011000001100,Dihydrocodeine 30mg tablets,15082011000001100,AMP,0407020G0AAACAC
548711000001106,Dihydrocodeine 30mg tablets,548711000001106,AMP,0407020G0AAACAC
29611000001109,Dihydrocodeine 30mg tablets,29611000001109,AMP,0407020G0AAACAC
194911000001104,Dihydrocodeine 30mg tablets,194911000001104,AMP,0407020G0AAACAC
21944811000001102,Dihydrocodeine 30mg tablets,21944811000001102,AMP,0407020G0AAACAC
543611000001109,Dihydrocodeine 30mg tablets,543611000001109,AMP,0407020G0AAACAC
932511000001106,Dihydrocodeine 30mg tablets,932511000001106,AMP,0407020G0AAACAC
39112411000001109,Dihydrocodeine 60mg modified-release tablets,39112411000001109,VMP,0407020G0AAADAD
44124211000001106,Dihydrocodeine 60mg modified-release tablets,44124211000001106,AMP,0407020G0AAADAD
45078811000001100,Dihydrocodeine 60mg modified-release tablets,45078811000001100,AMP,0407020G0AAADAD
43182211000001109,Dihydrocodeine 60mg modified-release tablets,43182211000001109,AMP,0407020G0AAADAD
39112511000001108,Dihydrocodeine 90mg modified-release tablets,39112511000001108,VMP,0407020G0AAAEAE
44124411000001105,Dihydrocodeine 90mg modified-release tablets,44124411000001105,AMP,0407020G0AAAEAE
45079211000001106,Dihydrocodeine 90mg modified-release tablets,45079211000001106,AMP,0407020G0AAAEAE
43182411000001108,Dihydrocodeine 90mg modified-release tablets,43182411000001108,AMP,0407020G0AAAEAE
39112611000001107,Dihydrocodeine 120mg modified-release tablets,39112611000001107,VMP,0407020G0AAAFAF
43555411000001100,Dihydrocodeine 120mg modified-release tablets,43555411000001100,AMP,0407020G0AAAFAF
45078211000001101,Dihydrocodeine 120mg modified-release tablets,45078211000001101,AMP,0407020G0AAAFAF
43182611000001106,Dihydrocodeine 120mg modified-release tablets,43182611000001106,AMP,0407020G0AAAFAF
39708711000001109,Dihydrocodeine 40mg tablets,39708711000001109,VMP,0407020G0AAAIAI
11649011000001106,Dihydrocodeine 90mg/5ml oral solution,11649011000001106,VMP,0407020G0AAAKAK
11625411000001102,Dihydrocodeine 90mg/5ml oral solution,11625411000001102,AMP,0407020G0AAAKAK
11648911000001102,Dihydrocodeine 30mg/5ml oral solution,11648911000001102,VMP,0407020G0AAAMAM
11625011000001106,Dihydrocodeine 30mg/5ml oral solution,11625011000001106,AMP,0407020G0AAAMAM
11648811000001107,Dihydrocodeine 15mg/5ml oral solution,11648811000001107,VMP,0407020G0AAANAN
11624711000001109,Dihydrocodeine 15mg/5ml oral solution,11624711000001109,AMP,0407020G0AAANAN
8457311000001105,Dihydrocodeine 10mg/5ml oral suspension,8457311000001105,VMP,0407020G0AAAPAP
8440711000001106,Dihydrocodeine 10mg/5ml oral suspension,8440711000001106,AMP,0407020G0AAAPAP
8457211000001102,Dihydrocodeine 60mg/5ml oral solution,8457211000001102,VMP,0407020G0AAARAR
8457111000001108,Dihydrocodeine 60mg/5ml oral suspension,8457111000001108,VMP,0407020G0AAARAR
8441011000001100,Dihydrocodeine 60mg/5ml oral solution,8441011000001100,AMP,0407020G0AAARAR
8441311000001102,Dihydrocodeine 60mg/5ml oral suspension,8441311000001102,AMP,0407020G0AAARAR
3037111000001103,DHC Continus 60mg tablets,3037111000001103,AMP,0407020G0BBAAAD
3037511000001107,DHC Continus 90mg tablets,3037511000001107,AMP,0407020G0BBABAE
3037811000001105,DHC Continus 120mg tablets,3037811000001105,AMP,0407020G0BBACAF
3038211000001108,DF 118 Forte 40mg tablets,3038211000001108,AMP,0407020G0BCADAI
39689711000001107,Dipipanone 10mg / Cyclizine 30mg tablets,39689711000001107,VMP,0407020H0AAABAB
19237311000001105,Dipipanone 10mg / Cyclizine 30mg tablets,19237311000001105,AMP,0407020H0AAABAB
19180811000001109,Dipipanone 10mg / Cyclizine 30mg tablets,19180811000001109,AMP,0407020H0AAABAB
19356611000001105,Dipipanone 10mg / Cyclizine 30mg tablets,19356611000001105,AMP,0407020H0AAABAB
23834411000001100,Dipipanone 10mg / Cyclizine 30mg tablets,23834411000001100,AMP,0407020H0AAABAB
429811000001100,Diconal tablets,429811000001100,AMP,0407020H0BBAAAB
34819611000001105,Diamorphine 5mg powder for solution for injection ampoules,34819611000001105,VMP,0407020K0AAAAAA
22411000001100,Diamorphine 5mg powder for solution for injection ampoules,22411000001100,AMP,0407020K0AAAAAA
15422211000001107,Diamorphine 5mg powder for solution for injection ampoules,15422211000001107,AMP,0407020K0AAAAAA
243011000001107,Diamorphine 5mg powder for solution for injection ampoules,243011000001107,AMP,0407020K0AAAAAA
37237411000001109,Diamorphine 5mg powder for solution for injection ampoules,37237411000001109,AMP,0407020K0AAAAAA
853711000001101,Diamorphine 5mg powder for solution for injection ampoules,853711000001101,AMP,0407020K0AAAAAA
15404411000001109,Diamorphine 5mg powder for solution for injection ampoules,15404411000001109,AMP,0407020K0AAAAAA
250111000001104,Diamorphine 5mg powder for solution for injection ampoules,250111000001104,AMP,0407020K0AAAAAA
42011311000001108,Diamorphine 10mg powder for solution for injection ampoules,42011311000001108,VMP,0407020K0AAABAB
684411000001105,Diamorphine 10mg powder for solution for injection ampoules,684411000001105,AMP,0407020K0AAABAB
15422411000001106,Diamorphine 10mg powder for solution for injection ampoules,15422411000001106,AMP,0407020K0AAABAB
712711000001101,Diamorphine 10mg powder for solution for injection ampoules,712711000001101,AMP,0407020K0AAABAB
37237711000001103,Diamorphine 10mg powder for solution for injection ampoules,37237711000001103,AMP,0407020K0AAABAB
11590911000001102,Diamorphine 10mg powder for solution for injection ampoules,11590911000001102,AMP,0407020K0AAABAB
918811000001100,Diamorphine 10mg powder for solution for injection ampoules,918811000001100,AMP,0407020K0AAABAB
15405411000001105,Diamorphine 10mg powder for solution for injection ampoules,15405411000001105,AMP,0407020K0AAABAB
25211000001109,Diamorphine 10mg powder for solution for injection ampoules,25211000001109,AMP,0407020K0AAABAB
12389011000001108,Diamorphine 15mg powder for solution for injection ampoules,12389011000001108,VMP,0407020K0AAACAC
12316211000001105,Diamorphine 15mg powder for solution for injection ampoules,12316211000001105,AMP,0407020K0AAACAC
42011511000001102,Diamorphine 30mg powder for solution for injection ampoules,42011511000001102,VMP,0407020K0AAAEAE
769411000001100,Diamorphine 30mg powder for solution for injection ampoules,769411000001100,AMP,0407020K0AAAEAE
15422611000001109,Diamorphine 30mg powder for solution for injection ampoules,15422611000001109,AMP,0407020K0AAAEAE
922811000001107,Diamorphine 30mg powder for solution for injection ampoules,922811000001107,AMP,0407020K0AAAEAE
37237911000001101,Diamorphine 30mg powder for solution for injection ampoules,37237911000001101,AMP,0407020K0AAAEAE
11591111000001106,Diamorphine 30mg powder for solution for injection ampoules,11591111000001106,AMP,0407020K0AAAEAE
583111000001109,Diamorphine 30mg powder for solution for injection ampoules,583111000001109,AMP,0407020K0AAAEAE
908611000001101,Diamorphine 30mg powder for solution for injection ampoules,908611000001101,AMP,0407020K0AAAEAE
15405511000001109,Diamorphine 30mg powder for solution for injection ampoules,15405511000001109,AMP,0407020K0AAAEAE
277811000001108,Diamorphine 30mg powder for solution for injection ampoules,277811000001108,AMP,0407020K0AAAEAE
42011211000001100,Diamorphine 100mg powder for solution for injection ampoules,42011211000001100,VMP,0407020K0AAAFAF
725011000001100,Diamorphine 100mg powder for solution for injection ampoules,725011000001100,AMP,0407020K0AAAFAF
13886511000001103,Diamorphine 100mg powder for solution for injection ampoules,13886511000001103,AMP,0407020K0AAAFAF
397811000001109,Diamorphine 100mg powder for solution for injection ampoules,397811000001109,AMP,0407020K0AAAFAF
37238111000001103,Diamorphine 100mg powder for solution for injection ampoules,37238111000001103,AMP,0407020K0AAAFAF
172311000001104,Diamorphine 100mg powder for solution for injection ampoules,172311000001104,AMP,0407020K0AAAFAF
15405611000001108,Diamorphine 100mg powder for solution for injection ampoules,15405611000001108,AMP,0407020K0AAAFAF
212411000001103,Diamorphine 100mg powder for solution for injection ampoules,212411000001103,AMP,0407020K0AAAFAF
42011611000001103,Diamorphine 500mg powder for solution for injection ampoules,42011611000001103,VMP,0407020K0AAAGAG
284911000001100,Diamorphine 500mg powder for solution for injection ampoules,284911000001100,AMP,0407020K0AAAGAG
13887111000001105,Diamorphine 500mg powder for solution for injection ampoules,13887111000001105,AMP,0407020K0AAAGAG
518611000001106,Diamorphine 500mg powder for solution for injection ampoules,518611000001106,AMP,0407020K0AAAGAG
37238311000001101,Diamorphine 500mg powder for solution for injection ampoules,37238311000001101,AMP,0407020K0AAAGAG
343211000001109,Diamorphine 500mg powder for solution for injection ampoules,343211000001109,AMP,0407020K0AAAGAG
15405711000001104,Diamorphine 500mg powder for solution for injection ampoules,15405711000001104,AMP,0407020K0AAAGAG
435111000001107,Diamorphine 500mg powder for solution for injection ampoules,435111000001107,AMP,0407020K0AAAGAG
12291811000001109,Diamorphine 100mg impregnated cigarettes,12291811000001109,VMP,0407020K0AABCBC
12237411000001109,Diamorphine 100mg impregnated cigarettes,12237411000001109,AMP,0407020K0AABCBC
12292111000001107,Diamorphine 30mg impregnated cigarettes,12292111000001107,VMP,0407020K0AABFBF
12238011000001104,Diamorphine 30mg impregnated cigarettes,12238011000001104,AMP,0407020K0AABFBF
42011411000001101,Diamorphine 10mg tablets,42011411000001101,VMP,0407020K0AACBCB
857211000001104,Diamorphine 10mg tablets,857211000001104,AMP,0407020K0AACBCB
396511000001109,Diamorphine 10mg tablets,396511000001109,AMP,0407020K0AACBCB
295311000001103,Diamorphine 10mg tablets,295311000001103,AMP,0407020K0AACBCB
356111000001105,Diamorphine 10mg tablets,356111000001105,AMP,0407020K0AACBCB
12292511000001103,Diamorphine 60mg impregnated cigarettes,12292511000001103,VMP,0407020K0AACGCG
12236211000001108,Diamorphine 60mg impregnated cigarettes,12236211000001108,AMP,0407020K0AACGCG
12389111000001109,Diamorphine 5mg suppositories,12389111000001109,VMP,0407020K0AACUCU
12316511000001108,Diamorphine 5mg suppositories,12316511000001108,AMP,0407020K0AACUCU
12388911000001104,Diamorphine 100mg capsules,12388911000001104,VMP,0407020K0AACZCZ
12315911000001108,Diamorphine 100mg capsules,12315911000001108,AMP,0407020K0AACZCZ
12292211000001101,Diamorphine 40mg impregnated cigarettes,12292211000001101,VMP,0407020K0AADCDC
12235611000001100,Diamorphine 40mg impregnated cigarettes,12235611000001100,AMP,0407020K0AADCDC
11719611000001102,Diamorphine 20mg/5ml oral solution,11719611000001102,VMP,0407020K0AADFDF
11664111000001102,Diamorphine 20mg/5ml oral solution,11664111000001102,AMP,0407020K0AADFDF
11720411000001101,Diamorphine 50mg/5ml oral solution,11720411000001101,VMP,0407020K0AADGDG
11668511000001104,Diamorphine 50mg/5ml oral solution,11668511000001104,AMP,0407020K0AADGDG
12291711000001101,Diamorphine 10mg/5ml oral solution,12291711000001101,VMP,0407020K0AADIDI
12242411000001107,Diamorphine 10mg/5ml oral solution,12242411000001107,AMP,0407020K0AADIDI
11719811000001103,Diamorphine 25mg/5ml oral solution,11719811000001103,VMP,0407020K0AADJDJ
11664911000001104,Diamorphine 25mg/5ml oral solution,11664911000001104,AMP,0407020K0AADJDJ
12292411000001102,Diamorphine 5mg/5ml oral solution,12292411000001102,VMP,0407020K0AADKDK
12242011000001103,Diamorphine 5mg/5ml oral solution,12242011000001103,AMP,0407020K0AADKDK
12292311000001109,Diamorphine 50mg impregnated cigarettes,12292311000001109,VMP,0407020K0AADLDL
12238611000001106,Diamorphine 50mg impregnated cigarettes,12238611000001106,AMP,0407020K0AADLDL
11720511000001102,Diamorphine 6mg/5ml oral solution,11720511000001102,VMP,0407020K0AADQDQ
11668811000001101,Diamorphine 6mg/5ml oral solution,11668811000001101,AMP,0407020K0AADQDQ
11720311000001108,Diamorphine 45mg/5ml oral solution,11720311000001108,VMP,0407020K0AADRDR
11667911000001105,Diamorphine 45mg/5ml oral solution,11667911000001105,AMP,0407020K0AADRDR
11720211000001100,Diamorphine 40mg/5ml oral solution,11720211000001100,VMP,0407020K0AADSDS
11667311000001109,Diamorphine 40mg/5ml oral solution,11667311000001109,AMP,0407020K0AADSDS
11719211000001104,Diamorphine 15mg/5ml oral solution,11719211000001104,VMP,0407020K0AADTDT
11661011000001101,Diamorphine 15mg/5ml oral solution,11661011000001101,AMP,0407020K0AADTDT
11719311000001107,Diamorphine 180mg/5ml oral solution,11719311000001107,VMP,0407020K0AADVDV
11662211000001104,Diamorphine 180mg/5ml oral solution,11662211000001104,AMP,0407020K0AADVDV
11719711000001106,Diamorphine 240mg/5ml oral solution,11719711000001106,VMP,0407020K0AADWDW
11664611000001105,Diamorphine 240mg/5ml oral solution,11664611000001105,AMP,0407020K0AADWDW
11719111000001105,Diamorphine 100mg/5ml oral solution,11719111000001105,VMP,0407020K0AADXDX
11660311000001108,Diamorphine 100mg/5ml oral solution,11660311000001108,AMP,0407020K0AADXDX
11720011000001105,Diamorphine 30mg/5ml oral solution,11720011000001105,VMP,0407020K0AAEAEA
11665911000001100,Diamorphine 30mg/5ml oral solution,11665911000001100,AMP,0407020K0AAEAEA
16073811000001106,Diamorphine 5mg powder for solution for injection vials,16073811000001106,VMP,0407020K0AAEFEF
16442411000001107,Diamorphine 5mg powder for solution for injection vials,16442411000001107,AMP,0407020K0AAEFEF
16057511000001101,Diamorphine 5mg powder for solution for injection vials,16057511000001101,AMP,0407020K0AAEFEF
16073511000001108,Diamorphine 10mg powder for solution for injection vials,16073511000001108,VMP,0407020K0AAEGEG
16442611000001105,Diamorphine 10mg powder for solution for injection vials,16442611000001105,AMP,0407020K0AAEGEG
16057911000001108,Diamorphine 10mg powder for solution for injection vials,16057911000001108,AMP,0407020K0AAEGEG
16073411000001109,Diamorphine 100mg powder for solution for injection vials,16073411000001109,VMP,0407020K0AAEHEH
16443011000001107,Diamorphine 100mg powder for solution for injection vials,16443011000001107,AMP,0407020K0AAEHEH
16058811000001104,Diamorphine 100mg powder for solution for injection vials,16058811000001104,AMP,0407020K0AAEHEH
16073711000001103,Diamorphine 500mg powder for solution for injection vials,16073711000001103,VMP,0407020K0AAEIEI
16443411000001103,Diamorphine 500mg powder for solution for injection vials,16443411000001103,AMP,0407020K0AAEIEI
16059511000001108,Diamorphine 500mg powder for solution for injection vials,16059511000001108,AMP,0407020K0AAEIEI
16073611000001107,Diamorphine 30mg powder for solution for injection vials,16073611000001107,VMP,0407020K0AAEMEM
16442811000001109,Diamorphine 30mg powder for solution for injection vials,16442811000001109,AMP,0407020K0AAEMEM
16058311000001108,Diamorphine 30mg powder for solution for injection vials,16058311000001108,AMP,0407020K0AAEMEM
11719511000001101,Diamorphine 200mg/5ml oral solution,11719511000001101,VMP,0407020K0AAEQEQ
11663511000001108,Diamorphine 200mg/5ml oral solution,11663511000001108,AMP,0407020K0AAEQEQ
12292011000001106,Diamorphine 20mg impregnated cigarettes,12292011000001106,VMP,0407020K0AAEUEU
12235911000001106,Diamorphine 20mg impregnated cigarettes,12235911000001106,AMP,0407020K0AAEUEU
12291911000001104,Diamorphine 120mg impregnated cigarettes,12291911000001104,VMP,0407020K0AAEVEV
12236811000001109,Diamorphine 120mg impregnated cigarettes,12236811000001109,AMP,0407020K0AAEVEV
13384011000001103,Diamorphine 340mg/5ml oral solution,13384011000001103,VMP,0407020K0AAEWEW
13378411000001109,Diamorphine 340mg/5ml oral solution,13378411000001109,AMP,0407020K0AAEWEW
13384111000001102,Diamorphine 350mg/5ml oral solution,13384111000001102,VMP,0407020K0AAEXEX
13378011000001100,Diamorphine 350mg/5ml oral solution,13378011000001100,AMP,0407020K0AAEXEX
13384211000001108,Diamorphine 360mg/5ml oral solution,13384211000001108,VMP,0407020K0AAEYEY
13377711000001104,Diamorphine 360mg/5ml oral solution,13377711000001104,AMP,0407020K0AAEYEY
13384311000001100,Diamorphine 370mg/5ml oral solution,13384311000001100,VMP,0407020K0AAEZEZ
13377211000001106,Diamorphine 370mg/5ml oral solution,13377211000001106,AMP,0407020K0AAEZEZ
13384411000001107,Diamorphine 380mg/5ml oral solution,13384411000001107,VMP,0407020K0AAFAFA
13376911000001100,Diamorphine 380mg/5ml oral solution,13376911000001100,AMP,0407020K0AAFAFA
13384511000001106,Diamorphine 390mg/5ml oral solution,13384511000001106,VMP,0407020K0AAFBFB
13376611000001106,Diamorphine 390mg/5ml oral solution,13376611000001106,AMP,0407020K0AAFBFB
13372111000001102,Diamorphine 400mg/5ml oral solution,13372111000001102,VMP,0407020K0AAFCFC
13371911000001105,Diamorphine 400mg/5ml oral solution,13371911000001105,AMP,0407020K0AAFCFC
13384611000001105,Diamorphine 410mg/5ml oral solution,13384611000001105,VMP,0407020K0AAFDFD
13378711000001103,Diamorphine 410mg/5ml oral solution,13378711000001103,AMP,0407020K0AAFDFD
15436511000001108,Diamorphine 320mg/5ml oral solution,15436511000001108,VMP,0407020K0AAFEFE
15428311000001101,Diamorphine 320mg/5ml oral solution,15428311000001101,AMP,0407020K0AAFEFE
15631511000001102,Diamorphine 250mg/5ml oral solution,15631511000001102,VMP,0407020K0AAFFFF
15617011000001109,Diamorphine 250mg/5ml oral solution,15617011000001109,AMP,0407020K0AAFFFF
15631611000001103,Diamorphine 260mg/5ml oral solution,15631611000001103,VMP,0407020K0AAFGFG
15617311000001107,Diamorphine 260mg/5ml oral solution,15617311000001107,AMP,0407020K0AAFGFG
15631711000001107,Diamorphine 270mg/5ml oral solution,15631711000001107,VMP,0407020K0AAFHFH
15617611000001102,Diamorphine 270mg/5ml oral solution,15617611000001102,AMP,0407020K0AAFHFH
15631811000001104,Diamorphine 280mg/5ml oral solution,15631811000001104,VMP,0407020K0AAFIFI
15617911000001108,Diamorphine 280mg/5ml oral solution,15617911000001108,AMP,0407020K0AAFIFI
15631911000001109,Diamorphine 290mg/5ml oral solution,15631911000001109,VMP,0407020K0AAFJFJ
15618211000001100,Diamorphine 290mg/5ml oral solution,15618211000001100,AMP,0407020K0AAFJFJ
15632011000001102,Diamorphine 300mg/5ml oral solution,15632011000001102,VMP,0407020K0AAFKFK
15618511000001102,Diamorphine 300mg/5ml oral solution,15618511000001102,AMP,0407020K0AAFKFK
15632111000001101,Diamorphine 310mg/5ml oral solution,15632111000001101,VMP,0407020K0AAFLFL
15618811000001104,Diamorphine 310mg/5ml oral solution,15618811000001104,AMP,0407020K0AAFLFL
15632211000001107,Diamorphine 330mg/5ml oral solution,15632211000001107,VMP,0407020K0AAFMFM
15619111000001104,Diamorphine 330mg/5ml oral solution,15619111000001104,AMP,0407020K0AAFMFM
19946711000001109,Diamorphine 130mg/5ml oral solution,19946711000001109,VMP,0407020K0AAFNFN
19909311000001107,Diamorphine 130mg/5ml oral solution,19909311000001107,AMP,0407020K0AAFNFN
39709111000001101,Diamorphine hydrochloride powder,39709111000001101,VMP,0407020K0AAFPFP
4304511000001109,Diamorphine hydrochloride powder,4304511000001109,AMP,0407020K0AAFPFP
10834311000001109,Diamorphine hydrochloride powder,10834311000001109,AMP,0407020K0AAFPFP
4307011000001109,Diamorphine hydrochloride powder,4307011000001109,AMP,0407020K0AAFPFP
19740511000001107,Diamorphine hydrochloride powder,19740511000001107,AMP,0407020K0AAFPFP
4306111000001107,Diamorphine hydrochloride powder,4306111000001107,AMP,0407020K0AAFPFP
15105811000001106,Diamorphine hydrochloride powder,15105811000001106,AMP,0407020K0AAFPFP
37514111000001109,Diamorphine hydrochloride powder,37514111000001109,AMP,0407020K0AAFPFP
4306811000001100,Diamorphine hydrochloride powder,4306811000001100,AMP,0407020K0AAFPFP
42477011000001103,Diamorphine 500mg oral powder sachets,42477011000001103,VMP,0407020K0AAFQFQ
42447811000001108,Diamorphine 500mg oral powder sachets,42447811000001108,AMP,0407020K0AAFQFQ
39718711000001107,Meptazinol 100mg/1ml solution for injection ampoules,39718711000001107,VMP,0407020L0AAAAAA
39700411000001101,Meptazinol 200mg tablets,39700411000001101,VMP,0407020L0AAABAB
234611000001101,Meptid 200mg tablets,234611000001101,AMP,0407020L0BBAAAB
171011000001105,Meptid 100mg/1ml solution for injection ampoules,171011000001105,AMP,0407020L0BBABAA
12299211000001109,Methadone 100mg impregnated cigarettes,12299211000001109,VMP,0407020M0AAA2A2
12240411000001106,Methadone 100mg impregnated cigarettes,12240411000001106,AMP,0407020M0AAA2A2
36121011000001105,Methadone 20mg/2ml solution for injection ampoules,36121011000001105,VMP,0407020M0AAA3A3
491111000001101,Methadone 20mg/2ml solution for injection ampoules,491111000001101,AMP,0407020M0AAA3A3
928511000001106,Methadone 20mg/2ml solution for injection ampoules,928511000001106,AMP,0407020M0AAA3A3
54711000001100,Methadone 20mg/2ml solution for injection ampoules,54711000001100,AMP,0407020M0AAA3A3
4831911000001105,Methadone 20mg/2ml solution for injection ampoules,4831911000001105,AMP,0407020M0AAA3A3
331911000001102,Methadone 20mg/2ml solution for injection ampoules,331911000001102,AMP,0407020M0AAA3A3
170111000001100,Methadone 20mg/2ml solution for injection ampoules,170111000001100,AMP,0407020M0AAA3A3
5709011000001107,Methadone 50mg/2ml solution for injection ampoules,5709011000001107,VMP,0407020M0AAA6A6
12389611000001101,Methadone 20mg/1ml solution for injection ampoules,12389611000001101,VMP,0407020M0AAA8A8
12317611000001109,Methadone 20mg/1ml solution for injection ampoules,12317611000001109,AMP,0407020M0AAA8A8
12389711000001105,Methadone 30mg suppositories,12389711000001105,VMP,0407020M0AAA9A9
12319911000001105,Methadone 30mg suppositories,12319911000001105,AMP,0407020M0AAA9A9
5709211000001102,Methadone 50mg/1ml solution for injection ampoules,5709211000001102,VMP,0407020M0AAACAC
5866211000001105,Methadone 50mg/1ml solution for injection ampoules,5866211000001105,AMP,0407020M0AAACAC
5643311000001106,Methadone 50mg/1ml solution for injection ampoules,5643311000001106,AMP,0407020M0AAACAC
22605411000001109,Methadone 50mg/1ml solution for injection ampoules,22605411000001109,AMP,0407020M0AAACAC
24119211000001104,Methadone 50mg/1ml solution for injection ampoules,24119211000001104,AMP,0407020M0AAACAC
19739811000001100,Methadone 50mg/1ml solution for injection ampoules,19739811000001100,AMP,0407020M0AAACAC
42412711000001105,Methadone 50mg/1ml solution for injection ampoules,42412711000001105,AMP,0407020M0AAACAC
24570811000001107,Methadone 50mg/1ml solution for injection ampoules,24570811000001107,AMP,0407020M0AAACAC
22158111000001104,Methadone 50mg/1ml solution for injection ampoules,22158111000001104,AMP,0407020M0AAACAC
14204211000001100,Methadone 100mg suppositories,14204211000001100,VMP,0407020M0AAADAD
14189911000001106,Methadone 100mg suppositories,14189911000001106,AMP,0407020M0AAADAD
42385311000001106,Methadone 5mg tablets,42385311000001106,VMP,0407020M0AAAEAE
39815511000001107,Methadone 5mg tablets,39815511000001107,AMP,0407020M0AAAEAE
39611611000001102,Methadone 5mg tablets,39611611000001102,AMP,0407020M0AAAEAE
42641811000001104,Methadone 5mg tablets,42641811000001104,AMP,0407020M0AAAEAE
39574111000001107,Methadone 5mg tablets,39574111000001107,AMP,0407020M0AAAEAE
4317311000001105,Methadone hydrochloride powder,4317311000001105,VMP,0407020M0AAAFAF
4298611000001107,Methadone hydrochloride powder,4298611000001107,AMP,0407020M0AAAFAF
4300311000001106,Methadone hydrochloride powder,4300311000001106,AMP,0407020M0AAAFAF
4299411000001101,Methadone hydrochloride powder,4299411000001101,AMP,0407020M0AAAFAF
4299111000001106,Methadone hydrochloride powder,4299111000001106,AMP,0407020M0AAAFAF
4299811000001104,Methadone hydrochloride powder,4299811000001104,AMP,0407020M0AAAFAF
12390011000001104,Methadone 40mg impregnated cigarettes,12390011000001104,VMP,0407020M0AAAGAG
12319311000001109,Methadone 40mg impregnated cigarettes,12319311000001109,AMP,0407020M0AAAGAG
12299911000001100,Methadone 30mg impregnated cigarettes,12299911000001100,VMP,0407020M0AAAJAJ
12239611000001102,Methadone 30mg impregnated cigarettes,12239611000001102,AMP,0407020M0AAAJAJ
12389411000001104,Methadone 10mg capsules,12389411000001104,VMP,0407020M0AAAKAK
12316811000001106,Methadone 10mg capsules,12316811000001106,AMP,0407020M0AAAKAK
36032811000001103,Methadone 50mg/5ml solution for injection ampoules,36032811000001103,VMP,0407020M0AAANAN
889811000001104,Methadone 50mg/5ml solution for injection ampoules,889811000001104,AMP,0407020M0AAANAN
844611000001106,Methadone 50mg/5ml solution for injection ampoules,844611000001106,AMP,0407020M0AAANAN
448311000001101,Methadone 50mg/5ml solution for injection ampoules,448311000001101,AMP,0407020M0AAANAN
4832411000001107,Methadone 50mg/5ml solution for injection ampoules,4832411000001107,AMP,0407020M0AAANAN
600111000001108,Methadone 50mg/5ml solution for injection ampoules,600111000001108,AMP,0407020M0AAANAN
426311000001102,Methadone 50mg/5ml solution for injection ampoules,426311000001102,AMP,0407020M0AAANAN
36123211000001101,Methadone 35mg/3.5ml solution for injection ampoules,36123211000001101,VMP,0407020M0AAATAT
467511000001101,Methadone 35mg/3.5ml solution for injection ampoules,467511000001101,AMP,0407020M0AAATAT
699611000001108,Methadone 35mg/3.5ml solution for injection ampoules,699611000001108,AMP,0407020M0AAATAT
643211000001104,Methadone 35mg/3.5ml solution for injection ampoules,643211000001104,AMP,0407020M0AAATAT
4832211000001108,Methadone 35mg/3.5ml solution for injection ampoules,4832211000001108,AMP,0407020M0AAATAT
679311000001106,Methadone 35mg/3.5ml solution for injection ampoules,679311000001106,AMP,0407020M0AAATAT
537511000001101,Methadone 35mg/3.5ml solution for injection ampoules,537511000001101,AMP,0407020M0AAATAT
36120511000001109,Methadone 10mg/1ml solution for injection ampoules,36120511000001109,VMP,0407020M0AAAVAV
87611000001109,Methadone 10mg/1ml solution for injection ampoules,87611000001109,AMP,0407020M0AAAVAV
325411000001105,Methadone 10mg/1ml solution for injection ampoules,325411000001105,AMP,0407020M0AAAVAV
879011000001102,Methadone 10mg/1ml solution for injection ampoules,879011000001102,AMP,0407020M0AAAVAV
4831411000001102,Methadone 10mg/1ml solution for injection ampoules,4831411000001102,AMP,0407020M0AAAVAV
852411000001103,Methadone 10mg/1ml solution for injection ampoules,852411000001103,AMP,0407020M0AAAVAV
12300011000001101,Methadone 35mg/1ml solution for injection ampoules,12300011000001101,VMP,0407020M0AAAWAW
12243511000001104,Methadone 35mg/1ml solution for injection ampoules,12243511000001104,AMP,0407020M0AAAWAW
12300311000001103,Methadone 60mg impregnated cigarettes,12300311000001103,VMP,0407020M0AAAXAX
12239211000001104,Methadone 60mg impregnated cigarettes,12239211000001104,AMP,0407020M0AAAXAX
12300111000001100,Methadone 35mg/2ml solution for injection ampoules,12300111000001100,VMP,0407020M0AABHBH
12243111000001108,Methadone 35mg/2ml solution for injection ampoules,12243111000001108,AMP,0407020M0AABHBH
12299811000001105,Methadone 30mg capsules,12299811000001105,VMP,0407020M0AABIBI
12245011000001108,Methadone 30mg capsules,12245011000001108,AMP,0407020M0AABIBI
12389811000001102,Methadone 30mg tablets,12389811000001102,VMP,0407020M0AABJBJ
12320211000001102,Methadone 30mg tablets,12320211000001102,AMP,0407020M0AABJBJ
12390111000001103,Methadone 40mg/1ml solution for injection ampoules,12390111000001103,VMP,0407020M0AABKBK
12318811000001107,Methadone 40mg/1ml solution for injection ampoules,12318811000001107,AMP,0407020M0AABKBK
12300211000001106,Methadone 50mg capsules,12300211000001106,VMP,0407020M0AABLBL
12246111000001103,Methadone 50mg capsules,12246111000001103,AMP,0407020M0AABLBL
12299111000001103,Methadone 100mg capsules,12299111000001103,VMP,0407020M0AABMBM
12245711000001105,Methadone 100mg capsules,12245711000001105,AMP,0407020M0AABMBM
12389511000001100,Methadone 15mg suppositories,12389511000001100,VMP,0407020M0AABSBS
12319611000001104,Methadone 15mg suppositories,12319611000001104,AMP,0407020M0AABSBS
12389911000001107,Methadone 40mg capsules,12389911000001107,VMP,0407020M0AABTBT
12317111000001101,Methadone 40mg capsules,12317111000001101,AMP,0407020M0AABTBT
19722711000001100,Methadone 5mg capsules,19722711000001100,VMP,0407020M0AABUBU
19710311000001108,Methadone 5mg capsules,19710311000001108,AMP,0407020M0AABUBU
29732211000001108,Methadone 50mg tablets,29732211000001108,VMP,0407020M0AABVBV
29729511000001100,Methadone 50mg tablets,29729511000001100,AMP,0407020M0AABVBV
462111000001108,Physeptone 5mg tablets,462111000001108,AMP,0407020M0BBAAAE
754611000001105,Physeptone 10mg/1ml solution for injection ampoules,754611000001105,AMP,0407020M0BBABAV
541911000001104,Physeptone 20mg/2ml solution for injection ampoules,541911000001104,AMP,0407020M0BBACA3
642511000001108,Physeptone 35mg/3.5ml solution for injection ampoules,642511000001108,AMP,0407020M0BBADAT
444411000001104,Physeptone 50mg/5ml solution for injection ampoules,444411000001104,AMP,0407020M0BBAEAN
8449111000001100,Physeptone 50mg/2ml solution for injection ampoules,8449111000001100,AMP,0407020M0BBAHA6
8450011000001106,Physeptone 50mg/1ml solution for injection ampoules,8450011000001106,AMP,0407020M0BBAIAC
7664111000001101,Synastone 10mg/1ml solution for injection ampoules,7664111000001101,AMP,0407020M0BCAAAV
5643711000001105,Synastone 50mg/1ml solution for injection ampoules,5643711000001105,AMP,0407020M0BCABAC
5645711000001106,Synastone 50mg/2ml solution for injection ampoules,5645711000001106,AMP,0407020M0BCACA6
20093911000001101,Synastone 50mg/5ml solution for injection ampoules,20093911000001101,AMP,0407020M0BCADAN
42015111000001108,Morphine hydrochloride 15mg suppositories,42015111000001108,VMP,0407020P0AAABAB
4958711000001107,Morphine hydrochloride 15mg suppositories,4958711000001107,AMP,0407020P0AAABAB
42015211000001102,Morphine hydrochloride 30mg suppositories,42015211000001102,VMP,0407020P0AAACAC
12321611000001105,Morphine hydrochloride 30mg suppositories,12321611000001105,AMP,0407020P0AAACAC
36128011000001104,Morphine hydrochloride powder,36128011000001104,VMP,0407020P0AAADAD
4301011000001104,Morphine hydrochloride powder,4301011000001104,AMP,0407020P0AAADAD
4302111000001108,Morphine hydrochloride powder,4302111000001108,AMP,0407020P0AAADAD
4301411000001108,Morphine hydrochloride powder,4301411000001108,AMP,0407020P0AAADAD
15233911000001108,Morphine hydrochloride powder,15233911000001108,AMP,0407020P0AAADAD
4301711000001102,Morphine hydrochloride powder,4301711000001102,AMP,0407020P0AAADAD
36127911000001101,Morphine and Cocaine elixir,36127911000001101,VMP,0407020P0AAAIAI
8183911000001105,Morphine and Cocaine elixir,8183911000001105,AMP,0407020P0AAAIAI
11420211000001107,Morphine and Cocaine elixir,11420211000001107,AMP,0407020P0AAAIAI
12141011000001109,Morphine hydrochloride 50mg/5ml oral solution,12141011000001109,VMP,0407020P0AAANAN
12132111000001104,Morphine hydrochloride 50mg/5ml oral solution,12132111000001104,AMP,0407020P0AAANAN
12140611000001107,Morphine hydrochloride 100mg/5ml oral solution,12140611000001107,VMP,0407020P0AAAPAP
12130711000001102,Morphine hydrochloride 100mg/5ml oral solution,12130711000001102,AMP,0407020P0AAAPAP
12390511000001107,Morphine hydrochloride 10mg suppositories,12390511000001107,VMP,0407020P0AAAQAQ
12321111000001102,Morphine hydrochloride 10mg suppositories,12321111000001102,AMP,0407020P0AAAQAQ
12141111000001105,Morphine hydrochloride 5mg/5ml oral solution,12141111000001105,VMP,0407020P0AAARAR
12132411000001109,Morphine hydrochloride 5mg/5ml oral solution,12132411000001109,AMP,0407020P0AAARAR
12140711000001103,Morphine hydrochloride 10mg/5ml oral solution,12140711000001103,VMP,0407020P0AAASAS
12131111000001109,Morphine hydrochloride 10mg/5ml oral solution,12131111000001109,AMP,0407020P0AAASAS
12140911000001101,Morphine hydrochloride 25mg/5ml oral solution,12140911000001101,VMP,0407020P0AAATAT
12131711000001105,Morphine hydrochloride 25mg/5ml oral solution,12131711000001105,AMP,0407020P0AAATAT
12140511000001108,Morphine hydrochloride 1.5mg/5ml oral solution,12140511000001108,VMP,0407020P0AAAWAW
12130311000001101,Morphine hydrochloride 1.5mg/5ml oral solution,12130311000001101,AMP,0407020P0AAAWAW
12140811000001106,Morphine hydrochloride 15mg/5ml oral solution,12140811000001106,VMP,0407020P0AAAXAX
12131411000001104,Morphine hydrochloride 15mg/5ml oral solution,12131411000001104,AMP,0407020P0AAAXAX
20146311000001106,Morphine hydrochloride 20mg/5ml oral solution,20146311000001106,VMP,0407020P0AAAYAY
20135111000001104,Morphine hydrochloride 20mg/5ml oral solution,20135111000001104,AMP,0407020P0AAAYAY
21579211000001106,Morphine hydrochloride 10mg/10ml solution for injection pre-filled syringes,21579211000001106,VMP,0407020P0AAAZAZ
21542411000001100,Morphine hydrochloride 10mg/10ml solution for injection pre-filled syringes,21542411000001100,AMP,0407020P0AAAZAZ
21579511000001109,Morphine hydrochloride 50mg/50ml solution for infusion pre-filled syringes,21579511000001109,VMP,0407020P0AABABA
21543011000001100,Morphine hydrochloride 50mg/50ml solution for infusion pre-filled syringes,21543011000001100,AMP,0407020P0AABABA
21579411000001105,Morphine hydrochloride 1mg/1ml solution for injection ampoules,21579411000001105,VMP,0407020P0AABBBB
21559111000001103,Morphine hydrochloride 1mg/1ml solution for injection ampoules,21559111000001103,AMP,0407020P0AABBBB
21579711000001104,Morphine hydrochloride 5mg/5ml solution for injection ampoules,21579711000001104,VMP,0407020P0AABCBC
21559911000001100,Morphine hydrochloride 5mg/5ml solution for injection ampoules,21559911000001100,AMP,0407020P0AABCBC
12391711000001105,Morphine sulfate 5mg/1ml solution for injection ampoules,12391711000001105,VMP,0407020Q0AAA2A2
12335511000001107,Morphine sulfate 5mg/1ml solution for injection ampoules,12335511000001107,AMP,0407020Q0AAA2A2
12391311000001106,Morphine sulfate 2mg/5ml solution for injection ampoules,12391311000001106,VMP,0407020Q0AAA3A3
12333211000001105,Morphine sulfate 2mg/5ml solution for injection ampoules,12333211000001105,AMP,0407020Q0AAA3A3
22401911000001100,Morphine sulfate 1mg/1ml solution for injection ampoules,22401911000001100,VMP,0407020Q0AAA4A4
22402211000001102,Morphine sulfate 1mg/1ml solution for injection ampoules,22402211000001102,AMP,0407020Q0AAA4A4
30947711000001109,Morphine sulfate 1mg/1ml solution for injection ampoules,30947711000001109,AMP,0407020Q0AAA4A4
12391411000001104,Morphine sulfate 4mg/10ml solution for injection ampoules,12391411000001104,VMP,0407020Q0AAA5A5
12333611000001107,Morphine sulfate 4mg/10ml solution for injection ampoules,12333611000001107,AMP,0407020Q0AAA5A5
36128611000001106,Morphine sulfate 20mg/ml oral solution sugar free,36128611000001106,VMP,0407020Q0AAA6A6
45566911000001103,Morphine sulfate 20mg/ml oral solution sugar free,45566911000001103,AMP,0407020Q0AAA6A6
12391611000001101,Morphine sulfate 5mg/10ml solution for injection ampoules,12391611000001101,VMP,0407020Q0AAA8A8
12334711000001101,Morphine sulfate 5mg/10ml solution for injection ampoules,12334711000001101,AMP,0407020Q0AAA8A8
12391211000001103,Morphine sulfate 2mg/10ml solution for injection ampoules,12391211000001103,VMP,0407020Q0AAAAAA
12332111000001105,Morphine sulfate 2mg/10ml solution for injection ampoules,12332111000001105,AMP,0407020Q0AAAAAA
36128211000001109,Morphine sulfate 10mg/1ml solution for injection ampoules,36128211000001109,VMP,0407020Q0AAABAB
4382711000001105,Morphine sulfate 10mg/1ml solution for injection ampoules,4382711000001105,AMP,0407020Q0AAABAB
39146711000001105,Morphine sulfate 10mg/1ml solution for injection ampoules,39146711000001105,AMP,0407020Q0AAABAB
4383611000001106,Morphine sulfate 10mg/1ml solution for injection ampoules,4383611000001106,AMP,0407020Q0AAABAB
24403511000001100,Morphine sulfate 10mg/1ml solution for injection ampoules,24403511000001100,AMP,0407020Q0AAABAB
40838611000001106,Morphine sulfate 10mg/1ml solution for injection ampoules,40838611000001106,AMP,0407020Q0AAABAB
4383411000001108,Morphine sulfate 10mg/1ml solution for injection ampoules,4383411000001108,AMP,0407020Q0AAABAB
4383011000001104,Morphine sulfate 10mg/1ml solution for injection ampoules,4383011000001104,AMP,0407020Q0AAABAB
4383211000001109,Morphine sulfate 10mg/1ml solution for injection ampoules,4383211000001109,AMP,0407020Q0AAABAB
10678011000001108,Morphine sulfate 10mg/1ml solution for injection ampoules,10678011000001108,AMP,0407020Q0AAABAB
38895511000001108,Morphine sulfate 15mg/1ml solution for injection ampoules,38895511000001108,VMP,0407020Q0AAACAC
4045011000001105,Morphine sulfate 15mg/1ml solution for injection ampoules,4045011000001105,AMP,0407020Q0AAACAC
39146511000001100,Morphine sulfate 15mg/1ml solution for injection ampoules,39146511000001100,AMP,0407020Q0AAACAC
4047511000001106,Morphine sulfate 15mg/1ml solution for injection ampoules,4047511000001106,AMP,0407020Q0AAACAC
40839011000001109,Morphine sulfate 15mg/1ml solution for injection ampoules,40839011000001109,AMP,0407020Q0AAACAC
4047011000001103,Morphine sulfate 15mg/1ml solution for injection ampoules,4047011000001103,AMP,0407020Q0AAACAC
4046311000001103,Morphine sulfate 15mg/1ml solution for injection ampoules,4046311000001103,AMP,0407020Q0AAACAC
4046711000001104,Morphine sulfate 15mg/1ml solution for injection ampoules,4046711000001104,AMP,0407020Q0AAACAC
36128711000001102,Morphine sulfate 30mg/1ml solution for injection ampoules,36128711000001102,VMP,0407020Q0AAADAD
4048411000001106,Morphine sulfate 30mg/1ml solution for injection ampoules,4048411000001106,AMP,0407020Q0AAADAD
39146811000001102,Morphine sulfate 30mg/1ml solution for injection ampoules,39146811000001102,AMP,0407020Q0AAADAD
4049611000001100,Morphine sulfate 30mg/1ml solution for injection ampoules,4049611000001100,AMP,0407020Q0AAADAD
24403711000001105,Morphine sulfate 30mg/1ml solution for injection ampoules,24403711000001105,AMP,0407020Q0AAADAD
40839211000001104,Morphine sulfate 30mg/1ml solution for injection ampoules,40839211000001104,AMP,0407020Q0AAADAD
4049411000001103,Morphine sulfate 30mg/1ml solution for injection ampoules,4049411000001103,AMP,0407020Q0AAADAD
4048911000001103,Morphine sulfate 30mg/1ml solution for injection ampoules,4048911000001103,AMP,0407020Q0AAADAD
4049211000001102,Morphine sulfate 30mg/1ml solution for injection ampoules,4049211000001102,AMP,0407020Q0AAADAD
12391011000001108,Morphine sulfate 2.5mg/5ml solution for injection ampoules,12391011000001108,VMP,0407020Q0AAAEAE
12329811000001105,Morphine sulfate 2.5mg/5ml solution for injection ampoules,12329811000001105,AMP,0407020Q0AAAEAE
36128511000001107,Morphine sulfate 20mg/1ml solution for injection ampoules,36128511000001107,VMP,0407020Q0AAAFAF
4478411000001100,Morphine sulfate 20mg/1ml solution for injection ampoules,4478411000001100,AMP,0407020Q0AAAFAF
8436411000001104,Morphine sulfate 20mg/1ml solution for injection ampoules,8436411000001104,AMP,0407020Q0AAAFAF
4478911000001108,Morphine sulfate 20mg/1ml solution for injection ampoules,4478911000001108,AMP,0407020Q0AAAFAF
36127011000001100,Morphine 200mg modified-release tablets,36127011000001100,VMP,0407020Q0AAAGAG
16653411000001104,Morphine 200mg modified-release tablets,16653411000001104,AMP,0407020Q0AAAGAG
36126211000001108,Morphine 100mg modified-release tablets,36126211000001108,VMP,0407020Q0AAAHAH
36127711000001103,Morphine 60mg modified-release tablets,36127711000001103,VMP,0407020Q0AAAIAI
36126511000001106,Morphine 10mg modified-release tablets,36126511000001106,VMP,0407020Q0AAAKAK
36127311000001102,Morphine 30mg modified-release tablets,36127311000001102,VMP,0407020Q0AAALAL
36128911000001100,Morphine sulfate 60mg/2ml solution for injection ampoules,36128911000001100,VMP,0407020Q0AAAMAM
4476211000001100,Morphine sulfate 60mg/2ml solution for injection ampoules,4476211000001100,AMP,0407020Q0AAAMAM
21507711000001104,Morphine sulfate 60mg/2ml solution for injection ampoules,21507711000001104,AMP,0407020Q0AAAMAM
4477511000001100,Morphine sulfate 60mg/2ml solution for injection ampoules,4477511000001100,AMP,0407020Q0AAAMAM
4476511000001102,Morphine sulfate 60mg/2ml solution for injection ampoules,4476511000001102,AMP,0407020Q0AAAMAM
4477011000001108,Morphine sulfate 60mg/2ml solution for injection ampoules,4477011000001108,AMP,0407020Q0AAAMAM
36129111000001105,Morphine sulfate powder,36129111000001105,VMP,0407020Q0AAANAN
4294711000001106,Morphine sulfate powder,4294711000001106,AMP,0407020Q0AAANAN
4297211000001106,Morphine sulfate powder,4297211000001106,AMP,0407020Q0AAANAN
4295911000001107,Morphine sulfate powder,4295911000001107,AMP,0407020Q0AAANAN
15235111000001106,Morphine sulfate powder,15235111000001106,AMP,0407020Q0AAANAN
4296511000001107,Morphine sulfate powder,4296511000001107,AMP,0407020Q0AAANAN
12390811000001105,Morphine sulfate 10mg/2ml solution for injection ampoules,12390811000001105,VMP,0407020Q0AABCBC
12329211000001109,Morphine sulfate 10mg/2ml solution for injection ampoules,12329211000001109,AMP,0407020Q0AABCBC
42015711000001109,Morphine sulfate 5mg suppositories,42015711000001109,VMP,0407020Q0AABJBJ
12338511000001104,Morphine sulfate 5mg suppositories,12338511000001104,AMP,0407020Q0AABJBJ
12391911000001107,Morphine sulfate 60mg suppositories,12391911000001107,VMP,0407020Q0AABNBN
12338811000001101,Morphine sulfate 60mg suppositories,12338811000001101,AMP,0407020Q0AABNBN
12390611000001106,Morphine sulfate 100mg suppositories,12390611000001106,VMP,0407020Q0AABPBP
12337011000001106,Morphine sulfate 100mg suppositories,12337011000001106,AMP,0407020Q0AABPBP
12391511000001100,Morphine sulfate 50mg suppositories,12391511000001100,VMP,0407020Q0AABVBV
12338111000001108,Morphine sulfate 50mg suppositories,12338111000001108,AMP,0407020Q0AABVBV
42014811000001102,Morphine 10mg tablets,42014811000001102,VMP,0407020Q0AACDCD
42014911000001107,Morphine 20mg tablets,42014911000001107,VMP,0407020Q0AACECE
36126811000001109,Morphine 15mg modified-release tablets,36126811000001109,VMP,0407020Q0AACFCF
36127511000001108,Morphine 5mg modified-release tablets,36127511000001108,VMP,0407020Q0AACGCG
36128311000001101,Morphine sulfate 10mg/5ml oral solution,36128311000001101,VMP,0407020Q0AACNCN
3163111000001105,Morphine sulfate 10mg/5ml oral solution,3163111000001105,AMP,0407020Q0AACNCN
21665611000001105,Morphine sulfate 10mg/5ml oral solution,21665611000001105,AMP,0407020Q0AACNCN
9762411000001102,Morphine sulfate 10mg/5ml oral solution,9762411000001102,AMP,0407020Q0AACNCN
24404111000001106,Morphine sulfate 10mg/5ml oral solution,24404111000001106,AMP,0407020Q0AACNCN
32424011000001108,Morphine sulfate 10mg/5ml oral solution,32424011000001108,AMP,0407020Q0AACNCN
3164911000001105,Morphine sulfate 10mg/5ml oral solution,3164911000001105,AMP,0407020Q0AACNCN
18046511000001109,Morphine sulfate 10mg/5ml oral solution,18046511000001109,AMP,0407020Q0AACNCN
39051211000001102,Morphine sulfate 10mg/5ml oral solution,39051211000001102,AMP,0407020Q0AACNCN
29927111000001108,Morphine sulfate 10mg/5ml oral solution,29927111000001108,AMP,0407020Q0AACNCN
33054811000001102,Morphine sulfate 10mg/5ml oral solution,33054811000001102,AMP,0407020Q0AACNCN
4389511000001109,Morphine 30mg modified-release granules sachets sugar free,4389511000001109,VMP,0407020Q0AACPCP
42015311000001105,Morphine sulfate 10mg suppositories,42015311000001105,VMP,0407020Q0AACQCQ
4036011000001100,Morphine sulfate 10mg suppositories,4036011000001100,AMP,0407020Q0AACQCQ
4036711000001103,Morphine sulfate 10mg suppositories,4036711000001103,AMP,0407020Q0AACQCQ
4036211000001105,Morphine sulfate 10mg suppositories,4036211000001105,AMP,0407020Q0AACQCQ
42015511000001104,Morphine sulfate 20mg suppositories,42015511000001104,VMP,0407020Q0AACRCR
4526211000001106,Morphine sulfate 20mg suppositories,4526211000001106,AMP,0407020Q0AACRCR
9762811000001100,Morphine sulfate 20mg suppositories,9762811000001100,AMP,0407020Q0AACRCR
4526611000001108,Morphine sulfate 20mg suppositories,4526611000001108,AMP,0407020Q0AACRCR
19947711000001107,Morphine sulfate 20mg suppositories,19947711000001107,AMP,0407020Q0AACRCR
3631511000001107,Morphine sulfate 30mg/5ml oral solution unit dose vials sugar free,3631511000001107,VMP,0407020Q0AACTCT
3631411000001108,Morphine sulfate 100mg/5ml oral solution unit dose vials sugar free,3631411000001108,VMP,0407020Q0AACUCU
4389411000001105,Morphine 20mg modified-release granules sachets sugar free,4389411000001105,VMP,0407020Q0AACVCV
4110911000001104,Morphine 60mg modified-release granules sachets sugar free,4110911000001104,VMP,0407020Q0AADCDC
4110711000001101,Morphine 100mg modified-release granules sachets sugar free,4110711000001101,VMP,0407020Q0AADDDD
4110811000001109,Morphine 200mg modified-release granules sachets sugar free,4110811000001109,VMP,0407020Q0AADEDE
12391111000001109,Morphine sulfate 20mg/2ml solution for injection ampoules,12391111000001109,VMP,0407020Q0AADIDI
12332811000001103,Morphine sulfate 20mg/2ml solution for injection ampoules,12332811000001103,AMP,0407020Q0AADIDI
12144511000001104,Morphine sulfate 50mg/5ml oral solution,12144511000001104,VMP,0407020Q0AADKDK
12144311000001105,Morphine sulfate 50mg/5ml oral solution,12144311000001105,AMP,0407020Q0AADKDK
12143711000001107,Morphine sulfate 5mg/5ml oral solution,12143711000001107,VMP,0407020Q0AADNDN
12143511000001102,Morphine sulfate 5mg/5ml oral solution,12143511000001102,AMP,0407020Q0AADNDN
42015011000001107,Morphine 50mg tablets,42015011000001107,VMP,0407020Q0AADRDR
12390311000001101,Morphine 30mg capsules,12390311000001101,VMP,0407020Q0AADSDS
12323311000001104,Morphine 30mg capsules,12323311000001104,AMP,0407020Q0AADSDS
12390411000001108,Morphine 60mg capsules,12390411000001108,VMP,0407020Q0AADTDT
12324111000001104,Morphine 60mg capsules,12324111000001104,AMP,0407020Q0AADTDT
36127811000001106,Morphine 90mg modified-release capsules,36127811000001106,VMP,0407020Q0AADUDU
36126611000001105,Morphine 120mg modified-release capsules,36126611000001105,VMP,0407020Q0AADVDV
36126711000001101,Morphine 150mg modified-release capsules,36126711000001101,VMP,0407020Q0AADWDW
12390211000001109,Morphine 200mg capsules,12390211000001109,VMP,0407020Q0AADXDX
12322711000001108,Morphine 200mg capsules,12322711000001108,AMP,0407020Q0AADXDX
12212211000001102,Morphine sulfate 20mg/5ml oral solution,12212211000001102,VMP,0407020Q0AADYDY
12201611000001108,Morphine sulfate 20mg/5ml oral solution,12201611000001108,AMP,0407020Q0AADYDY
36127111000001104,Morphine 20mg modified-release capsules,36127111000001104,VMP,0407020Q0AADZDZ
36127411000001109,Morphine 50mg modified-release capsules,36127411000001109,VMP,0407020Q0AAEAEA
36125811000001101,Morphine 100mg modified-release capsules,36125811000001101,VMP,0407020Q0AAEBEB
12143911000001109,Morphine sulfate 75mg/5ml oral solution,12143911000001109,VMP,0407020Q0AAECEC
12142911000001102,Morphine sulfate 75mg/5ml oral solution,12142911000001102,AMP,0407020Q0AAECEC
12390911000001100,Morphine sulfate 2.5mg suppositories,12390911000001100,VMP,0407020Q0AAEEEE
12337811000001100,Morphine sulfate 2.5mg suppositories,12337811000001100,AMP,0407020Q0AAEEEE
36126411000001107,Morphine 10mg modified-release capsules,36126411000001107,VMP,0407020Q0AAEFEF
36127211000001105,Morphine 30mg modified-release capsules,36127211000001105,VMP,0407020Q0AAEGEG
36127611000001107,Morphine 60mg modified-release capsules,36127611000001107,VMP,0407020Q0AAEHEH
36126911000001104,Morphine 200mg modified-release capsules,36126911000001104,VMP,0407020Q0AAEIEI
10189611000001103,Morphine sulfate 100mg/50ml solution for infusion vials,10189611000001103,VMP,0407020Q0AAELEL
20192011000001101,Morphine sulfate 100mg/50ml solution for infusion vials,20192011000001101,AMP,0407020Q0AAELEL
15248711000001101,Morphine sulfate 100mg/50ml solution for infusion vials,15248711000001101,AMP,0407020Q0AAELEL
10069311000001102,Morphine sulfate 100mg/50ml solution for infusion vials,10069311000001102,AMP,0407020Q0AAELEL
30823711000001107,Morphine sulfate 100mg/50ml solution for infusion vials,30823711000001107,AMP,0407020Q0AAELEL
10189711000001107,Morphine sulfate 50mg/50ml solution for infusion vials,10189711000001107,VMP,0407020Q0AAENEN
20191811000001103,Morphine sulfate 50mg/50ml solution for infusion vials,20191811000001103,AMP,0407020Q0AAENEN
10069811000001106,Morphine sulfate 50mg/50ml solution for infusion vials,10069811000001106,AMP,0407020Q0AAENEN
10069611000001107,Morphine sulfate 50mg/50ml solution for infusion vials,10069611000001107,AMP,0407020Q0AAENEN
17300411000001107,Morphine sulfate 50mg/50ml solution for infusion vials,17300411000001107,AMP,0407020Q0AAENEN
12392011000001100,Morphine sulfate 750mg suppositories,12392011000001100,VMP,0407020Q0AAEPEP
12339211000001107,Morphine sulfate 750mg suppositories,12339211000001107,AMP,0407020Q0AAEPEP
12185911000001104,Morphine sulfate 1g/5ml oral solution,12185911000001104,VMP,0407020Q0AAERER
12153411000001104,Morphine sulfate 1g/5ml oral solution,12153411000001104,AMP,0407020Q0AAERER
12143811000001104,Morphine sulfate 60mg/5ml oral solution,12143811000001104,VMP,0407020Q0AAESES
12143211000001100,Morphine sulfate 60mg/5ml oral solution,12143211000001100,AMP,0407020Q0AAESES
12186311000001105,Morphine sulfate 30mg/5ml oral solution,12186311000001105,VMP,0407020Q0AAETET
12149011000001108,Morphine sulfate 30mg/5ml oral solution,12149011000001108,AMP,0407020Q0AAETET
12144011000001107,Morphine sulfate 80mg/5ml oral solution,12144011000001107,VMP,0407020Q0AAFAFA
12142611000001108,Morphine sulfate 80mg/5ml oral solution,12142611000001108,AMP,0407020Q0AAFAFA
12186211000001102,Morphine sulfate 3.35mg/5ml oral solution,12186211000001102,VMP,0407020Q0AAFBFB
12151111000001108,Morphine sulfate 3.35mg/5ml oral solution,12151111000001108,AMP,0407020Q0AAFBFB
10075511000001100,Morphine sulfate 10mg/1ml solution for injection pre-filled syringes,10075511000001100,VMP,0407020Q0AAFCFC
10065911000001103,Morphine sulfate 10mg/1ml solution for injection pre-filled syringes,10065911000001103,AMP,0407020Q0AAFCFC
10066311000001109,Morphine sulfate 10mg/1ml solution for injection pre-filled syringes,10066311000001109,AMP,0407020Q0AAFCFC
12300511000001109,Morphine sulfate 500micrograms/5ml oral solution,12300511000001109,VMP,0407020Q0AAFDFD
12247011000001101,Morphine sulfate 500micrograms/5ml oral solution,12247011000001101,AMP,0407020Q0AAFDFD
12186511000001104,Morphine sulfate 40mg/5ml oral solution,12186511000001104,VMP,0407020Q0AAFEFE
12148011000001103,Morphine sulfate 40mg/5ml oral solution,12148011000001103,AMP,0407020Q0AAFEFE
12186111000001108,Morphine sulfate 2mg/5ml oral solution,12186111000001108,VMP,0407020Q0AAFFFF
12151411000001103,Morphine sulfate 2mg/5ml oral solution,12151411000001103,AMP,0407020Q0AAFFFF
12185811000001109,Morphine sulfate 1.5mg/5ml oral solution,12185811000001109,VMP,0407020Q0AAFGFG
12156211000001105,Morphine sulfate 1.5mg/5ml oral solution,12156211000001105,AMP,0407020Q0AAFGFG
12186011000001107,Morphine sulfate 1mg/5ml oral solution,12186011000001107,VMP,0407020Q0AAFHFH
12152411000001108,Morphine sulfate 1mg/5ml oral solution,12152411000001108,AMP,0407020Q0AAFHFH
12186411000001103,Morphine sulfate 3mg/5ml oral solution,12186411000001103,VMP,0407020Q0AAFIFI
12148311000001100,Morphine sulfate 3mg/5ml oral solution,12148311000001100,AMP,0407020Q0AAFIFI
9750511000001106,Morphine sulfate 10mg/10ml solution for injection pre-filled syringes,9750511000001106,VMP,0407020Q0AAFJFJ
44080711000001106,Morphine sulfate 10mg/10ml solution for injection pre-filled syringes,44080711000001106,AMP,0407020Q0AAFJFJ
19723011000001106,Morphine sulfate 300mg/10ml solution for injection ampoules,19723011000001106,VMP,0407020Q0AAFKFK
19710611000001103,Morphine sulfate 300mg/10ml solution for injection ampoules,19710611000001103,AMP,0407020Q0AAFKFK
17236211000001105,Morphine sulfate 30mg/30ml solution for infusion vials,17236211000001105,VMP,0407020Q0AAFPFP
17219611000001109,Morphine sulfate 30mg/30ml solution for infusion vials,17219611000001109,AMP,0407020Q0AAFPFP
17651911000001107,Morphine 2% gel,17651911000001107,VMP,0407020Q0AAFQFQ
17648211000001109,Morphine 2% gel,17648211000001109,AMP,0407020Q0AAFQFQ
18153811000001107,Morphine sulfate 100mg/100ml infusion bags,18153811000001107,VMP,0407020Q0AAFRFR
18147811000001104,Morphine sulfate 100mg/100ml infusion bags,18147811000001104,AMP,0407020Q0AAFRFR
19976311000001109,Morphine 0.1% gel,19976311000001109,VMP,0407020Q0AAFSFS
19948111000001107,Morphine 0.1% gel,19948111000001107,AMP,0407020Q0AAFSFS
20419411000001102,Morphine sulfate 100mg/50ml solution for infusion pre-filled syringes,20419411000001102,VMP,0407020Q0AAFTFT
20418211000001106,Morphine sulfate 100mg/50ml solution for infusion pre-filled syringes,20418211000001106,AMP,0407020Q0AAFTFT
21245211000001101,Morphine 0.2% gel,21245211000001101,VMP,0407020Q0AAFUFU
21223511000001104,Morphine 0.2% gel,21223511000001104,AMP,0407020Q0AAFUFU
21579811000001107,Morphine sulfate 100mg/10ml solution for injection ampoules,21579811000001107,VMP,0407020Q0AAFVFV
21555311000001103,Morphine sulfate 100mg/10ml solution for injection ampoules,21555311000001103,AMP,0407020Q0AAFVFV
21636011000001103,Morphine sulfate 50mg/5ml solution for injection ampoules,21636011000001103,VMP,0407020Q0AAFWFW
21627711000001101,Morphine sulfate 50mg/5ml solution for injection ampoules,21627711000001101,AMP,0407020Q0AAFWFW
23400911000001101,Morphine 0.1% in Intrasite gel,23400911000001101,VMP,0407020Q0AAFXFX
23374011000001108,Morphine 0.1% in Intrasite gel,23374011000001108,AMP,0407020Q0AAFXFX
24216811000001107,Morphine 0.2% in Intrasite gel,24216811000001107,VMP,0407020Q0AAFYFY
24129811000001108,Morphine 0.2% in Intrasite gel,24129811000001108,AMP,0407020Q0AAFYFY
12391811000001102,Morphine sulfate 5mg/5ml solution for injection ampoules,12391811000001102,VMP,0407020Q0AAFZFZ
12336111000001109,Morphine sulfate 5mg/5ml solution for injection ampoules,12336111000001109,AMP,0407020Q0AAFZFZ
30823211000001100,Morphine sulfate 5mg/5ml solution for injection ampoules,30823211000001100,AMP,0407020Q0AAFZFZ
21579911000001102,Morphine sulfate 10mg/10ml solution for injection ampoules,21579911000001102,VMP,0407020Q0AAGAGA
38953411000001105,Morphine sulfate 10mg/10ml solution for injection ampoules,38953411000001105,AMP,0407020Q0AAGAGA
21540711000001107,Morphine sulfate 10mg/10ml solution for injection ampoules,21540711000001107,AMP,0407020Q0AAGAGA
30823411000001101,Morphine sulfate 10mg/10ml solution for injection ampoules,30823411000001101,AMP,0407020Q0AAGAGA
30996711000001101,Morphine sulfate 10mg/10ml solution for injection ampoules,30996711000001101,AMP,0407020Q0AAGAGA
3521311000001108,Morphine sulfate 10mg/5ml oral solution unit dose vials sugar free,3521311000001108,VMP,0407020Q0AAGBGB
19796111000001108,Morphine sulfate 10mg/5ml oral solution unit dose vials sugar free,19796111000001108,AMP,0407020Q0AAGBGB
42015611000001100,Morphine sulfate 30mg suppositories,42015611000001100,VMP,0407020Q0AAGCGC
4273611000001108,Morphine sulfate 30mg suppositories,4273611000001108,AMP,0407020Q0AAGCGC
4039811000001100,Morphine sulfate 30mg suppositories,4039811000001100,AMP,0407020Q0AAGCGC
4038911000001102,Morphine sulfate 30mg suppositories,4038911000001102,AMP,0407020Q0AAGCGC
4039411000001102,Morphine sulfate 30mg suppositories,4039411000001102,AMP,0407020Q0AAGCGC
35535611000001105,Morphine sulfate 30mg suppositories,35535611000001105,AMP,0407020Q0AAGCGC
42015411000001103,Morphine sulfate 15mg suppositories,42015411000001103,VMP,0407020Q0AAGDGD
4037411000001106,Morphine sulfate 15mg suppositories,4037411000001106,AMP,0407020Q0AAGDGD
4038111000001100,Morphine sulfate 15mg suppositories,4038111000001100,AMP,0407020Q0AAGDGD
4037811000001108,Morphine sulfate 15mg suppositories,4037811000001108,AMP,0407020Q0AAGDGD
35535311000001100,Morphine sulfate 15mg suppositories,35535311000001100,AMP,0407020Q0AAGDGD
40491811000001100,Morphine 2.5mg orodispersible tablets sugar free,40491811000001100,VMP,0407020Q0AAGEGE
40491611000001104,Morphine 10mg orodispersible tablets sugar free,40491611000001104,VMP,0407020Q0AAGFGF
40491711000001108,Morphine 1mg orodispersible tablets sugar free,40491711000001108,VMP,0407020Q0AAGGGG
40491911000001105,Morphine 20mg orodispersible tablets sugar free,40491911000001105,VMP,0407020Q0AAGHGH
40492011000001103,Morphine 30mg orodispersible tablets sugar free,40492011000001103,VMP,0407020Q0AAGIGI
40492111000001102,Morphine 5mg orodispersible tablets sugar free,40492111000001102,VMP,0407020Q0AAGJGJ
3077711000001104,MST Continus 10mg tablets,3077711000001104,AMP,0407020Q0BBAAAK
3078711000001103,MST Continus 30mg tablets,3078711000001103,AMP,0407020Q0BBABAL
2883211000001103,MST Continus 60mg tablets,2883211000001103,AMP,0407020Q0BBACAI
2883611000001101,MST Continus 100mg tablets,2883611000001101,AMP,0407020Q0BBADAH
394011000001106,MST Continus 200mg tablets,394011000001106,AMP,0407020Q0BBAEAG
4379311000001107,MST Continus suspension 20mg granules sachets,4379311000001107,AMP,0407020Q0BBAFCV
4380011000001109,MST Continus suspension 30mg granules sachets,4380011000001109,AMP,0407020Q0BBAGCP
4088311000001108,MST Continus suspension 60mg granules sachets,4088311000001108,AMP,0407020Q0BBAHDC
4088611000001103,MST Continus suspension 100mg granules sachets,4088611000001103,AMP,0407020Q0BBAIDD
4089211000001105,MST Continus suspension 200mg granules sachets,4089211000001105,AMP,0407020Q0BBAJDE
922411000001105,MST Continus 5mg tablets,922411000001105,AMP,0407020Q0BBAKCG
272811000001105,MST Continus 15mg tablets,272811000001105,AMP,0407020Q0BBALCF
3453511000001105,Oramorph 20mg/ml concentrated oral solution,3453511000001105,AMP,0407020Q0BCABA6
3164311000001109,Oramorph 10mg/5ml oral solution,3164311000001109,AMP,0407020Q0BCAGCN
3331611000001103,Oramorph 10mg/5ml oral solution unit dose vials,3331611000001103,AMP,0407020Q0BCAHGB
3609711000001109,Oramorph 30mg/5ml oral solution unit dose vials,3609711000001109,AMP,0407020Q0BCAICT
3608411000001106,Oramorph 100mg/5ml oral solution unit dose vials,3608411000001106,AMP,0407020Q0BCAJCU
9748311000001100,Morphine sulfate 10mg/10ml solution for injection Minijet pre-filled syringes,9748311000001100,AMP,0407020Q0BEABFJ
2898611000001107,Sevredol 10mg tablets,2898611000001107,AMP,0407020Q0BHACCD
3077311000001103,Sevredol 20mg tablets,3077311000001103,AMP,0407020Q0BHADCE
3079311000001108,Sevredol 50mg tablets,3079311000001108,AMP,0407020Q0BHAFDR
3164111000001107,Sevredol 10mg/5ml oral solution,3164111000001107,AMP,0407020Q0BHAGCN
3451411000001107,Sevredol 20mg/ml concentrated oral solution,3451411000001107,AMP,0407020Q0BHAHA6
3651811000001106,MXL 30mg capsules,3651811000001106,AMP,0407020Q0BIAAEG
3778211000001107,MXL 60mg capsules,3778211000001107,AMP,0407020Q0BIABEH
3882611000001101,MXL 90mg capsules,3882611000001101,AMP,0407020Q0BIACDU
3883211000001109,MXL 120mg capsules,3883211000001109,AMP,0407020Q0BIADDV
3882911000001107,MXL 150mg capsules,3882911000001107,AMP,0407020Q0BIAEDW
4388011000001106,MXL 200mg capsules,4388011000001106,AMP,0407020Q0BIAFEI
3881711000001103,Morcap SR 20mg capsules,3881711000001103,AMP,0407020Q0BJAADZ
4035011000001109,Morcap SR 50mg capsules,4035011000001109,AMP,0407020Q0BJABEA
3882211000001103,Morcap SR 100mg capsules,3882211000001103,AMP,0407020Q0BJACEB
3652111000001109,Zomorph 10mg modified-release capsules,3652111000001109,AMP,0407020Q0BKAAEF
3651611000001107,Zomorph 30mg modified-release capsules,3651611000001107,AMP,0407020Q0BKABEG
3778011000001102,Zomorph 60mg modified-release capsules,3778011000001102,AMP,0407020Q0BKACEH
3881611000001107,Zomorph 100mg modified-release capsules,3881611000001107,AMP,0407020Q0BKADEB
4035511000001101,Zomorph 200mg modified-release capsules,4035511000001101,AMP,0407020Q0BKAEEI
3075211000001103,Filnarine SR 10mg tablets,3075211000001103,AMP,0407020Q0BMAAAK
3078911000001101,Filnarine SR 30mg tablets,3078911000001101,AMP,0407020Q0BMABAL
93411000001103,Filnarine SR 60mg tablets,93411000001103,AMP,0407020Q0BMACAI
219511000001108,Filnarine SR 100mg tablets,219511000001108,AMP,0407020Q0BMADAH
14930611000001104,Filnarine SR 200mg tablets,14930611000001104,AMP,0407020Q0BMAEAG
4525911000001109,Morphgesic SR 10mg tablets,4525911000001109,AMP,0407020Q0BNAAAK
4526811000001107,Morphgesic SR 30mg tablets,4526811000001107,AMP,0407020Q0BNABAL
4527211000001108,Morphgesic SR 60mg tablets,4527211000001108,AMP,0407020Q0BNACAI
4527911000001104,Morphgesic SR 100mg tablets,4527911000001104,AMP,0407020Q0BNADAH
4526311000001103,Rhotard Morphine SR 10mg tablets,4526311000001103,AMP,0407020Q0BPAAAK
4527011000001103,Rhotard Morphine SR 30mg tablets,4527011000001103,AMP,0407020Q0BPABAL
4527411000001107,Rhotard Morphine SR 60mg tablets,4527411000001107,AMP,0407020Q0BPACAI
4528311000001104,Rhotard Morphine SR 100mg tablets,4528311000001104,AMP,0407020Q0BPADAH
40471711000001100,Actimorph 2.5mg orodispersible tablets,40471711000001100,AMP,0407020Q0BQAAGE
40476111000001105,Actimorph 10mg orodispersible tablets,40476111000001105,AMP,0407020Q0BQABGF
40467911000001100,Actimorph 1mg orodispersible tablets,40467911000001100,AMP,0407020Q0BQACGG
40477011000001107,Actimorph 20mg orodispersible tablets,40477011000001107,AMP,0407020Q0BQADGH
40469911000001107,Actimorph 30mg orodispersible tablets,40469911000001107,AMP,0407020Q0BQAEGI
40479711000001101,Actimorph 5mg orodispersible tablets,40479711000001101,AMP,0407020Q0BQAFGJ
42016311000001100,Pentazocine 50mg capsules,42016311000001100,VMP,0407020T0AAAAAA
3794211000001106,Pentazocine 50mg capsules,3794211000001106,AMP,0407020T0AAAAAA
3794711000001104,Pentazocine 50mg capsules,3794711000001104,AMP,0407020T0AAAAAA
3796011000001106,Pentazocine 50mg capsules,3796011000001106,AMP,0407020T0AAAAAA
24625311000001102,Pentazocine 50mg capsules,24625311000001102,AMP,0407020T0AAAAAA
37773211000001107,Pentazocine 50mg capsules,37773211000001107,AMP,0407020T0AAAAAA
26855211000001107,Pentazocine 50mg capsules,26855211000001107,AMP,0407020T0AAAAAA
3795311000001104,Pentazocine 50mg capsules,3795311000001104,AMP,0407020T0AAAAAA
39887711000001106,Pentazocine 50mg capsules,39887711000001106,AMP,0407020T0AAAAAA
15155311000001105,Pentazocine 50mg capsules,15155311000001105,AMP,0407020T0AAAAAA
3795711000001100,Pentazocine 50mg capsules,3795711000001100,AMP,0407020T0AAAAAA
3795111000001101,Pentazocine 50mg capsules,3795111000001101,AMP,0407020T0AAAAAA
42016211000001108,Pentazocine 25mg tablets,42016211000001108,VMP,0407020T0AAABAB
3790811000001102,Pentazocine 25mg tablets,3790811000001102,AMP,0407020T0AAABAB
3791311000001101,Pentazocine 25mg tablets,3791311000001101,AMP,0407020T0AAABAB
3792211000001102,Pentazocine 25mg tablets,3792211000001102,AMP,0407020T0AAABAB
37773411000001106,Pentazocine 25mg tablets,37773411000001106,AMP,0407020T0AAABAB
4743711000001108,Pentazocine 25mg tablets,4743711000001108,AMP,0407020T0AAABAB
39178011000001106,Pentazocine 25mg tablets,39178011000001106,AMP,0407020T0AAABAB
18167711000001104,Pentazocine 25mg tablets,18167711000001104,AMP,0407020T0AAABAB
15155111000001108,Pentazocine 25mg tablets,15155111000001108,AMP,0407020T0AAABAB
3791611000001106,Pentazocine 25mg tablets,3791611000001106,AMP,0407020T0AAABAB
21844911000001103,Pentazocine 25mg tablets,21844911000001103,AMP,0407020T0AAABAB
3791911000001100,Pentazocine 25mg tablets,3791911000001100,AMP,0407020T0AAABAB
3792511000001104,Fortral 25mg tablets,3792511000001104,AMP,0407020T0BBABAB
36027611000001101,Pentazocine 30mg/1ml solution for injection ampoules,36027611000001101,VMP,0407020U0AAAAAA
4079511000001100,Pentazocine 30mg/1ml solution for injection ampoules,4079511000001100,AMP,0407020U0AAAAAA
4079311000001106,Pentazocine 30mg/1ml solution for injection ampoules,4079311000001106,AMP,0407020U0AAAAAA
42016411000001107,Pentazocine 50mg suppositories,42016411000001107,VMP,0407020U0AAABAB
4084711000001104,Pentazocine 50mg suppositories,4084711000001104,AMP,0407020U0AAABAB
4084211000001106,Pentazocine 50mg suppositories,4084211000001106,AMP,0407020U0AAABAB
36027711000001105,Pentazocine 60mg/2ml solution for injection ampoules,36027711000001105,VMP,0407020U0AAACAC
4080011000001108,Pentazocine 60mg/2ml solution for injection ampoules,4080011000001108,AMP,0407020U0AAACAC
4079111000001109,Fortral 30mg/1ml solution for injection ampoules,4079111000001109,AMP,0407020U0BBAAAA
4079811000001102,Fortral 60mg/2ml solution for injection ampoules,4079811000001102,AMP,0407020U0BBABAC
4084011000001101,Fortral 50mg suppositories,4084011000001101,AMP,0407020U0BBACAB
36028311000001107,Pethidine 50mg/1ml solution for injection ampoules,36028311000001107,VMP,0407020V0AAAAAA
240611000001109,Pethidine 50mg/1ml solution for injection ampoules,240611000001109,AMP,0407020V0AAAAAA
15629011000001107,Pethidine 50mg/1ml solution for injection ampoules,15629011000001107,AMP,0407020V0AAAAAA
10679211000001108,Pethidine 50mg/1ml solution for injection ampoules,10679211000001108,AMP,0407020V0AAAAAA
79611000001105,Pethidine 50mg/1ml solution for injection ampoules,79611000001105,AMP,0407020V0AAAAAA
23711000001103,Pethidine 50mg/1ml solution for injection ampoules,23711000001103,AMP,0407020V0AAAAAA
764311000001106,Pethidine 50mg/1ml solution for injection ampoules,764311000001106,AMP,0407020V0AAAAAA
39702511000001101,Pethidine 50mg tablets,39702511000001101,VMP,0407020V0AAACAC
269811000001107,Pethidine 50mg tablets,269811000001107,AMP,0407020V0AAACAC
313711000001105,Pethidine 50mg tablets,313711000001105,AMP,0407020V0AAACAC
27996011000001107,Pethidine 50mg tablets,27996011000001107,AMP,0407020V0AAACAC
30076111000001101,Pethidine 50mg tablets,30076111000001101,AMP,0407020V0AAACAC
42161611000001107,Pethidine 50mg tablets,42161611000001107,AMP,0407020V0AAACAC
38956411000001100,Pethidine 50mg tablets,38956411000001100,AMP,0407020V0AAACAC
257811000001105,Pethidine 50mg tablets,257811000001105,AMP,0407020V0AAACAC
39186011000001103,Pethidine 50mg tablets,39186011000001103,AMP,0407020V0AAACAC
21666011000001107,Pethidine 50mg tablets,21666011000001107,AMP,0407020V0AAACAC
36028211000001104,Pethidine 100mg/2ml solution for injection ampoules,36028211000001104,VMP,0407020V0AAAEAE
676311000001104,Pethidine 100mg/2ml solution for injection ampoules,676311000001104,AMP,0407020V0AAAEAE
15628611000001109,Pethidine 100mg/2ml solution for injection ampoules,15628611000001109,AMP,0407020V0AAAEAE
10679411000001107,Pethidine 100mg/2ml solution for injection ampoules,10679411000001107,AMP,0407020V0AAAEAE
805311000001107,Pethidine 100mg/2ml solution for injection ampoules,805311000001107,AMP,0407020V0AAAEAE
748611000001103,Pethidine 100mg/2ml solution for injection ampoules,748611000001103,AMP,0407020V0AAAEAE
496611000001102,Pethidine 100mg/2ml solution for injection ampoules,496611000001102,AMP,0407020V0AAAEAE
4026811000001109,Pethidine 100mg/2ml / Promethazine 50mg/2ml solution for injection ampoules,4026811000001109,VMP,0407020V0AAAIAI
36028111000001105,Pethidine 100mg/10ml solution for injection ampoules,36028111000001105,VMP,0407020V0AAALAL
881511000001103,Pethidine 100mg/10ml solution for injection ampoules,881511000001103,AMP,0407020V0AAALAL
446111000001102,Pethidine 100mg/10ml solution for injection ampoules,446111000001102,AMP,0407020V0AAALAL
46711000001107,Pethidine 100mg/10ml solution for injection ampoules,46711000001107,AMP,0407020V0AAALAL
36028411000001100,Pethidine 50mg/5ml solution for injection ampoules,36028411000001100,VMP,0407020V0AAAPAP
183111000001103,Pethidine 50mg/5ml solution for injection ampoules,183111000001103,AMP,0407020V0AAAPAP
505311000001108,Pethidine 50mg/5ml solution for injection ampoules,505311000001108,AMP,0407020V0AAAPAP
513211000001101,Pethidine 50mg/5ml solution for injection ampoules,513211000001101,AMP,0407020V0AAAPAP
12212611000001100,Pethidine 25mg/5ml oral solution,12212611000001100,VMP,0407020V0AAARAR
12202111000001105,Pethidine 25mg/5ml oral solution,12202111000001105,AMP,0407020V0AAARAR
12106611000001104,Pethidine 50mg/5ml oral solution,12106611000001104,VMP,0407020V0AAATAT
12104411000001105,Pethidine 50mg/5ml oral solution,12104411000001105,AMP,0407020V0AAATAT
12392311000001102,Pethidine 100mg suppositories,12392311000001102,VMP,0407020V0AAAUAU
12360411000001106,Pethidine 100mg suppositories,12360411000001106,AMP,0407020V0AAAUAU
12392411000001109,Pethidine 100mg/1ml solution for injection ampoules,12392411000001109,VMP,0407020V0AAAXAX
12358211000001103,Pethidine 100mg/1ml solution for injection ampoules,12358211000001103,AMP,0407020V0AAAXAX
12392511000001108,Pethidine 10mg/1ml solution for injection ampoules,12392511000001108,VMP,0407020V0AAAZAZ
12358911000001107,Pethidine 10mg/1ml solution for injection ampoules,12358911000001107,AMP,0407020V0AAAZAZ
12104711000001104,Pethidine 10mg/5ml oral solution,12104711000001104,VMP,0407020V0AABABA
12102911000001106,Pethidine 10mg/5ml oral solution,12102911000001106,AMP,0407020V0AABABA
12106411000001102,Pethidine 40mg/5ml oral solution,12106411000001102,VMP,0407020V0AABBBB
12103811000001109,Pethidine 40mg/5ml oral solution,12103811000001109,AMP,0407020V0AABBBB
12106211000001101,Pethidine 30mg/5ml oral solution,12106211000001101,VMP,0407020V0AABCBC
12103211000001108,Pethidine 30mg/5ml oral solution,12103211000001108,AMP,0407020V0AABCBC
12106511000001103,Pethidine 45mg/5ml oral solution,12106511000001103,VMP,0407020V0AABDBD
12104111000001100,Pethidine 45mg/5ml oral solution,12104111000001100,AMP,0407020V0AABDBD
12106311000001109,Pethidine 35mg/5ml oral solution,12106311000001109,VMP,0407020V0AABEBE
12103511000001106,Pethidine 35mg/5ml oral solution,12103511000001106,AMP,0407020V0AABEBE
12303411000001102,Pethidine 50mg capsules,12303411000001102,VMP,0407020V0AABFBF
12247311000001103,Pethidine 50mg capsules,12247311000001103,AMP,0407020V0AABFBF
3986711000001104,Pamergan P100 solution for injection 2ml ampoules,3986711000001104,AMP,0407020V0BCAAAI
36022611000001104,Morphine (Opium tincture) 10mg/ml oral drops sugar free,36022611000001104,VMP,0407020W0AAAAAA
4980711000001100,Opium tincture,4980711000001100,AMP,0407020W0AAAAAA
37122911000001104,Dropizol 10mg/ml oral drops,37122911000001104,AMP,0407020W0BBAAAA
12392111000001104,Oxycodone hydrochloride 30mg suppositories,12392111000001104,VMP,0407020Z0AAAAAA
17632111000001100,Oxycodone pectinate 30mg suppositories,17632111000001100,VMP,0407020Z0AAAAAA
12350511000001103,Oxycodone hydrochloride 30mg suppositories,12350511000001103,AMP,0407020Z0AAAAAA
12424911000001109,Oxycodone hydrochloride 60mg suppositories,12424911000001109,VMP,0407020Z0AAABAB
12350811000001100,Oxycodone hydrochloride 60mg suppositories,12350811000001100,AMP,0407020Z0AAABAB
17589011000001108,Proladone 30mg suppositories,17589011000001108,AMP,0407020Z0BBAAAA
17651711000001105,Gabapentin 6% gel,17651711000001105,VMP,0407030ADAAAAAA
17648511000001107,Gabapentin 6% gel,17648511000001107,AMP,0407030ADAAAAAA
32749011000001103,Gabapentin 6% cream,32749011000001103,VMP,0407030ADAAABAB
32723911000001100,Gabapentin 6% cream,32723911000001100,AMP,0407030ADAAABAB
36915011000001102,Inotersen 284mg/1.5ml solution for injection pre-filled syringes,36915011000001102,VMP,0407030AFAAAAAA
36913711000001101,Tegsedi 284mg/1.5ml solution for injection pre-filled syringes,36913711000001101,AMP,0407030AFBBAAAA
42112011000001107,Tenoxicam 20mg tablets,42112011000001107,VMP,100101040AAAAAA
92511000001106,Tenoxicam 20mg tablets,92511000001106,AMP,100101040AAAAAA
602711000001108,Tenoxicam 20mg tablets,602711000001108,AMP,100101040AAAAAA
753111000001104,Tenoxicam 20mg tablets,753111000001104,AMP,100101040AAAAAA
565511000001103,Tenoxicam 20mg tablets,565511000001103,AMP,100101040AAAAAA
15229011000001105,Tenoxicam 20mg tablets,15229011000001105,AMP,100101040AAAAAA
21786211000001109,Tenoxicam 20mg tablets,21786211000001109,AMP,100101040AAAAAA
35915711000001102,Tenoxicam 20mg powder and solvent for solution for injection vials,35915711000001102,VMP,100101040AAADAD
15151911000001109,Tenoxicam 20mg powder and solvent for solution for injection vials,15151911000001109,AMP,100101040AAADAD
15023011000001101,Tenoxicam 20mg powder and solvent for solution for injection vials,15023011000001101,AMP,100101040AAADAD
14946111000001109,Tenoxicam 20mg powder and solvent for solution for injection vials,14946111000001109,AMP,100101040AAADAD
213111000001102,Mobiflex 20mg tablets,213111000001102,AMP,100101040BBAAAA
4379411000001100,Mobiflex 20mg powder and solvent for solution for injection vials,4379411000001100,AMP,100101040BBADAD
42107911000001105,Naproxen sodium 275mg tablets,42107911000001105,VMP,100101070AAAAAA
56411000001103,Synflex 275mg tablets,56411000001103,AMP,100101070BBAAAA
42099211000001100,Aceclofenac 100mg tablets,42099211000001100,VMP,100101080AAAAAA
10961811000001104,Aceclofenac 100mg tablets,10961811000001104,AMP,100101080AAAAAA
27840711000001109,Aceclofenac 100mg tablets,27840711000001109,AMP,100101080AAAAAA
15166111000001109,Aceclofenac 100mg tablets,15166111000001109,AMP,100101080AAAAAA
10985211000001100,Aceclofenac 100mg tablets,10985211000001100,AMP,100101080AAAAAA
19700711000001109,Aceclofenac 100mg tablets,19700711000001109,AMP,100101080AAAAAA
38763711000001104,Aceclofenac 100mg tablets,38763711000001104,AMP,100101080AAAAAA
17748811000001101,Aceclofenac 100mg tablets,17748811000001101,AMP,100101080AAAAAA
33498211000001105,Aceclofenac 100mg tablets,33498211000001105,AMP,100101080AAAAAA
10961711000001107,Aceclofenac 100mg tablets,10961711000001107,AMP,100101080AAAAAA
15058911000001106,Aceclofenac 100mg tablets,15058911000001106,AMP,100101080AAAAAA
13435511000001107,Aceclofenac 100mg tablets,13435511000001107,AMP,100101080AAAAAA
21748411000001104,Aceclofenac 100mg tablets,21748411000001104,AMP,100101080AAAAAA
844911000001100,Preservex 100mg tablets,844911000001100,AMP,100101080BBAAAA
42106811000001102,Meloxicam 7.5mg tablets,42106811000001102,VMP,1001010AAAAAAAA
9834811000001102,Meloxicam 7.5mg tablets,9834811000001102,AMP,1001010AAAAAAAA
10304311000001100,Meloxicam 7.5mg tablets,10304311000001100,AMP,1001010AAAAAAAA
9905911000001107,Meloxicam 7.5mg tablets,9905911000001107,AMP,1001010AAAAAAAA
11426211000001109,Meloxicam 7.5mg tablets,11426211000001109,AMP,1001010AAAAAAAA
13413211000001103,Meloxicam 7.5mg tablets,13413211000001103,AMP,1001010AAAAAAAA
24379111000001108,Meloxicam 7.5mg tablets,24379111000001108,AMP,1001010AAAAAAAA
45861111000001109,Meloxicam 7.5mg tablets,45861111000001109,AMP,1001010AAAAAAAA
42585611000001104,Meloxicam 7.5mg tablets,42585611000001104,AMP,1001010AAAAAAAA
10302611000001102,Meloxicam 7.5mg tablets,10302611000001102,AMP,1001010AAAAAAAA
10614811000001102,Meloxicam 7.5mg tablets,10614811000001102,AMP,1001010AAAAAAAA
14162311000001104,Meloxicam 7.5mg tablets,14162311000001104,AMP,1001010AAAAAAAA
10198211000001109,Meloxicam 7.5mg tablets,10198211000001109,AMP,1001010AAAAAAAA
9856111000001101,Meloxicam 7.5mg tablets,9856111000001101,AMP,1001010AAAAAAAA
42432711000001101,Meloxicam 7.5mg tablets,42432711000001101,AMP,1001010AAAAAAAA
30827011000001104,Meloxicam 7.5mg tablets,30827011000001104,AMP,1001010AAAAAAAA
39036111000001100,Meloxicam 7.5mg tablets,39036111000001100,AMP,1001010AAAAAAAA
10440011000001105,Meloxicam 7.5mg tablets,10440011000001105,AMP,1001010AAAAAAAA
17939611000001100,Meloxicam 7.5mg tablets,17939611000001100,AMP,1001010AAAAAAAA
10962111000001101,Meloxicam 7.5mg tablets,10962111000001101,AMP,1001010AAAAAAAA
15109611000001105,Meloxicam 7.5mg tablets,15109611000001105,AMP,1001010AAAAAAAA
10702311000001108,Meloxicam 7.5mg tablets,10702311000001108,AMP,1001010AAAAAAAA
17203811000001108,Meloxicam 7.5mg tablets,17203811000001108,AMP,1001010AAAAAAAA
9834411000001104,Meloxicam 7.5mg tablets,9834411000001104,AMP,1001010AAAAAAAA
9991411000001100,Meloxicam 7.5mg tablets,9991411000001100,AMP,1001010AAAAAAAA
21792011000001102,Meloxicam 7.5mg tablets,21792011000001102,AMP,1001010AAAAAAAA
9870211000001108,Meloxicam 7.5mg tablets,9870211000001108,AMP,1001010AAAAAAAA
42106611000001101,Meloxicam 15mg tablets,42106611000001101,VMP,1001010AAAAABAB
9835011000001107,Meloxicam 15mg tablets,9835011000001107,AMP,1001010AAAAABAB
10304811000001109,Meloxicam 15mg tablets,10304811000001109,AMP,1001010AAAAABAB
9906111000001103,Meloxicam 15mg tablets,9906111000001103,AMP,1001010AAAAABAB
11426411000001108,Meloxicam 15mg tablets,11426411000001108,AMP,1001010AAAAABAB
13413411000001104,Meloxicam 15mg tablets,13413411000001104,AMP,1001010AAAAABAB
24378911000001103,Meloxicam 15mg tablets,24378911000001103,AMP,1001010AAAAABAB
45861411000001104,Meloxicam 15mg tablets,45861411000001104,AMP,1001010AAAAABAB
42586011000001102,Meloxicam 15mg tablets,42586011000001102,AMP,1001010AAAAABAB
10302411000001100,Meloxicam 15mg tablets,10302411000001100,AMP,1001010AAAAABAB
10615011000001107,Meloxicam 15mg tablets,10615011000001107,AMP,1001010AAAAABAB
14162511000001105,Meloxicam 15mg tablets,14162511000001105,AMP,1001010AAAAABAB
10198411000001108,Meloxicam 15mg tablets,10198411000001108,AMP,1001010AAAAABAB
9856311000001104,Meloxicam 15mg tablets,9856311000001104,AMP,1001010AAAAABAB
30827211000001109,Meloxicam 15mg tablets,30827211000001109,AMP,1001010AAAAABAB
39035911000001109,Meloxicam 15mg tablets,39035911000001109,AMP,1001010AAAAABAB
10440311000001108,Meloxicam 15mg tablets,10440311000001108,AMP,1001010AAAAABAB
17939811000001101,Meloxicam 15mg tablets,17939811000001101,AMP,1001010AAAAABAB
10962511000001105,Meloxicam 15mg tablets,10962511000001105,AMP,1001010AAAAABAB
15109311000001100,Meloxicam 15mg tablets,15109311000001100,AMP,1001010AAAAABAB
10701211000001107,Meloxicam 15mg tablets,10701211000001107,AMP,1001010AAAAABAB
17204011000001100,Meloxicam 15mg tablets,17204011000001100,AMP,1001010AAAAABAB
9834611000001101,Meloxicam 15mg tablets,9834611000001101,AMP,1001010AAAAABAB
42433511000001104,Meloxicam 15mg tablets,42433511000001104,AMP,1001010AAAAABAB
9991611000001102,Meloxicam 15mg tablets,9991611000001102,AMP,1001010AAAAABAB
21792211000001107,Meloxicam 15mg tablets,21792211000001107,AMP,1001010AAAAABAB
9870511000001106,Meloxicam 15mg tablets,9870511000001106,AMP,1001010AAAAABAB
42106511000001100,Meloxicam 15mg suppositories,42106511000001100,VMP,1001010AAAAACAC
42106711000001105,Meloxicam 7.5mg suppositories,42106711000001105,VMP,1001010AAAAADAD
12700711000001103,Meloxicam 3.75mg/5ml oral suspension,12700711000001103,VMP,1001010AAAAAGAG
12690511000001101,Meloxicam 3.75mg/5ml oral suspension,12690511000001101,AMP,1001010AAAAAGAG
42106911000001107,Meloxicam 7.5mg/5ml oral suspension,42106911000001107,VMP,1001010AAAAAHAH
15856111000001105,Meloxicam 7.5mg/5ml oral suspension,15856111000001105,AMP,1001010AAAAAHAH
13822011000001102,Meloxicam 15mg/5ml oral suspension,13822011000001102,VMP,1001010AAAAAIAI
13817711000001108,Meloxicam 15mg/5ml oral suspension,13817711000001108,AMP,1001010AAAAAIAI
22648611000001108,Meloxicam 15mg orodispersible tablets sugar free,22648611000001108,VMP,1001010AAAAAJAJ
23679611000001108,Meloxicam 15mg orodispersible tablets sugar free,23679611000001108,AMP,1001010AAAAAJAJ
39879911000001107,Meloxicam 15mg orodispersible tablets sugar free,39879911000001107,AMP,1001010AAAAAJAJ
22640411000001107,Meloxicam 15mg orodispersible tablets sugar free,22640411000001107,AMP,1001010AAAAAJAJ
22648711000001104,Meloxicam 7.5mg orodispersible tablets sugar free,22648711000001104,VMP,1001010AAAAAKAK
23679411000001105,Meloxicam 7.5mg orodispersible tablets sugar free,23679411000001105,AMP,1001010AAAAAKAK
39880111000001109,Meloxicam 7.5mg orodispersible tablets sugar free,39880111000001109,AMP,1001010AAAAAKAK
22640911000001104,Meloxicam 7.5mg orodispersible tablets sugar free,22640911000001104,AMP,1001010AAAAAKAK
591611000001104,Mobic 7.5mg tablets,591611000001104,AMP,1001010AABBAAAA
81511000001104,Mobic 15mg tablets,81511000001104,AMP,1001010AABBABAB
597811000001107,Mobic 15mg suppositories,597811000001107,AMP,1001010AABBACAC
108311000001108,Mobic 7.5mg suppositories,108311000001108,AMP,1001010AABBADAD
4557011000001104,Ibuprofen lysine 342mg tablets,4557011000001104,VMP,1001010ADAAABAB
10245111000001102,Ibuprofen lysine 684mg tablets,10245111000001102,VMP,1001010ADAAACAC
21681311000001104,Ibuprofen lysine 400mg oral powder sachets,21681311000001104,VMP,1001010ADAAADAD
4545511000001100,Nurofen Advance 200mg tablets,4545511000001100,AMP,1001010ADBBAAAB
10239611000001109,Nurofen Maximum Strength Migraine Pain 684mg caplets,10239611000001109,AMP,1001010ADBCABAC
4603811000001101,Nurofen Migraine Pain 342mg caplets,4603811000001101,AMP,1001010ADBCACAB
9511211000001108,Nurofen Tension Headache 342mg caplets,9511211000001108,AMP,1001010ADBDAAAB
11934111000001109,Nurofen Express 342mg caplets,11934111000001109,AMP,1001010ADBEAAAB
11935111000001108,Nurofen Express 684mg caplets,11935111000001108,AMP,1001010ADBEABAC
21679511000001103,Nurofen Express Soluble 400mg oral powder sachets,21679511000001103,AMP,1001010ADBEACAD
17538811000001101,Feminax Express 342mg tablets,17538811000001101,AMP,1001010ADBFAAAB
17982711000001105,Boots Rapid Ibuprofen lysine 342mg tablets,17982711000001105,AMP,1001010ADBGAAAB
41487411000001103,Boots Migraine Pain Relief Ibuprofen lysine 342mg tablets,41487411000001103,AMP,1001010ADBGABAB
40910911000001100,Galpharm Rapid Ibuprofen lysine 342mg tablets,40910911000001100,AMP,1001010ADBHAAAB
39690211000001106,Dexketoprofen 25mg tablets,39690211000001106,VMP,1001010AEAAAAAA
2892711000001101,Keral 25mg tablets,2892711000001101,AMP,1001010AEBBAAAA
42101611000001108,Diclofenac potassium 25mg tablets,42101611000001108,VMP,1001010AGAAAAAA
17014711000001105,Diclofenac potassium 25mg tablets,17014711000001105,AMP,1001010AGAAAAAA
16236911000001100,Diclofenac potassium 25mg tablets,16236911000001100,AMP,1001010AGAAAAAA
42101711000001104,Diclofenac potassium 50mg tablets,42101711000001104,VMP,1001010AGAAABAB
16650211000001108,Diclofenac potassium 50mg tablets,16650211000001108,AMP,1001010AGAAABAB
16237611000001108,Diclofenac potassium 50mg tablets,16237611000001108,AMP,1001010AGAAABAB
18341211000001104,Diclofenac potassium 50mg tablets,18341211000001104,AMP,1001010AGAAABAB
30048011000001102,Diclofenac potassium 50mg tablets,30048011000001102,AMP,1001010AGAAABAB
17664811000001107,Diclofenac potassium 50mg tablets,17664811000001107,AMP,1001010AGAAABAB
38869711000001103,Diclofenac potassium 50mg tablets,38869711000001103,AMP,1001010AGAAABAB
18618611000001109,Diclofenac potassium 50mg tablets,18618611000001109,AMP,1001010AGAAABAB
14062911000001108,Diclofenac potassium 12.5mg tablets,14062911000001108,VMP,1001010AGAAACAC
663411000001105,Voltarol Rapid 25mg tablets,663411000001105,AMP,1001010AGBBAAAA
605911000001102,Voltarol Rapid 50mg tablets,605911000001102,AMP,1001010AGBBABAB
14033611000001100,Voltarol Pain-eze 12.5mg tablets,14033611000001100,AMP,1001010AGBCAAAC
19363611000001107,Voltarol Pain-eze Extra Strength 25mg tablets,19363611000001107,AMP,1001010AGBCABAA
17526411000001101,Voltarol Joint Pain 12.5mg tablets,17526411000001101,AMP,1001010AGBDAAAC
18637011000001107,First Resort Double Action Pain Relief 12.5mg tablets,18637011000001107,AMP,1001010AGBEABAC
42100411000001101,Celecoxib 100mg capsules,42100411000001101,VMP,1001010AHAAAAAA
28378611000001105,Celecoxib 100mg capsules,28378611000001105,AMP,1001010AHAAAAAA
28378211000001108,Celecoxib 100mg capsules,28378211000001108,AMP,1001010AHAAAAAA
28039011000001105,Celecoxib 100mg capsules,28039011000001105,AMP,1001010AHAAAAAA
32496211000001102,Celecoxib 100mg capsules,32496211000001102,AMP,1001010AHAAAAAA
30136411000001104,Celecoxib 100mg capsules,30136411000001104,AMP,1001010AHAAAAAA
37893811000001100,Celecoxib 100mg capsules,37893811000001100,AMP,1001010AHAAAAAA
32397411000001105,Celecoxib 100mg capsules,32397411000001105,AMP,1001010AHAAAAAA
42315211000001101,Celecoxib 100mg capsules,42315211000001101,AMP,1001010AHAAAAAA
35906711000001107,Celecoxib 100mg capsules,35906711000001107,AMP,1001010AHAAAAAA
36751811000001106,Celecoxib 100mg capsules,36751811000001106,AMP,1001010AHAAAAAA
30011211000001106,Celecoxib 100mg capsules,30011211000001106,AMP,1001010AHAAAAAA
38827111000001101,Celecoxib 100mg capsules,38827111000001101,AMP,1001010AHAAAAAA
35140711000001104,Celecoxib 100mg capsules,35140711000001104,AMP,1001010AHAAAAAA
29784511000001108,Celecoxib 100mg capsules,29784511000001108,AMP,1001010AHAAAAAA
28001111000001101,Celecoxib 100mg capsules,28001111000001101,AMP,1001010AHAAAAAA
36859211000001109,Celecoxib 100mg capsules,36859211000001109,AMP,1001010AHAAAAAA
28011711000001103,Celecoxib 100mg capsules,28011711000001103,AMP,1001010AHAAAAAA
33588711000001109,Celecoxib 100mg capsules,33588711000001109,AMP,1001010AHAAAAAA
28292711000001100,Celecoxib 100mg capsules,28292711000001100,AMP,1001010AHAAAAAA
42100511000001102,Celecoxib 200mg capsules,42100511000001102,VMP,1001010AHAAABAB
28378811000001109,Celecoxib 200mg capsules,28378811000001109,AMP,1001010AHAAABAB
28378411000001107,Celecoxib 200mg capsules,28378411000001107,AMP,1001010AHAAABAB
28039211000001100,Celecoxib 200mg capsules,28039211000001100,AMP,1001010AHAAABAB
32496411000001103,Celecoxib 200mg capsules,32496411000001103,AMP,1001010AHAAABAB
30136611000001101,Celecoxib 200mg capsules,30136611000001101,AMP,1001010AHAAABAB
37894011000001108,Celecoxib 200mg capsules,37894011000001108,AMP,1001010AHAAABAB
42317511000001107,Celecoxib 200mg capsules,42317511000001107,AMP,1001010AHAAABAB
35906911000001109,Celecoxib 200mg capsules,35906911000001109,AMP,1001010AHAAABAB
36741411000001107,Celecoxib 200mg capsules,36741411000001107,AMP,1001010AHAAABAB
30011411000001105,Celecoxib 200mg capsules,30011411000001105,AMP,1001010AHAAABAB
38826811000001106,Celecoxib 200mg capsules,38826811000001106,AMP,1001010AHAAABAB
34584911000001102,Celecoxib 200mg capsules,34584911000001102,AMP,1001010AHAAABAB
29784111000001104,Celecoxib 200mg capsules,29784111000001104,AMP,1001010AHAAABAB
28000911000001105,Celecoxib 200mg capsules,28000911000001105,AMP,1001010AHAAABAB
36859611000001106,Celecoxib 200mg capsules,36859611000001106,AMP,1001010AHAAABAB
28011911000001101,Celecoxib 200mg capsules,28011911000001101,AMP,1001010AHAAABAB
33588911000001106,Celecoxib 200mg capsules,33588911000001106,AMP,1001010AHAAABAB
28292911000001103,Celecoxib 200mg capsules,28292911000001103,AMP,1001010AHAAABAB
42100611000001103,Celecoxib 400mg capsules,42100611000001103,VMP,1001010AHAAADAD
35573711000001100,Celecoxib 50mg/5ml oral suspension,35573711000001100,VMP,1001010AHAAAEAE
35571511000001106,Celecoxib 50mg/5ml oral suspension,35571511000001106,AMP,1001010AHAAAEAE
18711000001102,Celebrex 100mg capsules,18711000001102,AMP,1001010AHBBAAAA
878111000001108,Celebrex 200mg capsules,878111000001108,AMP,1001010AHBBABAB
17302511000001107,Onsenal 400mg capsules,17302511000001107,AMP,1001010AHBCAAAD
42106111000001109,Lornoxicam 4mg tablets,42106111000001109,VMP,1001010AIAAABAB
42106211000001103,Lornoxicam 8mg tablets,42106211000001103,VMP,1001010AIAAACAC
17061411000001100,Lornoxicam 8mg tablets,17061411000001100,AMP,1001010AIAAACAC
4506111000001109,Xefo 4mg tablets,4506111000001109,AMP,1001010AIBBABAB
4506711000001105,Xefo 8mg tablets,4506711000001105,AMP,1001010AIBBACAC
42103311000001102,Etoricoxib 60mg tablets,42103311000001102,VMP,1001010AJAAAAAA
34699011000001105,Etoricoxib 60mg tablets,34699011000001105,AMP,1001010AJAAAAAA
34624411000001107,Etoricoxib 60mg tablets,34624411000001107,AMP,1001010AJAAAAAA
34710911000001108,Etoricoxib 60mg tablets,34710911000001108,AMP,1001010AJAAAAAA
34620411000001101,Etoricoxib 60mg tablets,34620411000001101,AMP,1001010AJAAAAAA
40685111000001107,Etoricoxib 60mg tablets,40685111000001107,AMP,1001010AJAAAAAA
42219411000001106,Etoricoxib 60mg tablets,42219411000001106,AMP,1001010AJAAAAAA
40692911000001101,Etoricoxib 60mg tablets,40692911000001101,AMP,1001010AJAAAAAA
37377411000001100,Etoricoxib 60mg tablets,37377411000001100,AMP,1001010AJAAAAAA
41437411000001109,Etoricoxib 60mg tablets,41437411000001109,AMP,1001010AJAAAAAA
44458311000001106,Etoricoxib 60mg tablets,44458311000001106,AMP,1001010AJAAAAAA
37065011000001109,Etoricoxib 60mg tablets,37065011000001109,AMP,1001010AJAAAAAA
38902811000001108,Etoricoxib 60mg tablets,38902811000001108,AMP,1001010AJAAAAAA
35160811000001102,Etoricoxib 60mg tablets,35160811000001102,AMP,1001010AJAAAAAA
44290411000001107,Etoricoxib 60mg tablets,44290411000001107,AMP,1001010AJAAAAAA
34618311000001101,Etoricoxib 60mg tablets,34618311000001101,AMP,1001010AJAAAAAA
36833211000001106,Etoricoxib 60mg tablets,36833211000001106,AMP,1001010AJAAAAAA
34691311000001109,Etoricoxib 60mg tablets,34691311000001109,AMP,1001010AJAAAAAA
37355211000001105,Etoricoxib 60mg tablets,37355211000001105,AMP,1001010AJAAAAAA
42103411000001109,Etoricoxib 90mg tablets,42103411000001109,VMP,1001010AJAAABAB
34699211000001100,Etoricoxib 90mg tablets,34699211000001100,AMP,1001010AJAAABAB
34624611000001105,Etoricoxib 90mg tablets,34624611000001105,AMP,1001010AJAAABAB
34711111000001104,Etoricoxib 90mg tablets,34711111000001104,AMP,1001010AJAAABAB
34620611000001103,Etoricoxib 90mg tablets,34620611000001103,AMP,1001010AJAAABAB
40685311000001109,Etoricoxib 90mg tablets,40685311000001109,AMP,1001010AJAAABAB
42224211000001103,Etoricoxib 90mg tablets,42224211000001103,AMP,1001010AJAAABAB
40689411000001104,Etoricoxib 90mg tablets,40689411000001104,AMP,1001010AJAAABAB
37377611000001102,Etoricoxib 90mg tablets,37377611000001102,AMP,1001010AJAAABAB
41437611000001107,Etoricoxib 90mg tablets,41437611000001107,AMP,1001010AJAAABAB
44174211000001107,Etoricoxib 90mg tablets,44174211000001107,AMP,1001010AJAAABAB
37065411000001100,Etoricoxib 90mg tablets,37065411000001100,AMP,1001010AJAAABAB
38903011000001106,Etoricoxib 90mg tablets,38903011000001106,AMP,1001010AJAAABAB
35161011000001104,Etoricoxib 90mg tablets,35161011000001104,AMP,1001010AJAAABAB
44291011000001107,Etoricoxib 90mg tablets,44291011000001107,AMP,1001010AJAAABAB
34618511000001107,Etoricoxib 90mg tablets,34618511000001107,AMP,1001010AJAAABAB
36833411000001105,Etoricoxib 90mg tablets,36833411000001105,AMP,1001010AJAAABAB
34691511000001103,Etoricoxib 90mg tablets,34691511000001103,AMP,1001010AJAAABAB
37355811000001106,Etoricoxib 90mg tablets,37355811000001106,AMP,1001010AJAAABAB
42103211000001105,Etoricoxib 120mg tablets,42103211000001105,VMP,1001010AJAAACAC
34699411000001101,Etoricoxib 120mg tablets,34699411000001101,AMP,1001010AJAAACAC
34624711000001101,Etoricoxib 120mg tablets,34624711000001101,AMP,1001010AJAAACAC
34711311000001102,Etoricoxib 120mg tablets,34711311000001102,AMP,1001010AJAAACAC
34620811000001104,Etoricoxib 120mg tablets,34620811000001104,AMP,1001010AJAAACAC
40685511000001103,Etoricoxib 120mg tablets,40685511000001103,AMP,1001010AJAAACAC
42219211000001107,Etoricoxib 120mg tablets,42219211000001107,AMP,1001010AJAAACAC
40694111000001107,Etoricoxib 120mg tablets,40694111000001107,AMP,1001010AJAAACAC
37378011000001105,Etoricoxib 120mg tablets,37378011000001105,AMP,1001010AJAAACAC
41437911000001101,Etoricoxib 120mg tablets,41437911000001101,AMP,1001010AJAAACAC
44458511000001100,Etoricoxib 120mg tablets,44458511000001100,AMP,1001010AJAAACAC
37065911000001108,Etoricoxib 120mg tablets,37065911000001108,AMP,1001010AJAAACAC
38902311000001104,Etoricoxib 120mg tablets,38902311000001104,AMP,1001010AJAAACAC
35161211000001109,Etoricoxib 120mg tablets,35161211000001109,AMP,1001010AJAAACAC
44289211000001102,Etoricoxib 120mg tablets,44289211000001102,AMP,1001010AJAAACAC
34618711000001102,Etoricoxib 120mg tablets,34618711000001102,AMP,1001010AJAAACAC
36833611000001108,Etoricoxib 120mg tablets,36833611000001108,AMP,1001010AJAAACAC
34691711000001108,Etoricoxib 120mg tablets,34691711000001108,AMP,1001010AJAAACAC
37354011000001104,Etoricoxib 120mg tablets,37354011000001104,AMP,1001010AJAAACAC
13132911000001109,Etoricoxib 30mg tablets,13132911000001109,VMP,1001010AJAAADAD
34698811000001106,Etoricoxib 30mg tablets,34698811000001106,AMP,1001010AJAAADAD
34624211000001108,Etoricoxib 30mg tablets,34624211000001108,AMP,1001010AJAAADAD
34710711000001106,Etoricoxib 30mg tablets,34710711000001106,AMP,1001010AJAAADAD
34620211000001100,Etoricoxib 30mg tablets,34620211000001100,AMP,1001010AJAAADAD
40829711000001109,Etoricoxib 30mg tablets,40829711000001109,AMP,1001010AJAAADAD
37230511000001109,Etoricoxib 30mg tablets,37230511000001109,AMP,1001010AJAAADAD
40693711000001106,Etoricoxib 30mg tablets,40693711000001106,AMP,1001010AJAAADAD
37377011000001109,Etoricoxib 30mg tablets,37377011000001109,AMP,1001010AJAAADAD
41437211000001105,Etoricoxib 30mg tablets,41437211000001105,AMP,1001010AJAAADAD
44457811000001101,Etoricoxib 30mg tablets,44457811000001101,AMP,1001010AJAAADAD
37064511000001102,Etoricoxib 30mg tablets,37064511000001102,AMP,1001010AJAAADAD
38902611000001109,Etoricoxib 30mg tablets,38902611000001109,AMP,1001010AJAAADAD
35160611000001101,Etoricoxib 30mg tablets,35160611000001101,AMP,1001010AJAAADAD
44289811000001101,Etoricoxib 30mg tablets,44289811000001101,AMP,1001010AJAAADAD
34618111000001103,Etoricoxib 30mg tablets,34618111000001103,AMP,1001010AJAAADAD
36833011000001101,Etoricoxib 30mg tablets,36833011000001101,AMP,1001010AJAAADAD
34691111000001107,Etoricoxib 30mg tablets,34691111000001107,AMP,1001010AJAAADAD
37354711000001102,Etoricoxib 30mg tablets,37354711000001102,AMP,1001010AJAAADAD
3406111000001103,Arcoxia 60mg tablets,3406111000001103,AMP,1001010AJBBAAAA
3406811000001105,Arcoxia 90mg tablets,3406811000001105,AMP,1001010AJBBABAB
3407911000001102,Arcoxia 120mg tablets,3407911000001102,AMP,1001010AJBBACAC
13122311000001105,Arcoxia 30mg tablets,13122311000001105,AMP,1001010AJBBADAD
42101111000001100,Dexibuprofen 300mg tablets,42101111000001100,VMP,1001010AMAAAAAA
42101211000001106,Dexibuprofen 400mg tablets,42101211000001106,VMP,1001010AMAAABAB
9447211000001103,Seractil 300mg tablets,9447211000001103,AMP,1001010AMBBAAAA
9447611000001101,Seractil 400mg tablets,9447611000001101,AMP,1001010AMBBABAB
35096411000001107,Seractil 300mg tablets,35096411000001107,AMP,1001010AMBBACAA
14606211000001108,Ibuprofen sodium dihydrate 256mg tablets,14606211000001108,VMP,1001010APAAAAAA
42337711000001105,Ibuprofen sodium dihydrate 256mg tablets,42337711000001105,AMP,1001010APAAAAAA
14606311000001100,Ibuprofen sodium dihydrate 512mg tablets,14606311000001100,VMP,1001010APAAABAB
14600611000001108,Nurofen Express 256mg tablets,14600611000001108,AMP,1001010APBBAAAA
14601611000001103,Nurofen Express 512mg tablets,14601611000001103,AMP,1001010APBBABAB
14740311000001102,Nurofen Express 256mg caplets,14740311000001102,AMP,1001010APBBACAA
31393111000001107,Nurofen Pain Relief 256mg tablets,31393111000001107,AMP,1001010APBCAAAA
31394111000001109,Nurofen Pain Relief Max Strength 512mg tablets,31394111000001109,AMP,1001010APBCABAB
31394411000001104,Nurofen Pain Relief 256mg caplets,31394411000001104,AMP,1001010APBCACAA
36098111000001101,Diclofenac 75mg/3ml solution for injection ampoules,36098111000001101,VMP,1001010C0AAAAAA
35313311000001107,Diclofenac 12.5mg suppositories,35313311000001107,VMP,1001010C0AAABAB
42101311000001103,Diclofenac 100mg suppositories,42101311000001103,VMP,1001010C0AAACAC
45345411000001107,Diclofenac 100mg suppositories,45345411000001107,AMP,1001010C0AAACAC
410011000001107,Diclofenac 100mg suppositories,410011000001107,AMP,1001010C0AAACAC
36566511000001109,Diclofenac sodium 25mg gastro-resistant tablets,36566511000001109,VMP,1001010C0AAADAD
555811000001109,Diclofenac sodium 25mg gastro-resistant tablets,555811000001109,AMP,1001010C0AAADAD
780411000001108,Diclofenac sodium 25mg gastro-resistant tablets,780411000001108,AMP,1001010C0AAADAD
271711000001109,Diclofenac sodium 25mg gastro-resistant tablets,271711000001109,AMP,1001010C0AAADAD
10401011000001106,Diclofenac sodium 25mg gastro-resistant tablets,10401011000001106,AMP,1001010C0AAADAD
36784811000001104,Diclofenac sodium 25mg gastro-resistant tablets,36784811000001104,AMP,1001010C0AAADAD
23862211000001104,Diclofenac sodium 25mg gastro-resistant tablets,23862211000001104,AMP,1001010C0AAADAD
37926711000001100,Diclofenac sodium 25mg gastro-resistant tablets,37926711000001100,AMP,1001010C0AAADAD
40619711000001108,Diclofenac sodium 25mg gastro-resistant tablets,40619711000001108,AMP,1001010C0AAADAD
182611000001101,Diclofenac sodium 25mg gastro-resistant tablets,182611000001101,AMP,1001010C0AAADAD
829411000001105,Diclofenac sodium 25mg gastro-resistant tablets,829411000001105,AMP,1001010C0AAADAD
37236911000001104,Diclofenac sodium 25mg gastro-resistant tablets,37236911000001104,AMP,1001010C0AAADAD
38869911000001101,Diclofenac sodium 25mg gastro-resistant tablets,38869911000001101,AMP,1001010C0AAADAD
34604011000001106,Diclofenac sodium 25mg gastro-resistant tablets,34604011000001106,AMP,1001010C0AAADAD
326211000001100,Diclofenac sodium 25mg gastro-resistant tablets,326211000001100,AMP,1001010C0AAADAD
17891411000001103,Diclofenac sodium 25mg gastro-resistant tablets,17891411000001103,AMP,1001010C0AAADAD
42564711000001106,Diclofenac sodium 25mg gastro-resistant tablets,42564711000001106,AMP,1001010C0AAADAD
530011000001108,Diclofenac sodium 25mg gastro-resistant tablets,530011000001108,AMP,1001010C0AAADAD
268911000001105,Diclofenac sodium 25mg gastro-resistant tablets,268911000001105,AMP,1001010C0AAADAD
175011000001107,Diclofenac sodium 25mg gastro-resistant tablets,175011000001107,AMP,1001010C0AAADAD
534911000001102,Diclofenac sodium 25mg gastro-resistant tablets,534911000001102,AMP,1001010C0AAADAD
21943011000001106,Diclofenac sodium 25mg gastro-resistant tablets,21943011000001106,AMP,1001010C0AAADAD
42101911000001102,Diclofenac sodium 50mg gastro-resistant tablets,42101911000001102,VMP,1001010C0AAAEAE
699311000001103,Diclofenac sodium 50mg gastro-resistant tablets,699311000001103,AMP,1001010C0AAAEAE
13011000001106,Diclofenac sodium 50mg gastro-resistant tablets,13011000001106,AMP,1001010C0AAAEAE
547611000001101,Diclofenac sodium 50mg gastro-resistant tablets,547611000001101,AMP,1001010C0AAAEAE
10401211000001101,Diclofenac sodium 50mg gastro-resistant tablets,10401211000001101,AMP,1001010C0AAAEAE
36785011000001109,Diclofenac sodium 50mg gastro-resistant tablets,36785011000001109,AMP,1001010C0AAAEAE
30049011000001107,Diclofenac sodium 50mg gastro-resistant tablets,30049011000001107,AMP,1001010C0AAAEAE
37926911000001103,Diclofenac sodium 50mg gastro-resistant tablets,37926911000001103,AMP,1001010C0AAAEAE
20323711000001105,Diclofenac sodium 50mg gastro-resistant tablets,20323711000001105,AMP,1001010C0AAAEAE
741211000001109,Diclofenac sodium 50mg gastro-resistant tablets,741211000001109,AMP,1001010C0AAAEAE
302411000001106,Diclofenac sodium 50mg gastro-resistant tablets,302411000001106,AMP,1001010C0AAAEAE
30825611000001104,Diclofenac sodium 50mg gastro-resistant tablets,30825611000001104,AMP,1001010C0AAAEAE
38870111000001101,Diclofenac sodium 50mg gastro-resistant tablets,38870111000001101,AMP,1001010C0AAAEAE
34603211000001104,Diclofenac sodium 50mg gastro-resistant tablets,34603211000001104,AMP,1001010C0AAAEAE
700211000001105,Diclofenac sodium 50mg gastro-resistant tablets,700211000001105,AMP,1001010C0AAAEAE
17891611000001100,Diclofenac sodium 50mg gastro-resistant tablets,17891611000001100,AMP,1001010C0AAAEAE
42564911000001108,Diclofenac sodium 50mg gastro-resistant tablets,42564911000001108,AMP,1001010C0AAAEAE
625011000001107,Diclofenac sodium 50mg gastro-resistant tablets,625011000001107,AMP,1001010C0AAAEAE
18722511000001107,Diclofenac sodium 50mg gastro-resistant tablets,18722511000001107,AMP,1001010C0AAAEAE
137711000001101,Diclofenac sodium 50mg gastro-resistant tablets,137711000001101,AMP,1001010C0AAAEAE
252911000001102,Diclofenac sodium 50mg gastro-resistant tablets,252911000001102,AMP,1001010C0AAAEAE
256211000001107,Diclofenac sodium 50mg gastro-resistant tablets,256211000001107,AMP,1001010C0AAAEAE
21943211000001101,Diclofenac sodium 50mg gastro-resistant tablets,21943211000001101,AMP,1001010C0AAAEAE
36563711000001106,Diclofenac sodium 100mg modified-release tablets,36563711000001106,VMP,1001010C0AAAFAF
44978311000001106,Diclofenac sodium 100mg modified-release tablets,44978311000001106,AMP,1001010C0AAAFAF
39709911000001103,Diclofenac 50mg dispersible tablets sugar free,39709911000001103,VMP,1001010C0AAAJAJ
39024511000001101,Diclofenac sodium 75mg modified-release tablets,39024511000001101,VMP,1001010C0AAALAL
44978511000001100,Diclofenac sodium 75mg modified-release tablets,44978511000001100,AMP,1001010C0AAALAL
42101811000001107,Diclofenac sodium 50mg gastro-resistant / Misoprostol 200microgram tablets,42101811000001107,VMP,1001010C0AAAMAM
22679511000001104,Diclofenac sodium 50mg gastro-resistant / Misoprostol 200microgram tablets,22679511000001104,AMP,1001010C0AAAMAM
37084611000001101,Diclofenac sodium 100mg modified-release capsules,37084611000001101,VMP,1001010C0AAANAN
42102111000001105,Diclofenac sodium 75mg gastro-resistant modified-release capsules,42102111000001105,VMP,1001010C0AAARAR
42101411000001105,Diclofenac 25mg suppositories,42101411000001105,VMP,1001010C0AAATAT
42101511000001109,Diclofenac 50mg suppositories,42101511000001109,VMP,1001010C0AAAUAU
11651311000001108,Diclofenac 50mg/5ml oral solution,11651311000001108,VMP,1001010C0AAAVAV
11634411000001100,Diclofenac 50mg/5ml oral solution,11634411000001100,AMP,1001010C0AAAVAV
37084911000001107,Diclofenac sodium 75mg modified-release capsules,37084911000001107,VMP,1001010C0AAAWAW
42102011000001109,Diclofenac sodium 75mg gastro-resistant / Misoprostol 200microgram tablets,42102011000001109,VMP,1001010C0AAAXAX
8455411000001109,Diclofenac 25mg/5ml oral solution,8455411000001109,VMP,1001010C0AAAYAY
8455511000001108,Diclofenac 25mg/5ml oral suspension,8455511000001108,VMP,1001010C0AAAYAY
8439611000001109,Diclofenac 25mg/5ml oral solution,8439611000001109,AMP,1001010C0AAAYAY
8440111000001105,Diclofenac 25mg/5ml oral suspension,8440111000001105,AMP,1001010C0AAAYAY
11652111000001101,Diclofenac 75mg/5ml oral solution,11652111000001101,VMP,1001010C0AABABA
11651411000001101,Diclofenac 75mg/5ml oral suspension,11651411000001101,VMP,1001010C0AABABA
11635911000001107,Diclofenac 75mg/5ml oral solution,11635911000001107,AMP,1001010C0AABABA
11635311000001106,Diclofenac 75mg/5ml oral suspension,11635311000001106,AMP,1001010C0AABABA
17369211000001102,Diclofenac 10mg dispersible tablets,17369211000001102,VMP,1001010C0AABBBB
17359311000001102,Diclofenac 10mg dispersible tablets,17359311000001102,AMP,1001010C0AABBBB
11650911000001102,Diclofenac 12.5mg/5ml oral solution,11650911000001102,VMP,1001010C0AABCBC
11651011000001105,Diclofenac 12.5mg/5ml oral suspension,11651011000001105,VMP,1001010C0AABCBC
11633411000001103,Diclofenac 12.5mg/5ml oral solution,11633411000001103,AMP,1001010C0AABCBC
11632711000001101,Diclofenac 12.5mg/5ml oral suspension,11632711000001101,AMP,1001010C0AABCBC
8455011000001100,Diclofenac 10mg/5ml oral solution,8455011000001100,VMP,1001010C0AABDBD
8455111000001104,Diclofenac 10mg/5ml oral suspension,8455111000001104,VMP,1001010C0AABDBD
8438311000001105,Diclofenac 10mg/5ml oral solution,8438311000001105,AMP,1001010C0AABDBD
8438611000001100,Diclofenac 10mg/5ml oral suspension,8438611000001100,AMP,1001010C0AABDBD
8455211000001105,Diclofenac 15mg/5ml oral solution,8455211000001105,VMP,1001010C0AABEBE
8455311000001102,Diclofenac 15mg/5ml oral suspension,8455311000001102,VMP,1001010C0AABEBE
8439711000001100,Diclofenac 15mg/5ml oral solution,8439711000001100,AMP,1001010C0AABEBE
8440411000001100,Diclofenac 15mg/5ml oral suspension,8440411000001100,AMP,1001010C0AABEBE
13439711000001100,Diclofenac 75mg/2ml solution for injection vials,13439711000001100,VMP,1001010C0AABIBI
15242611000001108,Diclofenac 100mg/5ml oral solution,15242611000001108,VMP,1001010C0AABJBJ
15242711000001104,Diclofenac 100mg/5ml oral suspension,15242711000001104,VMP,1001010C0AABJBJ
15238211000001107,Diclofenac 100mg/5ml oral solution,15238211000001107,AMP,1001010C0AABJBJ
15238511000001105,Diclofenac 100mg/5ml oral suspension,15238511000001105,AMP,1001010C0AABJBJ
28422211000001104,Diclofenac 40mg/5ml oral solution,28422211000001104,VMP,1001010C0AABKBK
28422311000001107,Diclofenac 40mg/5ml oral suspension,28422311000001107,VMP,1001010C0AABKBK
28414411000001104,Diclofenac 40mg/5ml oral solution,28414411000001104,AMP,1001010C0AABKBK
28414711000001105,Diclofenac 40mg/5ml oral suspension,28414711000001105,AMP,1001010C0AABKBK
11648711000001104,Diclofenac 50mg/5ml oral suspension,11648711000001104,VMP,1001010C0AABLBL
11615511000001106,Diclofenac 50mg/5ml oral suspension,11615511000001106,AMP,1001010C0AABLBL
35404211000001108,Diclofenac 75mg/1ml solution for injection ampoules,35404211000001108,VMP,1001010C0AABMBM
2911000001100,Voltarol 25mg gastro-resistant tablets,2911000001100,AMP,1001010C0BBAAAD
745711000001100,Voltarol 50mg gastro-resistant tablets,745711000001100,AMP,1001010C0BBABAE
272411000001108,Voltarol 75mg/3ml solution for injection ampoules,272411000001108,AMP,1001010C0BBACAA
788411000001106,Voltarol 100mg suppositories,788411000001106,AMP,1001010C0BBADAC
300211000001106,Voltarol 12.5mg suppositories,300211000001106,AMP,1001010C0BBAEAB
804711000001107,Voltarol Retard 100mg tablets,804711000001107,AMP,1001010C0BBAFAF
3354811000001101,Voltarol 50mg dispersible tablets,3354811000001101,AMP,1001010C0BBAGAJ
763111000001107,Voltarol 75mg SR tablets,763111000001107,AMP,1001010C0BBAHAL
913211000001109,Voltarol 25mg suppositories,913211000001109,AMP,1001010C0BBAIAT
44611000001107,Voltarol 50mg suppositories,44611000001107,AMP,1001010C0BBAJAU
358411000001104,Rhumalgan CR 75 tablets,358411000001104,AMP,1001010C0BDACAL
324811000001106,Rhumalgan CR 100 tablets,324811000001106,AMP,1001010C0BDADAF
8196311000001104,Rhumalgan XL 100mg capsules,8196311000001104,AMP,1001010C0BDAEAN
8197611000001106,Rhumalgan SR 75mg capsules,8197611000001106,AMP,1001010C0BDAFAW
18681011000001105,Rhumalgan SR 75mg capsules,18681011000001105,AMP,1001010C0BDAGAW
18680711000001104,Rhumalgan XL 100mg capsules,18680711000001104,AMP,1001010C0BDAHAN
22468711000001106,Rhumalgan SR 75mg capsules,22468711000001106,AMP,1001010C0BDAIAW
22421611000001104,Rhumalgan XL 100mg capsules,22421611000001104,AMP,1001010C0BDAJAN
341611000001107,Volraman 25mg gastro-resistant tablets,341611000001107,AMP,1001010C0BFAAAD
185611000001105,Volraman 50mg gastro-resistant tablets,185611000001105,AMP,1001010C0BFABAE
334011000001103,Diclozip 25mg gastro-resistant tablets,334011000001103,AMP,1001010C0BIAAAD
224911000001105,Diclozip 50mg gastro-resistant tablets,224911000001105,AMP,1001010C0BIABAE
602311000001109,Flamrase 25 EC tablets,602311000001109,AMP,1001010C0BKAAAD
107411000001100,Flamrase 50 EC tablets,107411000001100,AMP,1001010C0BKABAE
761911000001109,Flamrase SR 100mg tablets,761911000001109,AMP,1001010C0BKACAF
49711000001102,Flamrase 75mg SR tablets,49711000001102,AMP,1001010C0BKADAL
3159911000001101,Arthrotec 50 gastro-resistant tablets,3159911000001101,AMP,1001010C0BLAAAM
3161411000001104,Arthrotec 75 gastro-resistant tablets,3161411000001104,AMP,1001010C0BLABAX
350511000001103,Diclomax Retard 100mg capsules,350511000001103,AMP,1001010C0BMAAAN
172511000001105,Diclomax SR 75mg capsules,172511000001105,AMP,1001010C0BMABAW
3953411000001109,Motifene 75mg modified-release capsules,3953411000001109,AMP,1001010C0BPAAAR
570111000001107,Dicloflex 25mg gastro-resistant tablets,570111000001107,AMP,1001010C0BQAAAD
719711000001107,Dicloflex 50mg gastro-resistant tablets,719711000001107,AMP,1001010C0BQABAE
190611000001103,Dicloflex Retard 100mg tablets,190611000001103,AMP,1001010C0BQACAF
225611000001103,Dicloflex 75mg SR tablets,225611000001103,AMP,1001010C0BQADAL
7852911000001109,Dicloflex 75mg SR tablets,7852911000001109,AMP,1001010C0BQAEAL
7854211000001109,Dicloflex 75mg SR tablets,7854211000001109,AMP,1001010C0BQAFAL
7853311000001103,Dicloflex Retard 100mg tablets,7853311000001103,AMP,1001010C0BQAGAF
7854611000001106,Dicloflex Retard 100mg tablets,7854611000001106,AMP,1001010C0BQAHAF
10612711000001100,Dicloflex 25mg gastro-resistant tablets,10612711000001100,AMP,1001010C0BQAIAD
10686011000001100,Dicloflex 25mg gastro-resistant tablets,10686011000001100,AMP,1001010C0BQAJAD
10686211000001105,Dicloflex 50mg gastro-resistant tablets,10686211000001105,AMP,1001010C0BQAKAE
10686411000001109,Dicloflex 75mg SR tablets,10686411000001109,AMP,1001010C0BQALAL
10686711000001103,Dicloflex Retard 100mg tablets,10686711000001103,AMP,1001010C0BQAMAF
18299411000001101,Dicloflex 75mg SR tablets,18299411000001101,AMP,1001010C0BQANAL
44511000001108,Lofensaid 50mg gastro-resistant tablets,44511000001108,AMP,1001010C0BRAAAE
450611000001106,Lofensaid 25mg gastro-resistant tablets,450611000001106,AMP,1001010C0BRABAD
213511000001106,Lofensaid Retard 75 tablets,213511000001106,AMP,1001010C0BRACAL
490411000001102,Lofensaid Retard 100 tablets,490411000001102,AMP,1001010C0BRADAF
814411000001103,Volsaid Retard 75 tablets,814411000001103,AMP,1001010C0BSAAAL
632211000001109,Volsaid Retard 100 tablets,632211000001109,AMP,1001010C0BSABAF
922511000001109,Dexomon 75mg SR tablets,922511000001109,AMP,1001010C0BUABAL
667011000001107,Slofenac 75mg SR tablets,667011000001107,AMP,1001010C0BWAAAL
657911000001102,Flexotard MR 100mg tablets,657911000001102,AMP,1001010C0BXAAAF
658811000001106,Flamatak MR 100mg tablets,658811000001106,AMP,1001010C0BYAAAF
13411000001102,Flamatak MR 75mg tablets,13411000001102,AMP,1001010C0BYABAL
193511000001108,Diclotard 75mg modified-release tablets,193511000001108,AMP,1001010C0BZAAAL
78311000001106,Diclovol 25mg gastro-resistant tablets,78311000001106,AMP,1001010C0CCAAAD
407711000001107,Diclovol 50mg gastro-resistant tablets,407711000001107,AMP,1001010C0CCABAE
282411000001101,Diclovol 75mg SR tablets,282411000001101,AMP,1001010C0CCACAL
123311000001105,Diclovol Retard 100mg tablets,123311000001105,AMP,1001010C0CCADAF
7853611000001108,Diclovol 75mg SR tablets,7853611000001108,AMP,1001010C0CCAEAL
7854011000001104,Diclovol Retard 100mg tablets,7854011000001104,AMP,1001010C0CCAFAF
318711000001104,Acoflam 25mg gastro-resistant tablets,318711000001104,AMP,1001010C0CDAAAD
193111000001104,Acoflam 50mg gastro-resistant tablets,193111000001104,AMP,1001010C0CDABAE
541811000001109,Acoflam 75mg SR tablets,541811000001109,AMP,1001010C0CDACAL
784011000001106,Acoflam 100mg Retard tablets,784011000001106,AMP,1001010C0CDADAF
715111000001109,Rheumatac Retard 75 tablets,715111000001109,AMP,1001010C0CEAAAL
649411000001103,Econac 100mg suppositories,649411000001103,AMP,1001010C0CFAAAC
134111000001107,Econac 75mg/3ml solution for injection ampoules,134111000001107,AMP,1001010C0CFABAA
497011000001107,Closteril 100 modified-release tablets,497011000001107,AMP,1001010C0CGAAAF
434411000001103,Valdic 100 Retard tablets,434411000001103,AMP,1001010C0CHAAAF
205911000001100,Valdic 75 Retard tablets,205911000001100,AMP,1001010C0CHABAL
906311000001107,Defanac 75mg SR tablets,906311000001107,AMP,1001010C0CIAAAL
440911000001102,Defanac Retard 100mg tablets,440911000001102,AMP,1001010C0CIABAF
386511000001105,Defanac 25mg gastro-resistant tablets,386511000001105,AMP,1001010C0CIACAD
374311000001103,Defanac 50mg gastro-resistant tablets,374311000001103,AMP,1001010C0CIADAE
253811000001104,Fenactol 25mg gastro-resistant tablets,253811000001104,AMP,1001010C0CJAAAD
359411000001107,Fenactol 50mg gastro-resistant tablets,359411000001107,AMP,1001010C0CJABAE
210711000001105,Fenactol SR 75mg tablets,210711000001105,AMP,1001010C0CJACAL
656011000001104,Fenactol Retard 100mg tablets,656011000001104,AMP,1001010C0CJADAF
5639311000001108,Econac SR 75mg tablets,5639311000001108,AMP,1001010C0CKAAAL
5639711000001107,Econac XL 100mg tablets,5639711000001107,AMP,1001010C0CKABAF
13435311000001101,Dyloject 75mg/2ml solution for injection vials,13435311000001101,AMP,1001010C0CLAABI
17627211000001107,Enstar SR 75 tablets,17627211000001107,AMP,1001010C0CMAAAL
17627411000001106,Enstar XL 100 tablets,17627411000001106,AMP,1001010C0CMABAF
22591711000001107,Misofen 50mg/200microgram gastro-resistant tablets,22591711000001107,AMP,1001010C0CNAAAM
22592011000001102,Misofen 75mg/200microgram gastro-resistant tablets,22592011000001102,AMP,1001010C0CNABAX
29688611000001108,Masidemen 50mg/200microgram gastro-resistant tablets,29688611000001108,AMP,1001010C0CPAAAM
29688811000001107,Masidemen 75mg/200microgram gastro-resistant tablets,29688811000001107,AMP,1001010C0CPABAX
35404011000001103,Akis 75mg/1ml solution for injection ampoules,35404011000001103,AMP,1001010C0CQAABM
38411011000001109,Diclo-SR 75mg tablets,38411011000001109,AMP,1001010C0CRAAAL
42103011000001100,Etodolac 200mg capsules,42103011000001100,VMP,1001010E0AAAAAA
42103111000001104,Etodolac 300mg capsules,42103111000001104,VMP,1001010E0AAACAC
39109711000001107,Etodolac 600mg modified-release tablets,39109711000001107,VMP,1001010E0AAADAD
11141111000001109,Etodolac 600mg modified-release tablets,11141111000001109,AMP,1001010E0AAADAD
30054411000001100,Etodolac 600mg modified-release tablets,30054411000001100,AMP,1001010E0AAADAD
30810311000001107,Etodolac 600mg modified-release tablets,30810311000001107,AMP,1001010E0AAADAD
23915011000001106,Etodolac 600mg modified-release tablets,23915011000001106,AMP,1001010E0AAADAD
21977911000001102,Etodolac 600mg modified-release tablets,21977911000001102,AMP,1001010E0AAADAD
20914211000001103,Etodolac 600mg modified-release tablets,20914211000001103,AMP,1001010E0AAADAD
921411000001100,Lodine SR 600mg tablets,921411000001100,AMP,1001010E0BBADAD
3979111000001103,Ebretin 200mg capsules,3979111000001103,AMP,1001010E0BDAAAA
3979611000001106,Ebretin 300mg capsules,3979611000001106,AMP,1001010E0BDABAC
4626911000001105,Eccoxolac 300mg capsules,4626911000001105,AMP,1001010E0BFAAAC
10925311000001102,Etopan XL 600mg tablets,10925311000001102,AMP,1001010E0BGAAAD
33548811000001105,Etolyn 600mg modified-release tablets,33548811000001105,AMP,1001010E0BHAAAD
42104111000001102,Flurbiprofen 100mg suppositories,42104111000001102,VMP,1001010I0AAAAAA
42104311000001100,Flurbiprofen 50mg tablets,42104311000001100,VMP,1001010I0AAABAB
477611000001108,Flurbiprofen 50mg tablets,477611000001108,AMP,1001010I0AAABAB
825611000001105,Flurbiprofen 50mg tablets,825611000001105,AMP,1001010I0AAABAB
510811000001107,Flurbiprofen 50mg tablets,510811000001107,AMP,1001010I0AAABAB
4820811000001106,Flurbiprofen 50mg tablets,4820811000001106,AMP,1001010I0AAABAB
323611000001109,Flurbiprofen 50mg tablets,323611000001109,AMP,1001010I0AAABAB
17909911000001101,Flurbiprofen 50mg tablets,17909911000001101,AMP,1001010I0AAABAB
574511000001107,Flurbiprofen 50mg tablets,574511000001107,AMP,1001010I0AAABAB
24616411000001108,Flurbiprofen 50mg tablets,24616411000001108,AMP,1001010I0AAABAB
42104211000001108,Flurbiprofen 100mg tablets,42104211000001108,VMP,1001010I0AAACAC
91911000001105,Flurbiprofen 100mg tablets,91911000001105,AMP,1001010I0AAACAC
363911000001106,Flurbiprofen 100mg tablets,363911000001106,AMP,1001010I0AAACAC
410711000001109,Flurbiprofen 100mg tablets,410711000001109,AMP,1001010I0AAACAC
4821011000001109,Flurbiprofen 100mg tablets,4821011000001109,AMP,1001010I0AAACAC
732111000001109,Flurbiprofen 100mg tablets,732111000001109,AMP,1001010I0AAACAC
38920811000001101,Flurbiprofen 100mg tablets,38920811000001101,AMP,1001010I0AAACAC
17910111000001107,Flurbiprofen 100mg tablets,17910111000001107,AMP,1001010I0AAACAC
686111000001107,Flurbiprofen 100mg tablets,686111000001107,AMP,1001010I0AAACAC
24616611000001106,Flurbiprofen 100mg tablets,24616611000001106,AMP,1001010I0AAACAC
22014911000001109,Flurbiprofen 100mg tablets,22014911000001109,AMP,1001010I0AAACAC
36059011000001103,Flurbiprofen 200mg modified-release capsules,36059011000001103,VMP,1001010I0AAADAD
762311000001104,Froben 50mg tablets,762311000001104,AMP,1001010I0BBAAAB
538211000001100,Froben 100mg tablets,538211000001100,AMP,1001010I0BBABAC
293811000001108,Froben 100mg suppositories,293811000001108,AMP,1001010I0BBACAA
27511000001103,Froben SR 200mg capsules,27511000001103,AMP,1001010I0BBADAD
42104711000001101,Ibuprofen 200mg capsules,42104711000001101,VMP,1001010J0AAAAAA
23279311000001100,Ibuprofen 200mg capsules,23279311000001100,AMP,1001010J0AAAAAA
32465611000001107,Ibuprofen 200mg capsules,32465611000001107,AMP,1001010J0AAAAAA
24625711000001103,Ibuprofen 200mg capsules,24625711000001103,AMP,1001010J0AAAAAA
31993111000001104,Ibuprofen 200mg capsules,31993111000001104,AMP,1001010J0AAAAAA
45517711000001103,Ibuprofen 200mg capsules,45517711000001103,AMP,1001010J0AAAAAA
17307311000001104,Ibuprofen 200mg capsules,17307311000001104,AMP,1001010J0AAAAAA
15019211000001100,Ibuprofen 200mg capsules,15019211000001100,AMP,1001010J0AAAAAA
14703311000001100,Ibuprofen 200mg capsules,14703311000001100,AMP,1001010J0AAAAAA
36045311000001100,Ibuprofen 300mg modified-release capsules,36045311000001100,VMP,1001010J0AAABAB
42104511000001106,Ibuprofen 100mg/5ml oral suspension,42104511000001106,VMP,1001010J0AAACAC
42104811000001109,Ibuprofen 200mg tablets,42104811000001109,VMP,1001010J0AAADAD
45339011000001102,Ibuprofen 200mg caplets,45339011000001102,AMP,1001010J0AAADAD
18557911000001100,Ibuprofen 200mg caplets,18557911000001100,AMP,1001010J0AAADAD
46108911000001107,Ibuprofen 200mg caplets,46108911000001107,AMP,1001010J0AAADAD
9172611000001104,Ibuprofen 200mg caplets,9172611000001104,AMP,1001010J0AAADAD
7926811000001106,Ibuprofen 200mg caplets,7926811000001106,AMP,1001010J0AAADAD
27170011000001102,Ibuprofen 200mg caplets,27170011000001102,AMP,1001010J0AAADAD
771311000001100,Ibuprofen 200mg tablets,771311000001100,AMP,1001010J0AAADAD
37862011000001100,Ibuprofen 200mg tablets,37862011000001100,AMP,1001010J0AAADAD
715411000001104,Ibuprofen 200mg tablets,715411000001104,AMP,1001010J0AAADAD
9805311000001101,Ibuprofen 200mg tablets,9805311000001101,AMP,1001010J0AAADAD
10378911000001102,Ibuprofen 200mg tablets,10378911000001102,AMP,1001010J0AAADAD
892211000001107,Ibuprofen 200mg tablets,892211000001107,AMP,1001010J0AAADAD
17023611000001107,Ibuprofen 200mg tablets,17023611000001107,AMP,1001010J0AAADAD
14772411000001106,Ibuprofen 200mg tablets,14772411000001106,AMP,1001010J0AAADAD
16056611000001104,Ibuprofen 200mg tablets,16056611000001104,AMP,1001010J0AAADAD
43762111000001106,Ibuprofen 200mg tablets,43762111000001106,AMP,1001010J0AAADAD
28984611000001101,Ibuprofen 200mg tablets,28984611000001101,AMP,1001010J0AAADAD
13578911000001103,Ibuprofen 200mg tablets,13578911000001103,AMP,1001010J0AAADAD
40927611000001102,Ibuprofen 200mg tablets,40927611000001102,AMP,1001010J0AAADAD
18074911000001106,Ibuprofen 200mg tablets,18074911000001106,AMP,1001010J0AAADAD
39414411000001101,Ibuprofen 200mg tablets,39414411000001101,AMP,1001010J0AAADAD
14784511000001105,Ibuprofen 200mg tablets,14784511000001105,AMP,1001010J0AAADAD
45745311000001104,Ibuprofen 200mg tablets,45745311000001104,AMP,1001010J0AAADAD
869811000001101,Ibuprofen 200mg tablets,869811000001101,AMP,1001010J0AAADAD
201711000001104,Ibuprofen 200mg tablets,201711000001104,AMP,1001010J0AAADAD
30212411000001106,Ibuprofen 200mg tablets,30212411000001106,AMP,1001010J0AAADAD
38968711000001103,Ibuprofen 200mg tablets,38968711000001103,AMP,1001010J0AAADAD
41614111000001103,Ibuprofen 200mg tablets,41614111000001103,AMP,1001010J0AAADAD
35851611000001107,Ibuprofen 200mg tablets,35851611000001107,AMP,1001010J0AAADAD
41615111000001104,Ibuprofen 200mg tablets,41615111000001104,AMP,1001010J0AAADAD
38695411000001100,Ibuprofen 200mg tablets,38695411000001100,AMP,1001010J0AAADAD
45266411000001103,Ibuprofen 200mg tablets,45266411000001103,AMP,1001010J0AAADAD
342211000001103,Ibuprofen 200mg tablets,342211000001103,AMP,1001010J0AAADAD
17931411000001104,Ibuprofen 200mg tablets,17931411000001104,AMP,1001010J0AAADAD
43130211000001103,Ibuprofen 200mg tablets,43130211000001103,AMP,1001010J0AAADAD
11579811000001108,Ibuprofen 200mg tablets,11579811000001108,AMP,1001010J0AAADAD
29875911000001106,Ibuprofen 200mg tablets,29875911000001106,AMP,1001010J0AAADAD
859511000001108,Ibuprofen 200mg tablets,859511000001108,AMP,1001010J0AAADAD
4603011000001107,Ibuprofen 200mg tablets,4603011000001107,AMP,1001010J0AAADAD
110611000001104,Ibuprofen 200mg tablets,110611000001104,AMP,1001010J0AAADAD
9746811000001108,Ibuprofen 200mg tablets,9746811000001108,AMP,1001010J0AAADAD
367511000001109,Ibuprofen 200mg tablets,367511000001109,AMP,1001010J0AAADAD
327311000001106,Ibuprofen 200mg tablets,327311000001106,AMP,1001010J0AAADAD
22046511000001104,Ibuprofen 200mg tablets,22046511000001104,AMP,1001010J0AAADAD
9501811000001106,Ibuprofen 200mg tablets,9501811000001106,AMP,1001010J0AAADAD
3313611000001105,Ibuprofen 200mg tablets,3313611000001105,AMP,1001010J0AAADAD
654211000001104,Ibuprofen 200mg tablets film coated,654211000001104,AMP,1001010J0AAADAD
805711000001106,Ibuprofen 200mg tablets sugar coated,805711000001106,AMP,1001010J0AAADAD
6407711000001109,Ibuprofen 200mg tablets sugar coated,6407711000001109,AMP,1001010J0AAADAD
42104911000001104,Ibuprofen 400mg tablets,42104911000001104,VMP,1001010J0AAAEAE
18558411000001107,Ibuprofen 400mg caplets,18558411000001107,AMP,1001010J0AAAEAE
7928011000001101,Ibuprofen 400mg caplets,7928011000001101,AMP,1001010J0AAAEAE
913811000001105,Ibuprofen 400mg tablets,913811000001105,AMP,1001010J0AAAEAE
39977211000001102,Ibuprofen 400mg tablets,39977211000001102,AMP,1001010J0AAAEAE
497111000001108,Ibuprofen 400mg tablets,497111000001108,AMP,1001010J0AAAEAE
9816611000001104,Ibuprofen 400mg tablets,9816611000001104,AMP,1001010J0AAAEAE
10379111000001107,Ibuprofen 400mg tablets,10379111000001107,AMP,1001010J0AAAEAE
522911000001108,Ibuprofen 400mg tablets,522911000001108,AMP,1001010J0AAAEAE
14772911000001103,Ibuprofen 400mg tablets,14772911000001103,AMP,1001010J0AAAEAE
16057111000001105,Ibuprofen 400mg tablets,16057111000001105,AMP,1001010J0AAAEAE
43762311000001108,Ibuprofen 400mg tablets,43762311000001108,AMP,1001010J0AAAEAE
28984811000001102,Ibuprofen 400mg tablets,28984811000001102,AMP,1001010J0AAAEAE
13579211000001102,Ibuprofen 400mg tablets,13579211000001102,AMP,1001010J0AAAEAE
40928011000001105,Ibuprofen 400mg tablets,40928011000001105,AMP,1001010J0AAAEAE
18075111000001107,Ibuprofen 400mg tablets,18075111000001107,AMP,1001010J0AAAEAE
39415111000001105,Ibuprofen 400mg tablets,39415111000001105,AMP,1001010J0AAAEAE
9648711000001108,Ibuprofen 400mg tablets,9648711000001108,AMP,1001010J0AAAEAE
878411000001103,Ibuprofen 400mg tablets,878411000001103,AMP,1001010J0AAAEAE
491911000001103,Ibuprofen 400mg tablets,491911000001103,AMP,1001010J0AAAEAE
30213011000001106,Ibuprofen 400mg tablets,30213011000001106,AMP,1001010J0AAAEAE
38991111000001109,Ibuprofen 400mg tablets,38991111000001109,AMP,1001010J0AAAEAE
41614311000001101,Ibuprofen 400mg tablets,41614311000001101,AMP,1001010J0AAAEAE
36042811000001102,Ibuprofen 400mg tablets,36042811000001102,AMP,1001010J0AAAEAE
41615411000001109,Ibuprofen 400mg tablets,41615411000001109,AMP,1001010J0AAAEAE
38695211000001104,Ibuprofen 400mg tablets,38695211000001104,AMP,1001010J0AAAEAE
714611000001102,Ibuprofen 400mg tablets,714611000001102,AMP,1001010J0AAAEAE
17931611000001101,Ibuprofen 400mg tablets,17931611000001101,AMP,1001010J0AAAEAE
44371211000001101,Ibuprofen 400mg tablets,44371211000001101,AMP,1001010J0AAAEAE
37062811000001105,Ibuprofen 400mg tablets,37062811000001105,AMP,1001010J0AAAEAE
779411000001108,Ibuprofen 400mg tablets,779411000001108,AMP,1001010J0AAAEAE
15055611000001106,Ibuprofen 400mg tablets,15055611000001106,AMP,1001010J0AAAEAE
434811000001101,Ibuprofen 400mg tablets,434811000001101,AMP,1001010J0AAAEAE
42445811000001103,Ibuprofen 400mg tablets,42445811000001103,AMP,1001010J0AAAEAE
644111000001107,Ibuprofen 400mg tablets,644111000001107,AMP,1001010J0AAAEAE
4604211000001104,Ibuprofen 400mg tablets,4604211000001104,AMP,1001010J0AAAEAE
1511000001104,Ibuprofen 400mg tablets,1511000001104,AMP,1001010J0AAAEAE
9746611000001109,Ibuprofen 400mg tablets,9746611000001109,AMP,1001010J0AAAEAE
207911000001105,Ibuprofen 400mg tablets,207911000001105,AMP,1001010J0AAAEAE
333311000001102,Ibuprofen 400mg tablets,333311000001102,AMP,1001010J0AAAEAE
22046911000001106,Ibuprofen 400mg tablets,22046911000001106,AMP,1001010J0AAAEAE
9502111000001109,Ibuprofen 400mg tablets,9502111000001109,AMP,1001010J0AAAEAE
11177511000001107,Ibuprofen 400mg tablets,11177511000001107,AMP,1001010J0AAAEAE
273411000001104,Ibuprofen 400mg tablets film coated,273411000001104,AMP,1001010J0AAAEAE
415811000001107,Ibuprofen 400mg tablets sugar coated,415811000001107,AMP,1001010J0AAAEAE
420811000001109,Ibuprofen 400mg tablets sugar coated,420811000001109,AMP,1001010J0AAAEAE
42105311000001101,Ibuprofen 600mg tablets,42105311000001101,VMP,1001010J0AAAFAF
451211000001103,Ibuprofen 600mg tablets,451211000001103,AMP,1001010J0AAAFAF
641211000001103,Ibuprofen 600mg tablets,641211000001103,AMP,1001010J0AAAFAF
334411000001107,Ibuprofen 600mg tablets,334411000001107,AMP,1001010J0AAAFAF
9805911000001100,Ibuprofen 600mg tablets,9805911000001100,AMP,1001010J0AAAFAF
10379411000001102,Ibuprofen 600mg tablets,10379411000001102,AMP,1001010J0AAAFAF
901511000001105,Ibuprofen 600mg tablets,901511000001105,AMP,1001010J0AAAFAF
14773611000001104,Ibuprofen 600mg tablets,14773611000001104,AMP,1001010J0AAAFAF
21033511000001107,Ibuprofen 600mg tablets,21033511000001107,AMP,1001010J0AAAFAF
43762511000001102,Ibuprofen 600mg tablets,43762511000001102,AMP,1001010J0AAAFAF
36080311000001102,Ibuprofen 600mg tablets,36080311000001102,AMP,1001010J0AAAFAF
37422011000001104,Ibuprofen 600mg tablets,37422011000001104,AMP,1001010J0AAAFAF
36513111000001106,Ibuprofen 600mg tablets,36513111000001106,AMP,1001010J0AAAFAF
18078211000001108,Ibuprofen 600mg tablets,18078211000001108,AMP,1001010J0AAAFAF
25311000001101,Ibuprofen 600mg tablets,25311000001101,AMP,1001010J0AAAFAF
32011000001107,Ibuprofen 600mg tablets,32011000001107,AMP,1001010J0AAAFAF
38991811000001102,Ibuprofen 600mg tablets,38991811000001102,AMP,1001010J0AAAFAF
36043011000001104,Ibuprofen 600mg tablets,36043011000001104,AMP,1001010J0AAAFAF
41940311000001101,Ibuprofen 600mg tablets,41940311000001101,AMP,1001010J0AAAFAF
36700311000001101,Ibuprofen 600mg tablets,36700311000001101,AMP,1001010J0AAAFAF
177111000001104,Ibuprofen 600mg tablets,177111000001104,AMP,1001010J0AAAFAF
17931811000001102,Ibuprofen 600mg tablets,17931811000001102,AMP,1001010J0AAAFAF
37079111000001100,Ibuprofen 600mg tablets,37079111000001100,AMP,1001010J0AAAFAF
281911000001103,Ibuprofen 600mg tablets,281911000001103,AMP,1001010J0AAAFAF
15101111000001101,Ibuprofen 600mg tablets,15101111000001101,AMP,1001010J0AAAFAF
928211000001108,Ibuprofen 600mg tablets,928211000001108,AMP,1001010J0AAAFAF
15711000001109,Ibuprofen 600mg tablets,15711000001109,AMP,1001010J0AAAFAF
349811000001107,Ibuprofen 600mg tablets,349811000001107,AMP,1001010J0AAAFAF
22057111000001108,Ibuprofen 600mg tablets,22057111000001108,AMP,1001010J0AAAFAF
11177711000001102,Ibuprofen 600mg tablets,11177711000001102,AMP,1001010J0AAAFAF
372911000001106,Ibuprofen 600mg tablets film coated,372911000001106,AMP,1001010J0AAAFAF
42105411000001108,Ibuprofen 800mg tablets,42105411000001108,VMP,1001010J0AAAGAG
42105211000001109,Ibuprofen 600mg effervescent granules sachets,42105211000001109,VMP,1001010J0AAANAN
39110311000001101,Ibuprofen 800mg modified-release tablets,39110311000001101,VMP,1001010J0AAAPAP
36045211000001108,Ibuprofen 300mg modified-release / Codeine 20mg tablets,36045211000001108,VMP,1001010J0AAARAR
10774611000001104,Ibuprofen 400mg capsules,10774611000001104,VMP,1001010J0AAAUAU
41014211000001102,Ibuprofen 400mg capsules,41014211000001102,AMP,1001010J0AAAUAU
39737111000001104,Ibuprofen 400mg capsules,39737111000001104,AMP,1001010J0AAAUAU
42104611000001105,Ibuprofen 200mg / Codeine 12.8mg tablets,42104611000001105,VMP,1001010J0AAAYAY
45872911000001108,Ibuprofen 200mg / Codeine 12.8mg tablets,45872911000001108,AMP,1001010J0AAAYAY
36045011000001103,Ibuprofen 200mg modified-release capsules,36045011000001103,VMP,1001010J0AABABA
39108111000001104,Ibuprofen 100mg/5ml oral suspension sugar free,39108111000001104,VMP,1001010J0AABHBH
731611000001107,Ibuprofen 100mg/5ml oral suspension sugar free,731611000001107,AMP,1001010J0AABHBH
30804111000001103,Ibuprofen 100mg/5ml oral suspension sugar free,30804111000001103,AMP,1001010J0AABHBH
23811000001106,Ibuprofen 100mg/5ml oral suspension sugar free,23811000001106,AMP,1001010J0AABHBH
24174611000001106,Ibuprofen 100mg/5ml oral suspension sugar free,24174611000001106,AMP,1001010J0AABHBH
3323411000001100,Ibuprofen 100mg/5ml oral suspension sugar free,3323411000001100,AMP,1001010J0AABHBH
38997011000001103,Ibuprofen 100mg/5ml oral suspension sugar free,38997011000001103,AMP,1001010J0AABHBH
18109611000001102,Ibuprofen 100mg/5ml oral suspension sugar free,18109611000001102,AMP,1001010J0AABHBH
13623411000001108,Ibuprofen 100mg/5ml oral suspension sugar free,13623411000001108,AMP,1001010J0AABHBH
37421811000001101,Ibuprofen 100mg/5ml oral suspension sugar free,37421811000001101,AMP,1001010J0AABHBH
26311000001106,Ibuprofen 100mg/5ml oral suspension sugar free,26311000001106,AMP,1001010J0AABHBH
15100811000001100,Ibuprofen 100mg/5ml oral suspension sugar free,15100811000001100,AMP,1001010J0AABHBH
7944111000001109,Ibuprofen 100mg/5ml oral suspension sugar free,7944111000001109,AMP,1001010J0AABHBH
9209811000001100,Ibuprofen 100mg/5ml oral suspension sugar free,9209811000001100,AMP,1001010J0AABHBH
5021111000001102,Ibuprofen 100mg/5ml oral suspension sugar free,5021111000001102,AMP,1001010J0AABHBH
12637311000001104,Ibuprofen 200mg/5ml oral suspension,12637311000001104,VMP,1001010J0AABIBI
12597711000001104,Ibuprofen 200mg/5ml oral suspension,12597711000001104,AMP,1001010J0AABIBI
39693611000001104,Ibuprofen 200mg / Pseudoephedrine hydrochloride 30mg tablets,39693611000001104,VMP,1001010J0AABJBJ
4615511000001102,Ibuprofen 100mg/5ml oral suspension 5ml sachets sugar free,4615511000001102,VMP,1001010J0AABMBM
9458211000001101,Ibuprofen 100mg/5ml oral suspension 5ml sachets sugar free,9458211000001101,AMP,1001010J0AABMBM
13623911000001100,Ibuprofen 100mg/5ml oral suspension 5ml sachets sugar free,13623911000001100,AMP,1001010J0AABMBM
9210011000001100,Ibuprofen 100mg/5ml oral suspension 5ml sachets sugar free,9210011000001100,AMP,1001010J0AABMBM
3875511000001104,Ibuprofen 200mg orodispersible tablets sugar free,3875511000001104,VMP,1001010J0AABNBN
19525111000001109,Ibuprofen 200mg effervescent tablets,19525111000001109,VMP,1001010J0AABPBP
32392411000001107,Ibuprofen 100mg chewable capsules,32392411000001107,VMP,1001010J0AABQBQ
36608611000001101,Ibuprofen 200mg/5ml oral suspension sugar free,36608611000001101,VMP,1001010J0AABRBR
41797711000001101,Ibuprofen 200mg/5ml oral suspension sugar free,41797711000001101,AMP,1001010J0AABRBR
34878411000001108,Ibuprofen 200mg / Phenylephrine 6.1mg tablets,34878411000001108,VMP,1001010J0AABSBS
389511000001100,Arthrofen 200 tablets,389511000001100,AMP,1001010J0B1ADAD
933011000001107,Arthrofen 400 tablets,933011000001107,AMP,1001010J0B1AEAE
415611000001108,Arthrofen 600 tablets,415611000001108,AMP,1001010J0B1AFAF
903411000001105,Migrafen 200mg tablets,903411000001105,AMP,1001010J0B2AAAD
694411000001106,Nurofen 200mg tablets,694411000001106,AMP,1001010J0B4ABAD
621911000001109,Nurofen 200mg caplets,621911000001109,AMP,1001010J0B4AEAD
3158711000001107,Nurofen Long Lasting 300mg capsules,3158711000001107,AMP,1001010J0B4AGAB
3869111000001103,Nurofen Meltlets 200mg tablets,3869111000001103,AMP,1001010J0B4AHBN
3917611000001108,Nurofen 200mg liquid capsules,3917611000001108,AMP,1001010J0B4AIAA
664811000001105,Nurofen for Children 100mg/5ml oral suspension orange,664811000001105,AMP,1001010J0B4AJBH
3915411000001104,Nurofen Plus tablets,3915411000001104,AMP,1001010J0B4AKAY
4605611000001101,Nurofen for Children Singles 100mg/5ml oral suspension 5ml sachets orange,4605611000001101,AMP,1001010J0B4ALBM
4603411000001103,Nurofen Recovery 200mg orodispersible tablets,4603411000001103,AMP,1001010J0B4AMBN
8061211000001108,Nurofen Long Lasting Pain Relief PR 300mg capsules,8061211000001108,AMP,1001010J0B4ANAB
4606211000001109,Nurofen Cold and Flu tablets,4606211000001109,AMP,1001010J0B4APBJ
9164611000001101,Nurofen for Children 100mg/5ml oral suspension strawberry,9164611000001101,AMP,1001010J0B4AQBH
9164311000001106,Nurofen for Children Singles 100mg/5ml oral suspension 5ml sachets strawberry,9164311000001106,AMP,1001010J0B4ARBM
9444911000001101,Nurofen Sinus tablets,9444911000001101,AMP,1001010J0B4ASBJ
10768811000001101,Nurofen Extra Strength 400mg capsules,10768811000001101,AMP,1001010J0B4ATAU
11934511000001100,Nurofen Express 200mg liquid capsules,11934511000001100,AMP,1001010J0B4AUAA
11934911000001107,Nurofen Express 400mg liquid capsules,11934911000001107,AMP,1001010J0B4AVAU
21524011000001101,Nurofen Express Period Pain 200mg capsules,21524011000001101,AMP,1001010J0B4AWAA
23649611000001109,"Nurofen for Children Cold, Pain and Fever Strawberry Flavour 100mg/5ml oral suspension",23649611000001109,AMP,1001010J0B4AXBH
23649811000001108,"Nurofen for Children Cold, Pain and Fever Orange Flavour 100mg/5ml oral suspension",23649811000001108,AMP,1001010J0B4AYBH
31394911000001107,Nurofen Pain Relief 200mg capsules,31394911000001107,AMP,1001010J0B4AZAA
31396411000001107,Nurofen Sinus Pressure & Headache Relief 200mg/30mg tablets,31396411000001107,AMP,1001010J0B4BABJ
32390811000001108,Nurofen for Children 100mg chewable capsules,32390811000001108,AMP,1001010J0B4BBBQ
38692711000001102,Nurofen for Children 200mg/5ml oral suspension orange,38692711000001102,AMP,1001010J0B4BCBR
38692911000001100,Nurofen for Children 200mg/5ml oral suspension strawberry,38692911000001100,AMP,1001010J0B4BDBR
3420111000001109,Codafen Continus tablets,3420111000001109,AMP,1001010J0B8AAAR
643711000001106,Brufen 200mg tablets,643711000001106,AMP,1001010J0BCAAAD
263211000001109,Brufen 400mg tablets,263211000001109,AMP,1001010J0BCABAE
230111000001100,Brufen 600mg tablets,230111000001100,AMP,1001010J0BCACAF
445711000001109,Brufen 100mg/5ml syrup,445711000001109,AMP,1001010J0BCADAC
3239211000001107,Brufen 600mg effervescent granules sachets,3239211000001107,AMP,1001010J0BCAEAN
368011000001100,Brufen Retard 800mg tablets,368011000001100,AMP,1001010J0BCAFAP
3159211000001105,Fenbid 300mg Spansules,3159211000001105,AMP,1001010J0BEAAAB
868911000001103,Motrin 400mg tablets,868911000001103,AMP,1001010J0BHABAE
550011000001109,Motrin 600mg tablets,550011000001109,AMP,1001010J0BHACAF
62911000001102,Motrin 800mg tablets,62911000001102,AMP,1001010J0BHADAG
640911000001100,Cuprofen 200mg tablets,640911000001100,AMP,1001010J0BMAAAD
621611000001103,Cuprofen Maximum Strength 400mg tablets,621611000001103,AMP,1001010J0BMACAE
9890311000001105,Cuprofen for Children 100mg/5ml oral suspension,9890311000001105,AMP,1001010J0BMADBH
8092711000001106,Cuprofen PLUS tablets,8092711000001106,AMP,1001010J0BMAEAY
901911000001103,Librofem 200mg tablets,901911000001103,AMP,1001010J0BSAAAD
24511000001106,Pacifene 200mg tablets,24511000001106,AMP,1001010J0BUAAAD
240311000001104,Relcofen 400mg tablets,240311000001104,AMP,1001010J0BYABAE
3916211000001109,Solpaflex tablets,3916211000001109,AMP,1001010J0CBAAAY
474111000001105,Galprofen 200mg tablets,474111000001105,AMP,1001010J0CCAAAD
258411000001107,Galprofen Cold and Flu 200mg tablets,258411000001107,AMP,1001010J0CCABAD
3996111000001104,Galprofen Long Lasting 200mg capsules,3996111000001104,AMP,1001010J0CCACBA
32811000001101,Galprofen 100mg/5ml oral suspension,32811000001101,AMP,1001010J0CCADBH
11270111000001101,Galprofen Migraine Relief 200mg capsules,11270111000001101,AMP,1001010J0CCAEAA
13630511000001104,Galprofen Long Lasting 300mg capsules,13630511000001104,AMP,1001010J0CCAFAB
642011000001100,Junior Ibuprofen 100mg/5ml oral suspension,642011000001100,AMP,1001010J0CDABBH
24584811000001108,Numark Max Strength Pharmacy Ibuprofen 400mg tablets,24584811000001108,AMP,1001010J0CDADAE
8970311000001109,Advil 200mg tablets,8970311000001109,AMP,1001010J0CEAAAD
633211000001103,Advil Extra Strength 400mg tablets,633211000001103,AMP,1001010J0CEABAE
18822611000001108,Boots Ibuprofen 6 Months Plus 100mg/5ml oral suspension strawberry,18822611000001108,AMP,1001010J0CFABBH
31003411000001100,Boots Ibuprofen 3 Months Plus 100mg/5ml oral suspension strawberry,31003411000001100,AMP,1001010J0CFACBH
31004511000001103,Boots Ibuprofen and Codeine 200mg/12.8mg tablets,31004511000001103,AMP,1001010J0CFADAY
31005011000001105,Boots Ibuprofen Long Lasting 200mg capsules,31005011000001105,AMP,1001010J0CFAEBA
195311000001101,Ibufem 200mg tablets,195311000001101,AMP,1001010J0CHAAAD
601311000001100,Anadin Ibuprofen 200mg tablets,601311000001100,AMP,1001010J0CJAAAD
3918911000001101,Anadin Ultra 200mg capsules,3918911000001101,AMP,1001010J0CJABAA
10752411000001106,Anadin LiquiFast 400mg capsules,10752411000001106,AMP,1001010J0CJACAU
13101011000001106,Anadin Joint Pain 200mg tablets,13101011000001106,AMP,1001010J0CJADAD
19510011000001106,Anadin LiquiFast 200mg effervescent tablets,19510011000001106,AMP,1001010J0CJAEBP
28939511000001106,Anadin Period Pain Relief 200mg capsules,28939511000001106,AMP,1001010J0CJAFAA
13750411000001109,Lloydspharmacy Ibuprofen Long Lasting 200mg capsules,13750411000001109,AMP,1001010J0CMACBA
13860211000001101,Lloydspharmacy Ibuprofen 200mg liquid capsules,13860211000001101,AMP,1001010J0CMADAA
13860411000001102,Lloydspharmacy Maximum Strength Ibuprofen 400mg liquid capsules,13860411000001102,AMP,1001010J0CMAEAU
7929311000001109,Lloydspharmacy Ibuprofen 100mg/5ml oral suspension,7929311000001109,AMP,1001010J0CMAFBH
336911000001107,Hedex Ibuprofen 200mg caplets,336911000001107,AMP,1001010J0CPAAAD
17042011000001106,Hedex Ibuprofen 200mg tablets,17042011000001106,AMP,1001010J0CPABAD
477011000001101,Orbifen For Children 100mg/5ml oral suspension,477011000001101,AMP,1001010J0CRAABH
7664811000001108,Orbifen For Children 100mg/5ml oral suspension 5ml sachets,7664811000001108,AMP,1001010J0CRABBM
8008611000001103,Sudafed Sinus Pressure & Pain tablets,8008611000001103,AMP,1001010J0CSAABJ
34874211000001103,Sudafed Sinus Pain Relief 200mg/6.1mg tablets,34874211000001103,AMP,1001010J0CSABBS
3021311000001105,Manorfen 400mg tablets,3021311000001105,AMP,1001010J0CTAAAE
19690911000001104,Manorfen 200mg tablets,19690911000001104,AMP,1001010J0CTABAD
29666011000001102,Care Ibuprofen for Children 100mg/5ml oral suspension,29666011000001102,AMP,1001010J0CUABBH
4632211000001100,Feverfen 100mg/5ml oral suspension,4632211000001100,AMP,1001010J0CWABBH
4535711000001109,Fenpaed 100mg/5ml oral suspension,4535711000001109,AMP,1001010J0CXABBH
8104311000001107,Fenpaed 100mg/5ml oral suspension 5ml sachets,8104311000001107,AMP,1001010J0CXACBM
7997311000001105,Mandafen for Children 100mg/5ml oral suspension sugar free,7997311000001105,AMP,1001010J0CYAABH
7997811000001101,Mandafen 400mg tablets,7997811000001101,AMP,1001010J0CYABAE
17238111000001100,Mandafen 600mg tablets,17238111000001100,AMP,1001010J0CYACAF
4585211000001105,Calprofen 100mg/5ml oral suspension,4585211000001105,AMP,1001010J0DBAABH
7643811000001101,Calprofen 100mg/5ml oral suspension paediatric,7643811000001101,AMP,1001010J0DBABBH
11753011000001104,Calprofen 100mg/5ml oral suspension 5ml sachets,11753011000001104,AMP,1001010J0DBACBM
9244911000001100,Pure Health Junior Ibuprofen 100mg/5ml oral suspension,9244911000001100,AMP,1001010J0DEAABH
9993111000001106,Galpharm Ibuprofen For Children 100mg/5ml oral suspension 5ml sachets,9993111000001106,AMP,1001010J0DFAABM
11775811000001106,Galpharm Maximum Strength Ibuprofen 400mg liquid capsules,11775811000001106,AMP,1001010J0DFABAU
13636911000001109,Galpharm Children's Ibuprofen 100mg/5ml oral suspension,13636911000001109,AMP,1001010J0DFACBH
17303111000001109,Galpharm Migraine Relief 200mg capsules,17303111000001109,AMP,1001010J0DFADAA
17317011000001104,Paramed Ibuprofen 200mg liquid capsules,17317011000001104,AMP,1001010J0DFAEAA
10194911000001107,Solpadeine Migraine Ibuprofen & Codeine tablets,10194911000001107,AMP,1001010J0DGAAAY
16528311000001106,Ibucalm 200mg tablets,16528311000001106,AMP,1001010J0DHAAAD
16528811000001102,Ibucalm 400mg tablets,16528811000001102,AMP,1001010J0DHABAE
34790511000001100,Flarin 200mg capsules,34790511000001100,AMP,1001010J0DIAAAA
36105911000001102,Ibular 200mg tablets,36105911000001102,AMP,1001010J0DJAAAD
36106111000001106,Ibular 400mg tablets,36106111000001106,AMP,1001010J0DJABAE
36603011000001101,Ibuprofen Twelve Plus Pain Relief 200mg/5ml oral suspension,36603011000001101,AMP,1001010J0DKAABR
36760411000001109,Ibuprofen Seven Plus Pain Relief 200mg/5ml oral suspension,36760411000001109,AMP,1001010J0DKABBR
40913711000001106,Noubid 200mg tablets,40913711000001106,AMP,1001010J0DLAAAD
41091211000001100,Bell's Children's Pain & Fever Relief 100mg/5ml oral suspension,41091211000001100,AMP,1001010J0DMAABH
42369411000001103,Bell's Back & Muscle Pain Relief 200mg capsules,42369411000001103,AMP,1001010J0DMABAA
42105611000001106,Indometacin 25mg capsules,42105611000001106,VMP,1001010K0AAAAAA
746311000001109,Indometacin 25mg capsules,746311000001109,AMP,1001010K0AAAAAA
24411000001107,Indometacin 25mg capsules,24411000001107,AMP,1001010K0AAAAAA
387211000001109,Indometacin 25mg capsules,387211000001109,AMP,1001010K0AAAAAA
11405211000001107,Indometacin 25mg capsules,11405211000001107,AMP,1001010K0AAAAAA
10381711000001100,Indometacin 25mg capsules,10381711000001100,AMP,1001010K0AAAAAA
14783711000001102,Indometacin 25mg capsules,14783711000001102,AMP,1001010K0AAAAAA
18559111000001109,Indometacin 25mg capsules,18559111000001109,AMP,1001010K0AAAAAA
34016011000001105,Indometacin 25mg capsules,34016011000001105,AMP,1001010K0AAAAAA
24176011000001109,Indometacin 25mg capsules,24176011000001109,AMP,1001010K0AAAAAA
11017711000001100,Indometacin 25mg capsules,11017711000001100,AMP,1001010K0AAAAAA
20324411000001101,Indometacin 25mg capsules,20324411000001101,AMP,1001010K0AAAAAA
770811000001101,Indometacin 25mg capsules,770811000001101,AMP,1001010K0AAAAAA
39000711000001105,Indometacin 25mg capsules,39000711000001105,AMP,1001010K0AAAAAA
17932611000001107,Indometacin 25mg capsules,17932611000001107,AMP,1001010K0AAAAAA
4331311000001106,Indometacin 25mg capsules,4331311000001106,AMP,1001010K0AAAAAA
29877911000001101,Indometacin 25mg capsules,29877911000001101,AMP,1001010K0AAAAAA
564511000001104,Indometacin 25mg capsules,564511000001104,AMP,1001010K0AAAAAA
26779711000001102,Indometacin 25mg capsules,26779711000001102,AMP,1001010K0AAAAAA
22061111000001107,Indometacin 25mg capsules,22061111000001107,AMP,1001010K0AAAAAA
42105811000001105,Indometacin 50mg capsules,42105811000001105,VMP,1001010K0AAABAB
799011000001106,Indometacin 50mg capsules,799011000001106,AMP,1001010K0AAABAB
100211000001103,Indometacin 50mg capsules,100211000001103,AMP,1001010K0AAABAB
604011000001100,Indometacin 50mg capsules,604011000001100,AMP,1001010K0AAABAB
9807011000001106,Indometacin 50mg capsules,9807011000001106,AMP,1001010K0AAABAB
28919111000001108,Indometacin 50mg capsules,28919111000001108,AMP,1001010K0AAABAB
24176411000001100,Indometacin 50mg capsules,24176411000001100,AMP,1001010K0AAABAB
11017511000001105,Indometacin 50mg capsules,11017511000001105,AMP,1001010K0AAABAB
20324611000001103,Indometacin 50mg capsules,20324611000001103,AMP,1001010K0AAABAB
749911000001101,Indometacin 50mg capsules,749911000001101,AMP,1001010K0AAABAB
39000911000001107,Indometacin 50mg capsules,39000911000001107,AMP,1001010K0AAABAB
17932811000001106,Indometacin 50mg capsules,17932811000001106,AMP,1001010K0AAABAB
4331511000001100,Indometacin 50mg capsules,4331511000001100,AMP,1001010K0AAABAB
29878111000001103,Indometacin 50mg capsules,29878111000001103,AMP,1001010K0AAABAB
787911000001104,Indometacin 50mg capsules,787911000001104,AMP,1001010K0AAABAB
26780111000001103,Indometacin 50mg capsules,26780111000001103,AMP,1001010K0AAABAB
525611000001106,Indometacin 50mg capsules,525611000001106,AMP,1001010K0AAABAB
22061611000001104,Indometacin 50mg capsules,22061611000001104,AMP,1001010K0AAABAB
39024911000001108,Indometacin 25mg modified-release capsules,39024911000001108,VMP,1001010K0AAACAC
36046811000001101,Indometacin 75mg modified-release capsules,36046811000001101,VMP,1001010K0AAADAD
853011000001103,Indometacin 75mg modified-release capsules,853011000001103,AMP,1001010K0AAADAD
4562011000001108,Indometacin 25mg/5ml oral suspension sugar free,4562011000001108,VMP,1001010K0AAAEAE
42105511000001107,Indometacin 100mg suppositories,42105511000001107,VMP,1001010K0AAAFAF
43166811000001108,Indometacin 100mg suppositories,43166811000001108,AMP,1001010K0AAAFAF
145211000001101,Indometacin 100mg suppositories,145211000001101,AMP,1001010K0AAAFAF
44023511000001104,Indometacin 100mg suppositories,44023511000001104,AMP,1001010K0AAAFAF
42309311000001109,Indometacin 100mg suppositories,42309311000001109,AMP,1001010K0AAAFAF
18611000001106,Indometacin 100mg suppositories,18611000001106,AMP,1001010K0AAAFAF
43150611000001102,Indometacin 100mg suppositories,43150611000001102,AMP,1001010K0AAAFAF
36046911000001106,Indometacin 75mg modified-release tablets,36046911000001106,VMP,1001010K0AAAJAJ
36046711000001109,Indometacin 50mg modified-release tablets,36046711000001109,VMP,1001010K0AAAKAK
36046611000001100,Indometacin 25mg modified-release tablets,36046611000001100,VMP,1001010K0AAALAL
8561611000001108,Indometacin 25mg/5ml oral solution,8561611000001108,VMP,1001010K0AAAQAQ
8544911000001109,Indometacin 25mg/5ml oral solution,8544911000001109,AMP,1001010K0AAAQAQ
12638611000001108,Indometacin 20mg/5ml oral solution,12638611000001108,VMP,1001010K0AAARAR
12638711000001104,Indometacin 20mg/5ml oral suspension,12638711000001104,VMP,1001010K0AAARAR
12603111000001101,Indometacin 20mg/5ml oral solution,12603111000001101,AMP,1001010K0AAARAR
12602811000001100,Indometacin 20mg/5ml oral suspension,12602811000001100,AMP,1001010K0AAARAR
12639011000001106,Indometacin 3mg/5ml oral solution,12639011000001106,VMP,1001010K0AAASAS
12639111000001107,Indometacin 3mg/5ml oral suspension,12639111000001107,VMP,1001010K0AAASAS
12604311000001102,Indometacin 3mg/5ml oral solution,12604311000001102,AMP,1001010K0AAASAS
12604011000001100,Indometacin 3mg/5ml oral suspension,12604011000001100,AMP,1001010K0AAASAS
12637811000001108,Indometacin 1.2mg/5ml oral solution,12637811000001108,VMP,1001010K0AAATAT
12637911000001103,Indometacin 1.2mg/5ml oral suspension,12637911000001103,VMP,1001010K0AAATAT
12599511000001102,Indometacin 1.2mg/5ml oral solution,12599511000001102,AMP,1001010K0AAATAT
12599211000001100,Indometacin 1.2mg/5ml oral suspension,12599211000001100,AMP,1001010K0AAATAT
12639211000001101,Indometacin 500micrograms/5ml oral solution,12639211000001101,VMP,1001010K0AAAUAU
12639311000001109,Indometacin 500micrograms/5ml oral suspension,12639311000001109,VMP,1001010K0AAAUAU
12604911000001101,Indometacin 500micrograms/5ml oral solution,12604911000001101,AMP,1001010K0AAAUAU
12604611000001107,Indometacin 500micrograms/5ml oral suspension,12604611000001107,AMP,1001010K0AAAUAU
8561811000001107,Indometacin 50mg/5ml oral solution,8561811000001107,VMP,1001010K0AAAVAV
8561911000001102,Indometacin 50mg/5ml oral suspension,8561911000001102,VMP,1001010K0AAAVAV
8544811000001104,Indometacin 50mg/5ml oral solution,8544811000001104,AMP,1001010K0AAAVAV
8545311000001107,Indometacin 50mg/5ml oral suspension,8545311000001107,AMP,1001010K0AAAVAV
12638811000001107,Indometacin 31.25mg/5ml oral solution,12638811000001107,VMP,1001010K0AAAWAW
12638911000001102,Indometacin 31.25mg/5ml oral suspension,12638911000001102,VMP,1001010K0AAAWAW
12603711000001100,Indometacin 31.25mg/5ml oral solution,12603711000001100,AMP,1001010K0AAAWAW
12603411000001106,Indometacin 31.25mg/5ml oral suspension,12603411000001106,AMP,1001010K0AAAWAW
12638011000001101,Indometacin 10mg/5ml oral solution,12638011000001101,VMP,1001010K0AAAXAX
12638111000001100,Indometacin 10mg/5ml oral suspension,12638111000001100,VMP,1001010K0AAAXAX
12600111000001108,Indometacin 10mg/5ml oral solution,12600111000001108,AMP,1001010K0AAAXAX
12599811000001104,Indometacin 10mg/5ml oral suspension,12599811000001104,AMP,1001010K0AAAXAX
12638211000001106,Indometacin 12mg/5ml oral solution,12638211000001106,VMP,1001010K0AAAYAY
12638311000001103,Indometacin 12mg/5ml oral suspension,12638311000001103,VMP,1001010K0AAAYAY
12600711000001109,Indometacin 12mg/5ml oral solution,12600711000001109,AMP,1001010K0AAAYAY
12600411000001103,Indometacin 12mg/5ml oral suspension,12600411000001103,AMP,1001010K0AAAYAY
12638411000001105,Indometacin 15mg/5ml oral solution,12638411000001105,VMP,1001010K0AAAZAZ
12638511000001109,Indometacin 15mg/5ml oral suspension,12638511000001109,VMP,1001010K0AAAZAZ
12601911000001104,Indometacin 15mg/5ml oral solution,12601911000001104,AMP,1001010K0AAAZAZ
12601411000001107,Indometacin 15mg/5ml oral suspension,12601411000001107,AMP,1001010K0AAAZAZ
15914011000001100,Indometacin 5mg/5ml oral solution,15914011000001100,VMP,1001010K0AABABA
15914111000001104,Indometacin 5mg/5ml oral suspension,15914111000001104,VMP,1001010K0AABABA
15881811000001103,Indometacin 5mg/5ml oral solution,15881811000001103,AMP,1001010K0AABABA
15881511000001101,Indometacin 5mg/5ml oral suspension,15881511000001101,AMP,1001010K0AABABA
42105711000001102,Indometacin 25mg/5ml oral suspension,42105711000001102,VMP,1001010K0AABBBB
8545911000001108,Indometacin 25mg/5ml oral suspension,8545911000001108,AMP,1001010K0AABBBB
258511000001106,Indocid 25mg capsules,258511000001106,AMP,1001010K0BDAAAA
581911000001106,Indocid 50mg capsules,581911000001106,AMP,1001010K0BDABAB
4541711000001108,Indocid 5mg/ml oral suspension,4541711000001108,AMP,1001010K0BDACAE
902911000001109,Indocid 100mg suppositories,902911000001109,AMP,1001010K0BDADAF
172111000001101,Indocid R 75mg capsules,172111000001101,AMP,1001010K0BDAFAD
3311000001106,Indolar SR 75mg capsules,3311000001106,AMP,1001010K0BGADAD
777811000001102,Indomod 25mg modified-release capsules,777811000001102,AMP,1001010K0BIAAAC
541311000001100,Indomod 75mg modified-release capsules,541311000001100,AMP,1001010K0BIABAD
911611000001107,Rheumacin LA 75mg capsules,911611000001107,AMP,1001010K0BKAAAD
103411000001107,Slo-Indo 75mg capsules,103411000001107,AMP,1001010K0BLAAAD
306611000001105,Flexin-75 Continus tablets,306611000001105,AMP,1001010K0BNAAAJ
2884711000001107,Flexin-50 Continus tablets,2884711000001107,AMP,1001010K0BNABAK
2884211000001100,Flexin-25 Continus tablets,2884211000001100,AMP,1001010K0BNACAL
84411000001101,Indomax 75 SR capsules,84411000001101,AMP,1001010K0BQABAD
392111000001104,Pardelprin MR 75mg capsules,392111000001104,AMP,1001010K0BVAAAD
867711000001101,Berlind 75 Retard capsules,867711000001101,AMP,1001010K0BXAAAD
42106011000001108,Ketoprofen 50mg capsules,42106011000001108,VMP,1001010L0AAAAAA
513511000001103,Ketoprofen 50mg capsules,513511000001103,AMP,1001010L0AAAAAA
886811000001105,Ketoprofen 50mg capsules,886811000001105,AMP,1001010L0AAAAAA
365911000001107,Ketoprofen 50mg capsules,365911000001107,AMP,1001010L0AAAAAA
915411000001107,Ketoprofen 50mg capsules,915411000001107,AMP,1001010L0AAAAAA
15103511000001109,Ketoprofen 50mg capsules,15103511000001109,AMP,1001010L0AAAAAA
109311000001102,Ketoprofen 50mg capsules,109311000001102,AMP,1001010L0AAAAAA
3377811000001108,Ketoprofen 100mg capsules,3377811000001108,VMP,1001010L0AAABAB
881711000001108,Ketoprofen 100mg capsules,881711000001108,AMP,1001010L0AAABAB
823911000001100,Ketoprofen 100mg capsules,823911000001100,AMP,1001010L0AAABAB
65111000001107,Ketoprofen 100mg capsules,65111000001107,AMP,1001010L0AAABAB
823411000001108,Ketoprofen 100mg capsules,823411000001108,AMP,1001010L0AAABAB
39411000001109,Ketoprofen 100mg capsules,39411000001109,AMP,1001010L0AAABAB
36037111000001107,Ketoprofen 100mg/2ml solution for injection ampoules,36037111000001107,VMP,1001010L0AAAGAG
36037011000001106,Ketoprofen 100mg modified-release capsules,36037011000001106,VMP,1001010L0AAAIAI
4575711000001106,Ketoprofen 100mg modified-release capsules,4575711000001106,AMP,1001010L0AAAIAI
505811000001104,Ketoprofen 100mg modified-release capsules,505811000001104,AMP,1001010L0AAAIAI
778511000001101,Ketoprofen 100mg modified-release capsules,778511000001101,AMP,1001010L0AAAIAI
36037311000001109,Ketoprofen 200mg modified-release capsules,36037311000001109,VMP,1001010L0AAAJAJ
659911000001109,Ketoprofen 200mg modified-release capsules,659911000001109,AMP,1001010L0AAAJAJ
36037211000001101,Ketoprofen 150mg modified-release capsules,36037211000001101,VMP,1001010L0AAALAL
16174311000001107,Ketoprofen 100mg / Omeprazole 20mg modified-release capsules,16174311000001107,VMP,1001010L0AAAMAM
16174411000001100,Ketoprofen 200mg / Omeprazole 20mg modified-release capsules,16174411000001100,VMP,1001010L0AAANAN
42105911000001100,Ketoprofen 100mg suppositories,42105911000001100,VMP,1001010L0AAAPAP
34649811000001105,Ketoprofen 100mg suppositories,34649811000001105,AMP,1001010L0AAAPAP
429511000001103,Orudis 50mg capsules,429511000001103,AMP,1001010L0BCAAAA
458511000001105,Orudis 100mg capsules,458511000001105,AMP,1001010L0BCABAB
739811000001107,Orudis 100mg suppositories,739811000001107,AMP,1001010L0BCACAP
155411000001100,Oruvail 100 modified-release capsules,155411000001100,AMP,1001010L0BDAAAI
345311000001100,Oruvail 200 modified-release capsules,345311000001100,AMP,1001010L0BDABAJ
396311000001103,Oruvail IM 100mg/2ml solution for injection ampoules,396311000001103,AMP,1001010L0BDACAG
657811000001107,Oruvail 150 modified-release capsules,657811000001107,AMP,1001010L0BDADAL
419711000001102,Ketovail 100mg modified-release capsules,419711000001102,AMP,1001010L0BEAAAI
106011000001106,Ketovail 200mg modified-release capsules,106011000001106,AMP,1001010L0BEABAJ
482011000001109,Larafen CR 200mg capsules,482011000001109,AMP,1001010L0BHAAAJ
294311000001102,Ketocid 200 modified-release capsules,294311000001102,AMP,1001010L0BIAAAJ
98811000001106,Fenoket 200mg modified-release capsules,98811000001106,AMP,1001010L0BJAAAJ
403111000001103,Ketozip 200 XL capsules,403111000001103,AMP,1001010L0BKAAAJ
8211000001106,Ketotard XL 200mg capsules,8211000001106,AMP,1001010L0BLAAAJ
732311000001106,Jomethid XL 200mg capsules,732311000001106,AMP,1001010L0BMAAAJ
793611000001101,Valket 200 Retard capsules,793611000001101,AMP,1001010L0BNAAAJ
804611000001103,Tiloket CR 100mg capsules,804611000001103,AMP,1001010L0BNABAI
7498011000001106,Tiloket 50mg capsules,7498011000001106,AMP,1001010L0BNACAA
29742611000001106,Tiloket CR 200mg capsules,29742611000001106,AMP,1001010L0BNADAJ
867111000001102,Ketpron XL 100mg capsules,867111000001102,AMP,1001010L0BPAAAI
240011000001102,Ketpron XL 200mg capsules,240011000001102,AMP,1001010L0BPABAJ
16148311000001101,Axorid 100mg/20mg modified-release capsules,16148311000001101,AMP,1001010L0BQAAAM
16140611000001108,Axorid 200mg/20mg modified-release capsules,16140611000001108,AMP,1001010L0BQABAN
42106311000001106,Mefenamic acid 250mg capsules,42106311000001106,VMP,1001010N0AAAAAA
269111000001100,Mefenamic acid 250mg capsules,269111000001100,AMP,1001010N0AAAAAA
19310911000001108,Mefenamic acid 250mg capsules,19310911000001108,AMP,1001010N0AAAAAA
188111000001107,Mefenamic acid 250mg capsules,188111000001107,AMP,1001010N0AAAAAA
10389911000001104,Mefenamic acid 250mg capsules,10389911000001104,AMP,1001010N0AAAAAA
24378611000001109,Mefenamic acid 250mg capsules,24378611000001109,AMP,1001010N0AAAAAA
14945211000001109,Mefenamic acid 250mg capsules,14945211000001109,AMP,1001010N0AAAAAA
767711000001103,Mefenamic acid 250mg capsules,767711000001103,AMP,1001010N0AAAAAA
39035311000001108,Mefenamic acid 250mg capsules,39035311000001108,AMP,1001010N0AAAAAA
17939411000001103,Mefenamic acid 250mg capsules,17939411000001103,AMP,1001010N0AAAAAA
29904711000001109,Mefenamic acid 250mg capsules,29904711000001109,AMP,1001010N0AAAAAA
42144311000001107,Mefenamic acid 250mg capsules,42144311000001107,AMP,1001010N0AAAAAA
756011000001108,Mefenamic acid 250mg capsules,756011000001108,AMP,1001010N0AAAAAA
21791511000001102,Mefenamic acid 250mg capsules,21791511000001102,AMP,1001010N0AAAAAA
164411000001109,Mefenamic acid 250mg capsules,164411000001109,AMP,1001010N0AAAAAA
35369111000001107,Mefenamic acid 50mg/5ml oral suspension,35369111000001107,VMP,1001010N0AAABAB
259811000001102,Mefenamic acid 50mg/5ml oral suspension,259811000001102,AMP,1001010N0AAABAB
186711000001109,Mefenamic acid 50mg/5ml oral suspension,186711000001109,AMP,1001010N0AAABAB
26853411000001107,Mefenamic acid 50mg/5ml oral suspension,26853411000001107,AMP,1001010N0AAABAB
11508411000001105,Mefenamic acid 50mg/5ml oral suspension,11508411000001105,AMP,1001010N0AAABAB
11484811000001108,Mefenamic acid 50mg/5ml oral suspension,11484811000001108,AMP,1001010N0AAABAB
42106411000001104,Mefenamic acid 500mg tablets,42106411000001104,VMP,1001010N0AAADAD
411211000001108,Mefenamic acid 500mg tablets,411211000001108,AMP,1001010N0AAADAD
774611000001107,Mefenamic acid 500mg tablets,774611000001107,AMP,1001010N0AAADAD
393211000001104,Mefenamic acid 500mg tablets,393211000001104,AMP,1001010N0AAADAD
17970611000001108,Mefenamic acid 500mg tablets,17970611000001108,AMP,1001010N0AAADAD
13581311000001100,Mefenamic acid 500mg tablets,13581311000001100,AMP,1001010N0AAADAD
41351211000001108,Mefenamic acid 500mg tablets,41351211000001108,AMP,1001010N0AAADAD
14945411000001108,Mefenamic acid 500mg tablets,14945411000001108,AMP,1001010N0AAADAD
740211000001103,Mefenamic acid 500mg tablets,740211000001103,AMP,1001010N0AAADAD
189011000001101,Mefenamic acid 500mg tablets,189011000001101,AMP,1001010N0AAADAD
37119811000001109,Mefenamic acid 500mg tablets,37119811000001109,AMP,1001010N0AAADAD
39035511000001102,Mefenamic acid 500mg tablets,39035511000001102,AMP,1001010N0AAADAD
45866911000001102,Mefenamic acid 500mg tablets,45866911000001102,AMP,1001010N0AAADAD
15109011000001103,Mefenamic acid 500mg tablets,15109011000001103,AMP,1001010N0AAADAD
42481011000001103,Mefenamic acid 500mg tablets,42481011000001103,AMP,1001010N0AAADAD
655611000001101,Mefenamic acid 500mg tablets,655611000001101,AMP,1001010N0AAADAD
40855211000001101,Mefenamic acid 500mg tablets,40855211000001101,AMP,1001010N0AAADAD
21791711000001107,Mefenamic acid 500mg tablets,21791711000001107,AMP,1001010N0AAADAD
122811000001109,Mefenamic acid 500mg tablets,122811000001109,AMP,1001010N0AAADAD
8662311000001102,Mefenamic acid 250mg/5ml oral suspension,8662311000001102,VMP,1001010N0AAAGAG
8607611000001109,Mefenamic acid 250mg/5ml oral suspension,8607611000001109,AMP,1001010N0AAAGAG
8662411000001109,Mefenamic acid 500mg/5ml oral suspension,8662411000001109,VMP,1001010N0AAAHAH
8608211000001106,Mefenamic acid 500mg/5ml oral suspension,8608211000001106,AMP,1001010N0AAAHAH
41391311000001107,Mefenamic acid 250mg tablets,41391311000001107,VMP,1001010N0AAAJAJ
42244711000001108,Mefenamic acid 250mg tablets,42244711000001108,AMP,1001010N0AAAJAJ
41351511000001106,Mefenamic acid 250mg tablets,41351511000001106,AMP,1001010N0AAAJAJ
226811000001107,Ponstan 250mg capsules,226811000001107,AMP,1001010N0BBAAAA
586711000001103,Ponstan Forte 500mg tablets,586711000001103,AMP,1001010N0BBABAD
221211000001103,Dysman 250 capsules,221211000001103,AMP,1001010N0BDACAA
180611000001102,Dysman 500 tablets,180611000001102,AMP,1001010N0BDADAD
42107511000001103,Naproxen 250mg tablets,42107511000001103,VMP,1001010P0AAADAD
889911000001109,Naproxen 250mg tablets,889911000001109,AMP,1001010P0AAADAD
18464611000001101,Naproxen 250mg tablets,18464611000001101,AMP,1001010P0AAADAD
86111000001104,Naproxen 250mg tablets,86111000001104,AMP,1001010P0AAADAD
60511000001108,Naproxen 250mg tablets,60511000001108,AMP,1001010P0AAADAD
13845911000001109,Naproxen 250mg tablets,13845911000001109,AMP,1001010P0AAADAD
10396611000001103,Naproxen 250mg tablets,10396611000001103,AMP,1001010P0AAADAD
36597211000001105,Naproxen 250mg tablets,36597211000001105,AMP,1001010P0AAADAD
28985211000001102,Naproxen 250mg tablets,28985211000001102,AMP,1001010P0AAADAD
13581711000001101,Naproxen 250mg tablets,13581711000001101,AMP,1001010P0AAADAD
45151911000001106,Naproxen 250mg tablets,45151911000001106,AMP,1001010P0AAADAD
36011911000001106,Naproxen 250mg tablets,36011911000001106,AMP,1001010P0AAADAD
150011000001103,Naproxen 250mg tablets,150011000001103,AMP,1001010P0AAADAD
774811000001106,Naproxen 250mg tablets,774811000001106,AMP,1001010P0AAADAD
30849711000001108,Naproxen 250mg tablets,30849711000001108,AMP,1001010P0AAADAD
39053611000001101,Naproxen 250mg tablets,39053611000001101,AMP,1001010P0AAADAD
19195411000001104,Naproxen 250mg tablets,19195411000001104,AMP,1001010P0AAADAD
18627511000001101,Naproxen 250mg tablets,18627511000001101,AMP,1001010P0AAADAD
40694811000001100,Naproxen 250mg tablets,40694811000001100,AMP,1001010P0AAADAD
29928511000001100,Naproxen 250mg tablets,29928511000001100,AMP,1001010P0AAADAD
42153411000001101,Naproxen 250mg tablets,42153411000001101,AMP,1001010P0AAADAD
360911000001103,Naproxen 250mg tablets,360911000001103,AMP,1001010P0AAADAD
630611000001105,Naproxen 250mg tablets,630611000001105,AMP,1001010P0AAADAD
21818111000001100,Naproxen 250mg tablets,21818111000001100,AMP,1001010P0AAADAD
521711000001104,Naproxen 250mg tablets,521711000001104,AMP,1001010P0AAADAD
42107811000001100,Naproxen 500mg tablets,42107811000001100,VMP,1001010P0AAAEAE
396811000001107,Naproxen 500mg tablets,396811000001107,AMP,1001010P0AAAEAE
18464911000001107,Naproxen 500mg tablets,18464911000001107,AMP,1001010P0AAAEAE
161211000001108,Naproxen 500mg tablets,161211000001108,AMP,1001010P0AAAEAE
521011000001101,Naproxen 500mg tablets,521011000001101,AMP,1001010P0AAAEAE
13846111000001100,Naproxen 500mg tablets,13846111000001100,AMP,1001010P0AAAEAE
10396811000001104,Naproxen 500mg tablets,10396811000001104,AMP,1001010P0AAAEAE
36597611000001107,Naproxen 500mg tablets,36597611000001107,AMP,1001010P0AAAEAE
28985411000001103,Naproxen 500mg tablets,28985411000001103,AMP,1001010P0AAAEAE
30063011000001101,Naproxen 500mg tablets,30063011000001101,AMP,1001010P0AAAEAE
45152111000001103,Naproxen 500mg tablets,45152111000001103,AMP,1001010P0AAAEAE
37999811000001106,Naproxen 500mg tablets,37999811000001106,AMP,1001010P0AAAEAE
408811000001100,Naproxen 500mg tablets,408811000001100,AMP,1001010P0AAAEAE
377711000001106,Naproxen 500mg tablets,377711000001106,AMP,1001010P0AAAEAE
30849911000001105,Naproxen 500mg tablets,30849911000001105,AMP,1001010P0AAAEAE
39054011000001105,Naproxen 500mg tablets,39054011000001105,AMP,1001010P0AAAEAE
36026111000001106,Naproxen 500mg tablets,36026111000001106,AMP,1001010P0AAAEAE
19195611000001101,Naproxen 500mg tablets,19195611000001101,AMP,1001010P0AAAEAE
36926211000001106,Naproxen 500mg tablets,36926211000001106,AMP,1001010P0AAAEAE
3224611000001107,Naproxen 500mg tablets,3224611000001107,AMP,1001010P0AAAEAE
18627211000001104,Naproxen 500mg tablets,18627211000001104,AMP,1001010P0AAAEAE
40695011000001105,Naproxen 500mg tablets,40695011000001105,AMP,1001010P0AAAEAE
29928911000001107,Naproxen 500mg tablets,29928911000001107,AMP,1001010P0AAAEAE
80711000001101,Naproxen 500mg tablets,80711000001101,AMP,1001010P0AAAEAE
42153711000001107,Naproxen 500mg tablets,42153711000001107,AMP,1001010P0AAAEAE
220511000001107,Naproxen 500mg tablets,220511000001107,AMP,1001010P0AAAEAE
447511000001108,Naproxen 500mg tablets,447511000001108,AMP,1001010P0AAAEAE
21818311000001103,Naproxen 500mg tablets,21818311000001103,AMP,1001010P0AAAEAE
481611000001108,Naproxen 500mg tablets,481611000001108,AMP,1001010P0AAAEAE
42107411000001102,Naproxen 250mg gastro-resistant tablets,42107411000001102,VMP,1001010P0AAAHAH
367911000001102,Naproxen 250mg gastro-resistant tablets,367911000001102,AMP,1001010P0AAAHAH
42687411000001102,Naproxen 250mg gastro-resistant tablets,42687411000001102,AMP,1001010P0AAAHAH
129111000001106,Naproxen 250mg gastro-resistant tablets,129111000001106,AMP,1001010P0AAAHAH
547811000001102,Naproxen 250mg gastro-resistant tablets,547811000001102,AMP,1001010P0AAAHAH
11426611000001106,Naproxen 250mg gastro-resistant tablets,11426611000001106,AMP,1001010P0AAAHAH
45526511000001100,Naproxen 250mg gastro-resistant tablets,45526511000001100,AMP,1001010P0AAAHAH
30062411000001101,Naproxen 250mg gastro-resistant tablets,30062411000001101,AMP,1001010P0AAAHAH
20325711000001106,Naproxen 250mg gastro-resistant tablets,20325711000001106,AMP,1001010P0AAAHAH
764211000001103,Naproxen 250mg gastro-resistant tablets,764211000001103,AMP,1001010P0AAAHAH
5474911000001107,Naproxen 250mg gastro-resistant tablets,5474911000001107,AMP,1001010P0AAAHAH
37122511000001106,Naproxen 250mg gastro-resistant tablets,37122511000001106,AMP,1001010P0AAAHAH
39054211000001100,Naproxen 250mg gastro-resistant tablets,39054211000001100,AMP,1001010P0AAAHAH
37999211000001105,Naproxen 250mg gastro-resistant tablets,37999211000001105,AMP,1001010P0AAAHAH
17945511000001103,Naproxen 250mg gastro-resistant tablets,17945511000001103,AMP,1001010P0AAAHAH
579011000001103,Naproxen 250mg gastro-resistant tablets,579011000001103,AMP,1001010P0AAAHAH
29928311000001106,Naproxen 250mg gastro-resistant tablets,29928311000001106,AMP,1001010P0AAAHAH
36782111000001103,Naproxen 250mg gastro-resistant tablets,36782111000001103,AMP,1001010P0AAAHAH
16212811000001102,Naproxen 250mg gastro-resistant tablets,16212811000001102,AMP,1001010P0AAAHAH
603311000001104,Naproxen 250mg gastro-resistant tablets,603311000001104,AMP,1001010P0AAAHAH
687211000001104,Naproxen 250mg gastro-resistant tablets,687211000001104,AMP,1001010P0AAAHAH
21817711000001100,Naproxen 250mg gastro-resistant tablets,21817711000001100,AMP,1001010P0AAAHAH
42107611000001104,Naproxen 500mg gastro-resistant tablets,42107611000001104,VMP,1001010P0AAAIAI
936011000001104,Naproxen 500mg gastro-resistant tablets,936011000001104,AMP,1001010P0AAAIAI
42687211000001101,Naproxen 500mg gastro-resistant tablets,42687211000001101,AMP,1001010P0AAAIAI
27711000001108,Naproxen 500mg gastro-resistant tablets,27711000001108,AMP,1001010P0AAAIAI
692711000001105,Naproxen 500mg gastro-resistant tablets,692711000001105,AMP,1001010P0AAAIAI
11426811000001105,Naproxen 500mg gastro-resistant tablets,11426811000001105,AMP,1001010P0AAAIAI
45526811000001102,Naproxen 500mg gastro-resistant tablets,45526811000001102,AMP,1001010P0AAAIAI
30062811000001104,Naproxen 500mg gastro-resistant tablets,30062811000001104,AMP,1001010P0AAAIAI
20325911000001108,Naproxen 500mg gastro-resistant tablets,20325911000001108,AMP,1001010P0AAAIAI
678411000001107,Naproxen 500mg gastro-resistant tablets,678411000001107,AMP,1001010P0AAAIAI
297211000001103,Naproxen 500mg gastro-resistant tablets,297211000001103,AMP,1001010P0AAAIAI
30850111000001100,Naproxen 500mg gastro-resistant tablets,30850111000001100,AMP,1001010P0AAAIAI
39054411000001101,Naproxen 500mg gastro-resistant tablets,39054411000001101,AMP,1001010P0AAAIAI
37999611000001107,Naproxen 500mg gastro-resistant tablets,37999611000001107,AMP,1001010P0AAAIAI
17945711000001108,Naproxen 500mg gastro-resistant tablets,17945711000001108,AMP,1001010P0AAAIAI
279011000001106,Naproxen 500mg gastro-resistant tablets,279011000001106,AMP,1001010P0AAAIAI
29928711000001105,Naproxen 500mg gastro-resistant tablets,29928711000001105,AMP,1001010P0AAAIAI
36781911000001106,Naproxen 500mg gastro-resistant tablets,36781911000001106,AMP,1001010P0AAAIAI
16213011000001104,Naproxen 500mg gastro-resistant tablets,16213011000001104,AMP,1001010P0AAAIAI
143611000001103,Naproxen 500mg gastro-resistant tablets,143611000001103,AMP,1001010P0AAAIAI
368211000001105,Naproxen 500mg gastro-resistant tablets,368211000001105,AMP,1001010P0AAAIAI
21817911000001103,Naproxen 500mg gastro-resistant tablets,21817911000001103,AMP,1001010P0AAAIAI
36564511000001103,Naproxen 375mg gastro-resistant tablets,36564511000001103,VMP,1001010P0AAAJAJ
7898511000001105,Naproxen 375mg gastro-resistant tablets,7898511000001105,AMP,1001010P0AAAJAJ
658611000001107,Naproxen 375mg gastro-resistant tablets,658611000001107,AMP,1001010P0AAAJAJ
817811000001105,Naproxen 375mg gastro-resistant tablets,817811000001105,AMP,1001010P0AAAJAJ
30062611000001103,Naproxen 375mg gastro-resistant tablets,30062611000001103,AMP,1001010P0AAAJAJ
842611000001103,Naproxen 375mg gastro-resistant tablets,842611000001103,AMP,1001010P0AAAJAJ
39053811000001102,Naproxen 375mg gastro-resistant tablets,39053811000001102,AMP,1001010P0AAAJAJ
37999411000001109,Naproxen 375mg gastro-resistant tablets,37999411000001109,AMP,1001010P0AAAJAJ
15236411000001105,Naproxen 375mg gastro-resistant tablets,15236411000001105,AMP,1001010P0AAAJAJ
37336111000001109,Naproxen 375mg gastro-resistant tablets,37336111000001109,AMP,1001010P0AAAJAJ
36030211000001100,Naproxen 500mg tablets and Misoprostol 200microgram tablets,36030211000001100,VMP,1001010P0AAALAL
36030111000001106,Naproxen 500mg modified-release tablets,36030111000001106,VMP,1001010P0AAAQAQ
42107311000001109,Naproxen 125mg/5ml oral suspension,42107311000001109,VMP,1001010P0AAARAR
8637511000001100,Naproxen 125mg/5ml oral suspension,8637511000001100,AMP,1001010P0AAARAR
8669811000001101,Naproxen 500mg/5ml oral suspension,8669811000001101,VMP,1001010P0AAATAT
8639711000001102,Naproxen 500mg/5ml oral suspension,8639711000001102,AMP,1001010P0AAATAT
12301511000001102,Naproxen 70mg/5ml oral suspension,12301511000001102,VMP,1001010P0AAAWAW
12258111000001102,Naproxen 70mg/5ml oral suspension,12258111000001102,AMP,1001010P0AAAWAW
12301311000001108,Naproxen 100mg/5ml oral suspension,12301311000001108,VMP,1001010P0AAAYAY
12257211000001109,Naproxen 100mg/5ml oral suspension,12257211000001109,AMP,1001010P0AAAYAY
12301611000001103,Naproxen 75mg/5ml oral suspension,12301611000001103,VMP,1001010P0AAAZAZ
12258411000001107,Naproxen 75mg/5ml oral suspension,12258411000001107,AMP,1001010P0AAAZAZ
18245811000001107,Naproxen 500mg / Esomeprazole 20mg modified-release tablets,18245811000001107,VMP,1001010P0AABBBB
12301411000001101,Naproxen 200mg/5ml oral suspension,12301411000001101,VMP,1001010P0AABCBC
12257611000001106,Naproxen 200mg/5ml oral suspension,12257611000001106,AMP,1001010P0AABCBC
31306711000001103,Naproxen 250mg effervescent tablets sugar free,31306711000001103,VMP,1001010P0AABDBD
32638811000001105,Naproxen 125mg/5ml oral suspension sugar free,32638811000001105,VMP,1001010P0AABEBE
32775911000001100,Naproxen 125mg/5ml oral suspension sugar free,32775911000001100,AMP,1001010P0AABEBE
33136211000001102,Naproxen 125mg/5ml oral suspension sugar free,33136211000001102,AMP,1001010P0AABEBE
32636911000001104,Naproxen 25mg/ml oral suspension sugar free,32636911000001104,AMP,1001010P0AABEBE
8669711000001109,Naproxen 250mg/5ml oral suspension,8669711000001109,VMP,1001010P0AABFBF
8638311000001107,Naproxen 250mg/5ml oral suspension,8638311000001107,AMP,1001010P0AABFBF
34328011000001102,Naproxen 50mg/ml oral suspension,34328011000001102,AMP,1001010P0AABFBF
34195911000001106,Naproxen 50mg/ml oral suspension,34195911000001106,AMP,1001010P0AABFBF
37609211000001109,Naproxen 50mg/ml oral suspension,37609211000001109,AMP,1001010P0AABFBF
33743911000001109,Naproxen 50mg/ml oral suspension,33743911000001109,AMP,1001010P0AABFBF
42107711000001108,Naproxen 500mg suppositories,42107711000001108,VMP,1001010P0AABGBG
34605711000001107,Naproxen 500mg suppositories,34605711000001107,AMP,1001010P0AABGBG
36904911000001104,Naproxen 60mg/5ml oral suspension,36904911000001104,VMP,1001010P0AABHBH
36877011000001105,Naproxen 60mg/5ml oral suspension,36877011000001105,AMP,1001010P0AABHBH
36904811000001109,Naproxen 320mg/5ml oral suspension,36904811000001109,VMP,1001010P0AABIBI
36877511000001102,Naproxen 320mg/5ml oral suspension,36877511000001102,AMP,1001010P0AABIBI
894311000001106,Naprosyn 250mg tablets,894311000001106,AMP,1001010P0BCAAAD
162011000001106,Naprosyn 500mg tablets,162011000001106,AMP,1001010P0BCABAE
4550611000001107,Naprosyn 125mg/5ml oral suspension,4550611000001107,AMP,1001010P0BCACAR
4549711000001107,Naprosyn 500mg suppositories,4549711000001107,AMP,1001010P0BCADBG
178811000001105,Naprosyn EC 250mg tablets,178811000001105,AMP,1001010P0BCAGAH
611711000001104,Naprosyn EC 375mg tablets,611711000001104,AMP,1001010P0BCAHAJ
434011000001107,Naprosyn EC 500mg tablets,434011000001107,AMP,1001010P0BCAIAI
61111000001105,Naprosyn S/R 500mg tablets,61111000001105,AMP,1001010P0BCAJAQ
624911000001107,Arthrosin 250 tablets,624911000001107,AMP,1001010P0BDACAD
166111000001106,Arthrosin 500 tablets,166111000001106,AMP,1001010P0BDADAE
236611000001105,Arthrosin EC 500 tablets,236611000001105,AMP,1001010P0BDAEAI
922711000001104,Arthrosin EC 250 tablets,922711000001104,AMP,1001010P0BDAFAH
819011000001108,Nycopren 250mg gastro-resistant tablets,819011000001108,AMP,1001010P0BGAAAH
174811000001102,Nycopren 500mg gastro-resistant tablets,174811000001102,AMP,1001010P0BGABAI
3226311000001108,Napratec OP tablets,3226311000001108,AMP,1001010P0BKAAAL
15512111000001104,Feminax Ultra 250mg gastro-resistant tablets,15512111000001104,AMP,1001010P0BSAAAH
17303811000001102,Galpharm Period Pain Relief 250mg gastro-resistant tablets,17303811000001102,AMP,1001010P0BTAAAH
18233711000001101,Vimovo 500mg/20mg modified-release tablets,18233711000001101,AMP,1001010P0BUAABB
18640211000001100,First Resort Period Pain Reliever 250mg gastro-resistant tablets,18640211000001100,AMP,1001010P0BVAAAH
31017911000001101,Boots Period Pain Reliever 250mg gastro-resistant tablets,31017911000001101,AMP,1001010P0BWAAAH
31279811000001102,Stirlescent 250mg effervescent tablets,31279811000001102,AMP,1001010P0BXAABD
36736411000001102,Nexocin EC 250mg gastro-resistant tablets,36736411000001102,AMP,1001010P0BYAAAH
36737011000001109,Nexocin EC 375mg gastro-resistant tablets,36737011000001109,AMP,1001010P0BYABAJ
36737211000001104,Nexocin EC 500mg gastro-resistant tablets,36737211000001104,AMP,1001010P0BYACAI
41169911000001101,Period Pain Reliever 250mg gastro-resistant tablets,41169911000001101,AMP,1001010P0BZAAAH
42976811000001109,Ultravana Period Pain Relief 250mg gastro-resistant tablets,42976811000001109,AMP,1001010P0CBAAAH
42110111000001109,Piroxicam 10mg capsules,42110111000001109,VMP,1001010R0AAAAAA
928911000001104,Piroxicam 10mg capsules,928911000001104,AMP,1001010R0AAAAAA
468211000001100,Piroxicam 10mg capsules,468211000001100,AMP,1001010R0AAAAAA
385011000001106,Piroxicam 10mg capsules,385011000001106,AMP,1001010R0AAAAAA
494511000001107,Piroxicam 10mg capsules,494511000001107,AMP,1001010R0AAAAAA
10403211000001102,Piroxicam 10mg capsules,10403211000001102,AMP,1001010R0AAAAAA
28986111000001102,Piroxicam 10mg capsules,28986111000001102,AMP,1001010R0AAAAAA
30112511000001107,Piroxicam 10mg capsules,30112511000001107,AMP,1001010R0AAAAAA
310111000001102,Piroxicam 10mg capsules,310111000001102,AMP,1001010R0AAAAAA
735411000001107,Piroxicam 10mg capsules,735411000001107,AMP,1001010R0AAAAAA
30857611000001107,Piroxicam 10mg capsules,30857611000001107,AMP,1001010R0AAAAAA
39162411000001108,Piroxicam 10mg capsules,39162411000001108,AMP,1001010R0AAAAAA
17878511000001101,Piroxicam 10mg capsules,17878511000001101,AMP,1001010R0AAAAAA
9191811000001101,Piroxicam 10mg capsules,9191811000001101,AMP,1001010R0AAAAAA
18734211000001102,Piroxicam 10mg capsules,18734211000001102,AMP,1001010R0AAAAAA
317911000001103,Piroxicam 10mg capsules,317911000001103,AMP,1001010R0AAAAAA
286411000001100,Piroxicam 10mg capsules,286411000001100,AMP,1001010R0AAAAAA
21848811000001100,Piroxicam 10mg capsules,21848811000001100,AMP,1001010R0AAAAAA
42110211000001103,Piroxicam 20mg capsules,42110211000001103,VMP,1001010R0AAABAB
723011000001101,Piroxicam 20mg capsules,723011000001101,AMP,1001010R0AAABAB
627511000001108,Piroxicam 20mg capsules,627511000001108,AMP,1001010R0AAABAB
267611000001103,Piroxicam 20mg capsules,267611000001103,AMP,1001010R0AAABAB
450411000001108,Piroxicam 20mg capsules,450411000001108,AMP,1001010R0AAABAB
10403611000001100,Piroxicam 20mg capsules,10403611000001100,AMP,1001010R0AAABAB
28986311000001100,Piroxicam 20mg capsules,28986311000001100,AMP,1001010R0AAABAB
30112711000001102,Piroxicam 20mg capsules,30112711000001102,AMP,1001010R0AAABAB
63311000001108,Piroxicam 20mg capsules,63311000001108,AMP,1001010R0AAABAB
146611000001109,Piroxicam 20mg capsules,146611000001109,AMP,1001010R0AAABAB
30857811000001106,Piroxicam 20mg capsules,30857811000001106,AMP,1001010R0AAABAB
39162711000001102,Piroxicam 20mg capsules,39162711000001102,AMP,1001010R0AAABAB
17878711000001106,Piroxicam 20mg capsules,17878711000001106,AMP,1001010R0AAABAB
9192011000001104,Piroxicam 20mg capsules,9192011000001104,AMP,1001010R0AAABAB
18734411000001103,Piroxicam 20mg capsules,18734411000001103,AMP,1001010R0AAABAB
694111000001101,Piroxicam 20mg capsules,694111000001101,AMP,1001010R0AAABAB
92811000001109,Piroxicam 20mg capsules,92811000001109,AMP,1001010R0AAABAB
21849011000001101,Piroxicam 20mg capsules,21849011000001101,AMP,1001010R0AAABAB
42110311000001106,Piroxicam 20mg suppositories,42110311000001106,VMP,1001010R0AAACAC
39721011000001108,Piroxicam 10mg dispersible tablets,39721011000001108,VMP,1001010R0AAADAD
828011000001106,Piroxicam 10mg dispersible tablets,828011000001106,AMP,1001010R0AAADAD
361811000001100,Piroxicam 10mg dispersible tablets,361811000001100,AMP,1001010R0AAADAD
681811000001105,Piroxicam 10mg dispersible tablets,681811000001105,AMP,1001010R0AAADAD
455811000001104,Piroxicam 10mg dispersible tablets,455811000001104,AMP,1001010R0AAADAD
39721211000001103,Piroxicam 20mg dispersible tablets,39721211000001103,VMP,1001010R0AAAEAE
497711000001109,Piroxicam 20mg dispersible tablets,497711000001109,AMP,1001010R0AAAEAE
451911000001107,Piroxicam 20mg dispersible tablets,451911000001107,AMP,1001010R0AAAEAE
878611000001100,Piroxicam 20mg dispersible tablets,878611000001100,AMP,1001010R0AAAEAE
276611000001107,Piroxicam 20mg dispersible tablets,276611000001107,AMP,1001010R0AAAEAE
36017011000001102,Piroxicam 20mg orodispersible tablets sugar free,36017011000001102,VMP,1001010R0AAAGAG
36017111000001101,Piroxicam 20mg/1ml solution for injection ampoules,36017111000001101,VMP,1001010R0AAAHAH
3439011000001103,Piroxicam betadex 20mg tablets,3439011000001103,VMP,1001010R0AAAKAK
235611000001100,Feldene 10mg capsules,235611000001100,AMP,1001010R0BBAAAA
90611000001109,Feldene 20 capsules,90611000001109,AMP,1001010R0BBABAB
473411000001103,Feldene 10mg dispersible tablets,473411000001103,AMP,1001010R0BBACAD
126111000001103,Feldene 20mg dispersible tablets,126111000001103,AMP,1001010R0BBADAE
563011000001105,Feldene 20mg suppositories,563011000001105,AMP,1001010R0BBAEAC
343111000001103,Feldene IM 20mg/1ml solution for injection ampoules,343111000001103,AMP,1001010R0BBAFAH
192711000001106,Feldene Melt 20mg tablets,192711000001106,AMP,1001010R0BBAGAG
403211000001109,Pirozip 10 capsules,403211000001109,AMP,1001010R0BDAAAA
910811000001103,Pirozip 20 capsules,910811000001103,AMP,1001010R0BDABAB
17811000001106,Brexidol 20mg tablets,17811000001106,AMP,1001010R0BHAAAK
42111611000001106,Sulindac 100mg tablets,42111611000001106,VMP,1001010S0AAAAAA
3671411000001106,Sulindac 100mg tablets,3671411000001106,AMP,1001010S0AAAAAA
3674511000001107,Sulindac 100mg tablets,3674511000001107,AMP,1001010S0AAAAAA
13583611000001109,Sulindac 100mg tablets,13583611000001109,AMP,1001010S0AAAAAA
17412711000001105,Sulindac 100mg tablets,17412711000001105,AMP,1001010S0AAAAAA
3673711000001104,Sulindac 100mg tablets,3673711000001104,AMP,1001010S0AAAAAA
39258411000001103,Sulindac 100mg tablets,39258411000001103,AMP,1001010S0AAAAAA
3671811000001108,Sulindac 100mg tablets,3671811000001108,AMP,1001010S0AAAAAA
42111711000001102,Sulindac 200mg tablets,42111711000001102,VMP,1001010S0AAABAB
3675211000001105,Sulindac 200mg tablets,3675211000001105,AMP,1001010S0AAABAB
3676211000001104,Sulindac 200mg tablets,3676211000001104,AMP,1001010S0AAABAB
13583811000001108,Sulindac 200mg tablets,13583811000001108,AMP,1001010S0AAABAB
17415011000001103,Sulindac 200mg tablets,17415011000001103,AMP,1001010S0AAABAB
3675811000001106,Sulindac 200mg tablets,3675811000001106,AMP,1001010S0AAABAB
39258711000001109,Sulindac 200mg tablets,39258711000001109,AMP,1001010S0AAABAB
3675511000001108,Sulindac 200mg tablets,3675511000001108,AMP,1001010S0AAABAB
3674211000001109,Clinoril 100mg tablets,3674211000001109,AMP,1001010S0BBAAAA
3676011000001109,Clinoril 200mg tablets,3676011000001109,AMP,1001010S0BBABAB
42112111000001108,Tiaprofenic acid 200mg tablets,42112111000001108,VMP,1001010T0AAABAB
42112211000001102,Tiaprofenic acid 300mg tablets,42112211000001102,VMP,1001010T0AAACAC
35918311000001105,Tiaprofenic acid 300mg modified-release capsules,35918311000001105,VMP,1001010T0AAADAD
324411000001109,Surgam 200mg tablets,324411000001109,AMP,1001010T0BBAAAB
308411000001108,Surgam 300mg tablets,308411000001108,AMP,1001010T0BBABAC
495411000001109,Surgam SA 300mg capsules,495411000001109,AMP,1001010T0BBADAD
42107211000001101,Nabumetone 500mg tablets,42107211000001101,VMP,1001010X0AAAAAA
282011000001105,Nabumetone 500mg tablets,282011000001105,AMP,1001010X0AAAAAA
802111000001103,Nabumetone 500mg tablets,802111000001103,AMP,1001010X0AAAAAA
436011000001102,Nabumetone 500mg tablets,436011000001102,AMP,1001010X0AAAAAA
17966411000001101,Nabumetone 500mg tablets,17966411000001101,AMP,1001010X0AAAAAA
17308011000001101,Nabumetone 500mg tablets,17308011000001101,AMP,1001010X0AAAAAA
30062011000001105,Nabumetone 500mg tablets,30062011000001105,AMP,1001010X0AAAAAA
18080011000001108,Nabumetone 500mg tablets,18080011000001108,AMP,1001010X0AAAAAA
10301011000001101,Nabumetone 500mg tablets,10301011000001101,AMP,1001010X0AAAAAA
5003211000001101,Nabumetone 500mg tablets,5003211000001101,AMP,1001010X0AAAAAA
38957111000001108,Nabumetone 500mg tablets,38957111000001108,AMP,1001010X0AAAAAA
212611000001100,Nabumetone 500mg tablets,212611000001100,AMP,1001010X0AAAAAA
39053211000001103,Nabumetone 500mg tablets,39053211000001103,AMP,1001010X0AAAAAA
17944911000001106,Nabumetone 500mg tablets,17944911000001106,AMP,1001010X0AAAAAA
4870111000001103,Nabumetone 500mg tablets,4870111000001103,AMP,1001010X0AAAAAA
635011000001109,Nabumetone 500mg tablets,635011000001109,AMP,1001010X0AAAAAA
35861211000001104,Nabumetone 500mg tablets,35861211000001104,AMP,1001010X0AAAAAA
351111000001101,Nabumetone 500mg tablets,351111000001101,AMP,1001010X0AAAAAA
21816811000001106,Nabumetone 500mg tablets,21816811000001106,AMP,1001010X0AAAAAA
39719311000001102,Nabumetone 500mg dispersible tablets sugar free,39719311000001102,VMP,1001010X0AAACAC
32778411000001103,Nabumetone 500mg/5ml oral suspension,32778411000001103,VMP,1001010X0AAADAD
32777811000001100,Nabumetone 500mg/5ml oral suspension,32777811000001100,AMP,1001010X0AAADAD
3023411000001104,Relifex 500mg tablets,3023411000001104,AMP,1001010X0BBAAAA
2843411000001106,Relifex 500mg dispersible tablets,2843411000001106,AMP,1001010X0BBACAC
41744711000001100,Salicylamide 5% / Benzocaine 2% gel,41744711000001100,VMP,100302000AAAAAA
20453311000001103,Amitriptyline 2% / Ketamine 1% cream,20453311000001103,VMP,100302000AAADAD
20434011000001103,Amitriptyline 2% / Ketamine 1% cream,20434011000001103,AMP,100302000AAADAD
41741511000001108,Ketoprofen 2.5% gel,41741511000001108,VMP,100302010AAAAAA
690911000001108,Ketoprofen 2.5% gel,690911000001108,AMP,100302010AAAAAA
418211000001104,Ketoprofen 2.5% gel,418211000001104,AMP,100302010AAAAAA
11405711000001100,Ketoprofen 2.5% gel,11405711000001100,AMP,100302010AAAAAA
23951711000001102,Ketoprofen 2.5% gel,23951711000001102,AMP,100302010AAAAAA
933111000001108,Ketoprofen 2.5% gel,933111000001108,AMP,100302010AAAAAA
39009511000001108,Ketoprofen 2.5% gel,39009511000001108,AMP,100302010AAAAAA
9244311000001101,Ketoprofen 2.5% gel,9244311000001101,AMP,100302010AAAAAA
17929011000001105,Ketoprofen 2.5% gel,17929011000001105,AMP,100302010AAAAAA
16548111000001106,Ketoprofen 2.5% gel,16548111000001106,AMP,100302010AAAAAA
15103211000001106,Ketoprofen 2.5% gel,15103211000001106,AMP,100302010AAAAAA
12609111000001103,Ketoprofen 2.5% gel,12609111000001103,AMP,100302010AAAAAA
22066211000001109,Ketoprofen 2.5% gel,22066211000001109,AMP,100302010AAAAAA
34447711000001108,Ketoprofen 10% gel,34447711000001108,VMP,100302010AAACAC
34435511000001108,Ketoprofen 10% gel,34435511000001108,AMP,100302010AAACAC
634211000001100,Oruvail 2.5% gel,634211000001100,AMP,100302010BBAAAA
597711000001104,Powergel 2.5% gel,597711000001104,AMP,100302010BCAAAA
484911000001104,Tiloket 2.5% gel,484911000001104,AMP,100302010BEAAAA
41893811000001101,Capsaicin 0.075% cream,41893811000001101,VMP,1003020AAAAAAAA
46137811000001107,Capsaicin 0.075% cream,46137811000001107,AMP,1003020AAAAAAAA
41540711000001105,Capsaicin 0.075% cream,41540711000001105,AMP,1003020AAAAAAAA
37692811000001102,Capsaicin 0.075% cream,37692811000001102,AMP,1003020AAAAAAAA
41893711000001109,Capsaicin 0.025% cream,41893711000001109,VMP,1003020AAAAABAB
46137411000001105,Capsaicin 0.025% cream,46137411000001105,AMP,1003020AAAAABAB
41539411000001105,Capsaicin 0.025% cream,41539411000001105,AMP,1003020AAAAABAB
37690511000001101,Capsaicin 0.025% cream,37690511000001101,AMP,1003020AAAAABAB
20121911000001100,Capsaicin 0.006% cream,20121911000001100,VMP,1003020AAAAACAC
20118311000001104,Capsaicin 0.006% cream,20118311000001104,AMP,1003020AAAAACAC
17358611000001103,Capsaicin 179mg cutaneous patches,17358611000001103,VMP,1003020AAAAADAD
465711000001100,Axsain 0.075% cream,465711000001100,AMP,1003020AABCAAAA
318011000001101,Zacin 0.025% cream,318011000001101,AMP,1003020AABDAAAB
17319911000001107,Qutenza 179mg cutaneous patches,17319911000001107,AMP,1003020AABEAAAD
11812711000001103,Arnica montana gel,11812711000001103,VMP,1003020ADAAAAAA
11800211000001107,Atrogel Arnica gel,11800211000001107,AMP,1003020ADBBAAAA
36866211000001105,Methyl salicylate 105mg / Levomenthol 31.5mg medicated plasters,36866211000001105,VMP,1003020AEAAAAAA
36839111000001102,Salonpas Pain Relief Patch 105mg/31.5mg medicated plasters,36839111000001102,AMP,1003020AEBBAAAA
37899511000001101,Diclofenac diethylammonium 1.16% gel,37899511000001101,VMP,1003020AFAAAAAA
45446111000001102,Diclofenac 1.16% gel,45446111000001102,AMP,1003020AFAAAAAA
44975911000001101,Diclofenac 1.16% gel,44975911000001101,AMP,1003020AFAAAAAA
22480211000001104,Diclofenac diethylammonium 2.32% gel,22480211000001104,VMP,1003020AFAAABAB
42392111000001101,Diclofenac 2.32% gel,42392111000001101,AMP,1003020AFAAABAB
42496511000001103,Diclofenac 2.32% gel,42496511000001103,AMP,1003020AFAAABAB
44680211000001107,Diclofenac 2.32% gel,44680211000001107,AMP,1003020AFAAABAB
42342211000001100,Diclofenac 2.32% gel,42342211000001100,AMP,1003020AFAAABAB
2894011000001109,Voltarol 1.16% Emulgel,2894011000001109,AMP,1003020AFBBAAAA
2893611000001100,Voltarol Osteoarthritis Joint Pain Relief 1.16% gel,2893611000001100,AMP,1003020AFBBABAA
9099911000001101,Voltarol Back & Muscle Pain Relief 1.16% gel,9099911000001101,AMP,1003020AFBBACAA
22479611000001102,Voltarol 12 Hour Emulgel P 2.32% gel,22479611000001102,AMP,1003020AFBBADAB
40733311000001107,Motusol 1.16% gel,40733311000001107,AMP,1003020AFBCAAAA
40733711000001106,Motusol Max 2.32% gel,40733711000001106,AMP,1003020AFBCABAB
41892011000001103,Benzydamine 3% cream,41892011000001103,VMP,1003020F0AAAAAA
64511000001104,Difflam 3% cream,64511000001104,AMP,1003020F0BBAAAA
580211000001108,Difflam-P 3% cream,580211000001108,AMP,1003020F0BBABAA
8116311000001103,Capsicum 2.466% ointment,8116311000001103,VMP,1003020H0AAAHAH
8109311000001108,Fiery Jack 2.466% ointment,8109311000001108,AMP,1003020H0BCAAAH
14609011000001109,Diethylamine salicylate 10% cream,14609011000001109,VMP,1003020I0AAAAAA
439911000001107,Algesal cream,439911000001107,AMP,1003020I0BBAAAA
750711000001107,Odour Free Lloyds cream,750711000001107,AMP,1003020I0BDAAAA
41739811000001108,Felbinac 3% gel,41739811000001108,VMP,1003020M0AAAAAA
42103611000001107,Felbinac 3.17% foam,42103611000001107,VMP,1003020M0AAABAB
873811000001106,Traxam 3% gel,873811000001106,AMP,1003020M0BBAAAA
289511000001106,Traxam 3.17% foam,289511000001106,AMP,1003020M0BBABAB
906211000001104,Traxam Pain Relief 3% gel,906211000001104,AMP,1003020M0BBACAA
14613711000001105,Methyl salicylate 25% liniment,14613711000001105,VMP,1003020N0AAAAAA
4220711000001107,Methyl salicylate 25% liniment,4220711000001107,AMP,1003020N0AAAAAA
4222011000001109,Methyl salicylate 25% liniment,4222011000001109,AMP,1003020N0AAAAAA
4221011000001101,Methyl salicylate 25% liniment,4221011000001101,AMP,1003020N0AAAAAA
24584111000001101,Methyl salicylate 25% liniment,24584111000001101,AMP,1003020N0AAAAAA
4221511000001109,Methyl salicylate 25% liniment,4221511000001109,AMP,1003020N0AAAAAA
14611511000001104,Methyl salicylate 50% ointment,14611511000001104,VMP,1003020N0AAABAB
3781011000001103,Methyl salicylate 50% ointment,3781011000001103,AMP,1003020N0AAABAB
3783311000001104,Methyl salicylate 50% ointment,3783311000001104,AMP,1003020N0AAABAB
3781711000001101,Methyl salicylate 50% ointment,3781711000001101,AMP,1003020N0AAABAB
24606311000001104,Methyl salicylate 50% ointment,24606311000001104,AMP,1003020N0AAABAB
3782911000001105,Methyl salicylate 50% ointment,3782911000001105,AMP,1003020N0AAABAB
8818811000001101,Methyl salicylate liquid,8818811000001101,VMP,1003020N0AAAFAF
5184111000001100,Methyl salicylate liquid,5184111000001100,AMP,1003020N0AAAFAF
5184911000001102,Methyl salicylate liquid,5184911000001102,AMP,1003020N0AAAFAF
5184511000001109,Methyl salicylate liquid,5184511000001109,AMP,1003020N0AAAFAF
3392311000001109,Generic Balmosa cream,3392311000001109,VMP,1003020N0AAAKAK
8110111000001103,Generic Dubam spray,8110111000001103,VMP,1003020N0AAAMAM
7488811000001104,Generic Radian B Muscle lotion,7488811000001104,VMP,1003020N0AAASAS
9526411000001109,Generic Deep Heat rub,9526411000001109,VMP,1003020N0AAATAT
8888611000001103,Generic PR Heat spray,8888611000001103,VMP,1003020N0AAAUAU
4030911000001104,Generic Radian B Pain Relief spray,4030911000001104,VMP,1003020N0AAAYAY
3861611000001105,Hydroxyethyl salicylate 6% / Methyl nicotinate 1.6% spray,3861611000001105,VMP,1003020N0AAAZAZ
9519811000001105,Methyl salicylate 30% / Menthol 8% cream,9519811000001105,VMP,1003020N0AABABA
16756811000001103,Methyl salicylate 70mg/g topical solution,16756811000001103,VMP,1003020N0AABBBB
314311000001108,Balmosa cream,314311000001108,AMP,1003020N0BDAAAK
8107311000001103,Dubam spray,8107311000001103,AMP,1003020N0BEABAM
8110011000001104,Generic Dubam cream,8110011000001104,VMP,1003020N0BEACA0
8107611000001108,Dubam cream,8107611000001108,AMP,1003020N0BEACA0
9116911000001100,Generic Radian B Muscle rub,9116911000001100,VMP,1003020N0BFACA0
9111411000001102,Radian B Muscle rub,9111411000001102,AMP,1003020N0BFACA0
7429611000001102,Radian B Muscle lotion,7429611000001102,AMP,1003020N0BFAEAS
4024711000001105,Radian B Pain Relief spray,4024711000001105,AMP,1003020N0BFAFAY
9523311000001106,Deep Heat rub,9523311000001106,AMP,1003020N0BIAAAT
4077211000001109,Deep Heat spray,4077211000001109,AMP,1003020N0BIADA0
9507511000001102,Deep Heat Maximum Strength cream,9507511000001102,AMP,1003020N0BIAHBA
12532011000001107,Mentholatum Vapour Rub,12532011000001107,AMP,1003020N0BIAIA0
35009911000001105,Deep Heat Pain Relief spray,35009911000001105,AMP,1003020N0BIAJA0
4119011000001106,Generic Nasciodine medicated massage cream,4119011000001106,VMP,1003020N0BKAAA0
4116711000001103,Nasciodine medicated massage cream,4116711000001103,AMP,1003020N0BKAAA0
4694511000001104,Generic Ralgex stick,4694511000001104,VMP,1003020N0BLACA0
4684911000001107,Ralgex sticks,4684911000001107,AMP,1003020N0BLACA0
3839311000001105,Ralgex Heat spray,3839311000001105,AMP,1003020N0BLADAZ
8886911000001105,PR Heat spray,8886911000001105,AMP,1003020N0BNAAAU
13861211000001107,Lloydspharmacy Vapour Rub,13861211000001107,AMP,1003020N0BPABA0
7500111000001101,Generic Warming Pain Relief spray,7500111000001101,VMP,1003020N0BRAAA0
7498311000001109,Boots Warming Pain Relief spray,7498311000001109,AMP,1003020N0BRAAA0
8824211000001103,Numark Muscle Rub ointment,8824211000001103,AMP,1003020N0BSAAA0
16752311000001108,Bell's Seven in One Rubbing Oil,16752311000001108,AMP,1003020N0BUAABB
16751211000001107,Bell's Muscle Rub ointment,16751211000001107,AMP,1003020N0BUABA0
41901911000001104,Ibuprofen 5% cream,41901911000001104,VMP,1003020P0AAAAAA
41740811000001103,Ibuprofen 5% gel,41740811000001103,VMP,1003020P0AAACAC
269411000001105,Ibuprofen 5% gel,269411000001105,AMP,1003020P0AAACAC
19313911000001100,Ibuprofen 5% gel,19313911000001100,AMP,1003020P0AAACAC
702511000001109,Ibuprofen 5% gel,702511000001109,AMP,1003020P0AAACAC
13578711000001100,Ibuprofen 5% gel,13578711000001100,AMP,1003020P0AAACAC
13635511000001109,Ibuprofen 5% gel,13635511000001109,AMP,1003020P0AAACAC
4007811000001102,Ibuprofen 5% gel,4007811000001102,AMP,1003020P0AAACAC
38992411000001109,Ibuprofen 5% gel,38992411000001109,AMP,1003020P0AAACAC
17931011000001108,Ibuprofen 5% gel,17931011000001108,AMP,1003020P0AAACAC
29876711000001101,Ibuprofen 5% gel,29876711000001101,AMP,1003020P0AAACAC
559511000001109,Ibuprofen 5% gel,559511000001109,AMP,1003020P0AAACAC
22046111000001108,Ibuprofen 5% gel,22046111000001108,AMP,1003020P0AAACAC
42105111000001103,Ibuprofen 5% spray,42105111000001103,VMP,1003020P0AAADAD
42105011000001104,Ibuprofen 5% foam,42105011000001104,VMP,1003020P0AAAFAF
41740711000001106,Ibuprofen 5% / Levomenthol 3% gel,41740711000001106,VMP,1003020P0AAAHAH
41740611000001102,Ibuprofen 10% gel,41740611000001102,VMP,1003020P0AAAIAI
7383811000001102,Ibuprofen 10% gel,7383811000001102,AMP,1003020P0AAAIAI
16659711000001108,Ibuprofen 10% gel,16659711000001108,AMP,1003020P0AAAIAI
44087711000001107,Ibuprofen 10% gel,44087711000001107,AMP,1003020P0AAAIAI
24173511000001109,Ibuprofen 10% gel,24173511000001109,AMP,1003020P0AAAIAI
32408111000001105,Ibuprofen 10% gel,32408111000001105,AMP,1003020P0AAAIAI
38992011000001100,Ibuprofen 10% gel,38992011000001100,AMP,1003020P0AAAIAI
17931211000001103,Ibuprofen 10% gel,17931211000001103,AMP,1003020P0AAAIAI
15101311000001104,Ibuprofen 10% gel,15101311000001104,AMP,1003020P0AAAIAI
7382311000001101,Ibuprofen 10% gel,7382311000001101,AMP,1003020P0AAAIAI
13429511000001107,Ibuprofen 10% gel,13429511000001107,AMP,1003020P0AAAIAI
22045711000001101,Ibuprofen 10% gel,22045711000001101,AMP,1003020P0AAAIAI
35776211000001101,Ibuprofen 200mg medicated plasters,35776211000001101,VMP,1003020P0AAAKAK
600211000001102,Proflex 5% cream,600211000001102,AMP,1003020P0BBAAAA
848011000001108,Proflex Pain Relief 5% cream,848011000001108,AMP,1003020P0BBABAA
127811000001107,Ibuleve 5% gel,127811000001107,AMP,1003020P0BCAAAC
904811000001105,Ibuleve Sports 5% gel,904811000001105,AMP,1003020P0BCABAC
721511000001105,Ibuleve 5% spray,721511000001105,AMP,1003020P0BCACAD
4398211000001102,Ibuleve 5% Mousse,4398211000001102,AMP,1003020P0BCAEAF
125011000001108,Ibuleve Maximum Strength 10% gel,125011000001108,AMP,1003020P0BCAFAI
13450111000001107,Ibuleve Speed Relief 5% gel,13450111000001107,AMP,1003020P0BCAGAC
16968111000001109,Ibuleve Speed Relief 5% spray,16968111000001109,AMP,1003020P0BCAHAD
18376811000001109,Ibuleve Speed Relief Max Strength 10% gel,18376811000001109,AMP,1003020P0BCAIAI
40116611000001106,Ibuleve Pain Relief 5% Spray,40116611000001106,AMP,1003020P0BCAJAD
40116811000001105,Ibuleve Pain Relief 5% Gel,40116811000001105,AMP,1003020P0BCAKAC
40117511000001109,Ibuleve Max Strength Pain Relief 10% Gel,40117511000001109,AMP,1003020P0BCALAI
894011000001108,Ibugel 5% gel,894011000001108,AMP,1003020P0BDAAAC
52111000001109,Ibugel Forte 10% gel,52111000001109,AMP,1003020P0BDABAI
3597411000001101,Deep Relief gel,3597411000001101,AMP,1003020P0BEAAAH
369111000001106,Ibuspray 5% spray,369111000001106,AMP,1003020P0BFAAAD
165711000001104,Fenbid 5% gel,165711000001104,AMP,1003020P0BGAAAC
46111000001106,Fenbid Forte 10% gel,46111000001106,AMP,1003020P0BGABAI
900411000001102,Radian B Ibuprofen 5% gel,900411000001102,AMP,1003020P0BHAAAC
9248411000001104,Radian B Ibuprofen Massage stick,9248411000001104,AMP,1003020P0BHABAC
759911000001103,Ibutop Ralgex Ibuprofen 5% gel,759911000001103,AMP,1003020P0BIAAAC
545311000001103,Cuprofen 5% gel,545311000001103,AMP,1003020P0BJAAAC
4398411000001103,Ibumousse 5%,4398411000001103,AMP,1003020P0BKAAAF
354711000001102,Nurofen 5% gel,354711000001102,AMP,1003020P0BLAAAC
71511000001105,Nurofen Maximum Strength 10% gel,71511000001105,AMP,1003020P0BLABAI
31395211000001102,Nurofen Joint & Back Pain Relief Max Strength 10% gel,31395211000001102,AMP,1003020P0BLACAI
31395711000001109,Nurofen Joint & Back Pain Relief 5% gel,31395711000001109,AMP,1003020P0BLADAC
35748611000001104,Nurofen Joint & Muscular Pain Relief 200mg medicated plasters,35748611000001104,AMP,1003020P0BLAEAK
510711000001104,Phorpain Maximum Strength 10% gel,510711000001104,AMP,1003020P0BMAAAI
5165511000001108,Mentholatum Ibuprofen 5% gel,5165511000001108,AMP,1003020P0BNAAAC
31004811000001100,Boots Ibuprofen 5% gel,31004811000001100,AMP,1003020P0BPACAC
31005211000001100,Boots Ibuprofen Max Strength 10% gel,31005211000001100,AMP,1003020P0BPADAI
12210611000001101,Ibuprofen Pain Relief Maximum Strength 10% gel,12210611000001101,AMP,1003020P0BQAAAI
24664211000001103,Numark Ibuprofen Pain Relief 5% gel,24664211000001103,AMP,1003020P0BQACAC
7904711000001100,Lloydspharmacy Maximum Strength Ibuprofen 10% gel,7904711000001100,AMP,1003020P0BRAAAI
9738911000001103,Phorpain 5% gel,9738911000001103,AMP,1003020P0BSAAAC
13449111000001100,Ibuderm 5% gel,13449111000001100,AMP,1003020P0BTAAAC
17634311000001105,Ibucalm Ibuprofen Pain Relief 5% gel,17634311000001105,AMP,1003020P0BUAAAC
41743811000001105,Piroxicam 0.5% gel,41743811000001105,VMP,1003020R0AAAAAA
4381311000001102,Piroxicam 0.5% gel,4381311000001102,AMP,1003020R0AAAAAA
22332211000001103,Piroxicam 0.5% gel,22332211000001103,AMP,1003020R0AAAAAA
22665511000001107,Piroxicam 0.5% gel,22665511000001107,AMP,1003020R0AAAAAA
461011000001104,Piroxicam 0.5% gel,461011000001104,AMP,1003020R0AAAAAA
24647611000001102,Piroxicam 0.5% gel,24647611000001102,AMP,1003020R0AAAAAA
30112911000001100,Piroxicam 0.5% gel,30112911000001100,AMP,1003020R0AAAAAA
11012611000001106,Piroxicam 0.5% gel,11012611000001106,AMP,1003020R0AAAAAA
65211000001101,Piroxicam 0.5% gel,65211000001101,AMP,1003020R0AAAAAA
32906811000001101,Piroxicam 0.5% gel,32906811000001101,AMP,1003020R0AAAAAA
30858011000001104,Piroxicam 0.5% gel,30858011000001104,AMP,1003020R0AAAAAA
39162911000001100,Piroxicam 0.5% gel,39162911000001100,AMP,1003020R0AAAAAA
11410111000001107,Piroxicam 0.5% gel,11410111000001107,AMP,1003020R0AAAAAA
17878911000001108,Piroxicam 0.5% gel,17878911000001108,AMP,1003020R0AAAAAA
15172211000001105,Piroxicam 0.5% gel,15172211000001105,AMP,1003020R0AAAAAA
11150011000001102,Piroxicam 0.5% gel,11150011000001102,AMP,1003020R0AAAAAA
36850311000001105,Piroxicam 0.5% gel,36850311000001105,AMP,1003020R0AAAAAA
21849211000001106,Piroxicam 0.5% gel,21849211000001106,AMP,1003020R0AAAAAA
515611000001100,Feldene 0.5% gel,515611000001100,AMP,1003020R0BBAAAA
444111000001109,Feldene P 0.5% gel,444111000001109,AMP,1003020R0BBACAA
3556911000001100,Generic Transvasin Heat Rub cream,3556911000001100,VMP,1003020T0AAAAAA
4933411000001106,Generic Cremalgin Balm ointment,4933411000001106,VMP,1003020T0AAADAD
4195111000001106,Generic Transvasin Heat spray,4195111000001106,VMP,1003020T0AAAFAF
7488711000001107,Generic Pain Relief balm cream,7488711000001107,VMP,1003020T0AAAGAG
632311000001101,Transvasin Heat Rub cream,632311000001101,AMP,1003020T0BBAAAA
4183411000001101,Transvasin Heat spray,4183411000001101,AMP,1003020T0BBABAF
4926911000001106,Cremalgin Balm ointment,4926911000001106,AMP,1003020T0BFAAAD
8116111000001100,Generic Fiery Jack cream,8116111000001100,VMP,1003020T0BJAAA0
8109611000001103,Fiery Jack cream,8109611000001103,AMP,1003020T0BJAAA0
4701211000001105,Generic Ralgex cream,4701211000001105,VMP,1003020T0BNAAA0
4684211000001103,Ralgex cream,4684211000001103,AMP,1003020T0BNAAA0
7487711000001106,Boots Pain Relief balm,7487711000001106,AMP,1003020T0BRAAAG
3591111000001104,Diclofenac 16mg/ml topical solution,3591111000001104,VMP,1003020U0AAADAD
14986011000001103,Diclofenac 4% cutaneous spray,14986011000001103,VMP,1003020U0AAAHAH
30318011000001108,Diclofenac 140mg medicated plasters,30318011000001108,VMP,1003020U0AAAJAJ
37899411000001100,Diclofenac sodium 1% gel,37899411000001100,VMP,1003020U0AAAKAK
38853311000001107,Diclofenac 1% gel,38853311000001107,AMP,1003020U0AAAKAK
37912611000001101,Diclofenac 1% gel,37912611000001101,AMP,1003020U0AAAKAK
38337211000001106,Diclofenac 1% gel,38337211000001106,AMP,1003020U0AAAKAK
40335111000001105,Diclofenac 1% gel,40335111000001105,AMP,1003020U0AAAKAK
39327711000001100,Diclofenac 1% gel,39327711000001100,AMP,1003020U0AAAKAK
37897411000001109,Diclofenac 1% gel,37897411000001109,AMP,1003020U0AAAKAK
121111000001107,Pennsaid 16mg/ml cutaneous solution,121111000001107,AMP,1003020U0BEAAAD
14985611000001100,Mobigel 4% spray,14985611000001100,AMP,1003020U0BHAAAH
15638011000001104,Mobigel Paineze 4% spray,15638011000001104,AMP,1003020U0BHACAH
19904411000001104,Voltarol Active 4% spray,19904411000001104,AMP,1003020U0BIAAAH
30246811000001104,Voltarol ONE A DAY Muscle Pain Relief 140mg medicated plaster,30246811000001104,AMP,1003020U0BJAAAJ
35729311000001101,Flector Tissugel 140mg medicated plasters,35729311000001101,AMP,1003020U0BKAAAJ
17563111000001108,Generic PR Freeze spray,17563111000001108,VMP,1003020Y0AAAAAA
8108311000001102,Pentane 40% / Levomenthol 2% spray,8108311000001102,VMP,1003020Y0AAABAB
4052911000001104,Menthol 2% gel,4052911000001104,VMP,1003020Y0AAACAC
39965211000001101,Generic Deep Freeze Cold spray,39965211000001101,VMP,1003020Y0AAADAD
17528811000001103,PR Freeze spray,17528811000001103,AMP,1003020Y0BBAAAA
8106111000001103,Deep Freeze spray,8106111000001103,AMP,1003020Y0BDAAAB
4036911000001101,Deep Freeze Cold Gel 2%,4036911000001101,AMP,1003020Y0BDABAC
39959711000001104,Deep Freeze Cold spray,39959711000001104,AMP,1003020Y0BDACAD
3897511000001103,Generic Ralgex Freeze spray,3897511000001103,VMP,1003020Y0BEAAA0
3893811000001106,Ralgex Freeze spray,3893811000001106,AMP,1003020Y0BEAAA0
35896411000001108,Alfentanil 1mg/2ml solution for injection ampoules,35896411000001108,VMP,1501043A0AAABAB
16729711000001102,Alfentanil 1mg/2ml solution for injection ampoules,16729711000001102,AMP,1501043A0AAABAB
39143911000001101,Alfentanil 1mg/2ml solution for injection ampoules,39143911000001101,AMP,1501043A0AAABAB
13930311000001106,Alfentanil 1mg/2ml solution for injection ampoules,13930311000001106,AMP,1501043A0AAABAB
40835211000001102,Alfentanil 1mg/2ml solution for injection ampoules,40835211000001102,AMP,1501043A0AAABAB
13803811000001108,Alfentanil 1mg/2ml solution for injection ampoules,13803811000001108,AMP,1501043A0AAABAB
14961811000001101,Alfentanil 1mg/2ml solution for injection ampoules,14961811000001101,AMP,1501043A0AAABAB
36119811000001108,Fentanyl 100micrograms/2ml solution for injection ampoules,36119811000001108,VMP,1501043F0AAAAAA
3982611000001107,Fentanyl 100micrograms/2ml solution for injection ampoules,3982611000001107,AMP,1501043F0AAAAAA
40858811000001109,Fentanyl 100micrograms/2ml solution for injection ampoules,40858811000001109,AMP,1501043F0AAAAAA
15627411000001107,Fentanyl 100micrograms/2ml solution for injection ampoules,15627411000001107,AMP,1501043F0AAAAAA
10683611000001101,Fentanyl 100micrograms/2ml solution for injection ampoules,10683611000001101,AMP,1501043F0AAAAAA
10351011000001109,Fentanyl 100micrograms/2ml solution for injection ampoules,10351011000001109,AMP,1501043F0AAAAAA
40760211000001102,Fentanyl 100micrograms/2ml solution for injection ampoules,40760211000001102,AMP,1501043F0AAAAAA
3983011000001109,Fentanyl 100micrograms/2ml solution for injection ampoules,3983011000001109,AMP,1501043F0AAAAAA
28792911000001108,Fentanyl 100micrograms/2ml solution for injection ampoules,28792911000001108,AMP,1501043F0AAAAAA
116281000001109,Lidocaine 700mg medicated plasters,116281000001109,VMP,1502010J0AAELEL
42789811000001103,Lidocaine 700mg medicated plasters,42789811000001103,AMP,1502010J0AAELEL
11052611000001103,Versatis 700mg medicated plasters,11052611000001103,AMP,1502010J0BSAAEL
34178211000001102,Ralvo 700mg medicated plasters,34178211000001102,AMP,1502010J0BWAAEL
111141006,VMP previous to 8818811000001101,111141006,VMP,1003020N0AAAFAF
134806003,VMP previous to 42011811000001104,134806003,VMP,0407020A0AAAPAP
134807007,VMP previous to 42011711000001107,134807007,VMP,0407020A0AAANAN
134808002,VMP previous to 42012211000001107,134808002,VMP,0407020A0AAALAL
134809005,VMP previous to 42012111000001101,134809005,VMP,0407020A0AAAKAK
134810000,VMP previous to 42012011000001102,134810000,VMP,0407020A0AAAJAJ
134812008,VMP previous to 42011911000001109,134812008,VMP,0407020A0AAAIAI
15857511000001104,VMP previous to 42106911000001107,15857511000001104,VMP,1001010AAAAAHAH
321745007,VMP previous to 42291111000001104,321745007,VMP,0403010B0AAAGAG
321746008,VMP previous to 42291211000001105,321746008,VMP,0403010B0AAAHAH
321747004,VMP previous to 42291311000001102,321747004,VMP,0403010B0AAAIAI
321761009,VMP previous to 35901411000001107,321761009,VMP,0403010B0AAANAN
321762002,VMP previous to 35901611000001105,321762002,VMP,0403010B0AAAFAF
321763007,VMP previous to 35901211000001108,321763007,VMP,0403010B0AAAAAA
321765000,VMP previous to 35901511000001106,321765000,VMP,0403010B0AAABAB
321816001,VMP previous to 42295311000001100,321816001,VMP,0403010N0AAADAD
321817005,VMP previous to 42295411000001107,321817005,VMP,0403010N0AAAEAE
321825007,VMP previous to 36046511000001104,321825007,VMP,0403010N0AAACAC
321861002,VMP previous to 39701411000001105,321861002,VMP,0403010V0AAADAD
321864005,VMP previous to 39701511000001109,321864005,VMP,0403010V0AAAEAE
322225002,VMP previous to 42291511000001108,322225002,VMP,0407010B0AAA3A3
322232006,VMP previous to 42291611000001107,322232006,VMP,0407010B0AABEBE
322233001,VMP previous to 42291411000001109,322233001,VMP,0407010B0AABCBC
322236009,VMP previous to 42109611000001109,322236009,VMP,0407010H0AAAMAM
322237000,VMP previous to 39720311000001101,322237000,VMP,0407010H0AAAQAQ
322238005,VMP previous to 42108311000001105,322238005,VMP,0407010H0AAABAB
322239002,VMP previous to 42108911000001106,322239002,VMP,0407010H0AAACAC
322246006,VMP previous to 42108111000001108,322246006,VMP,0407010H0AACNCN
322250004,VMP previous to 42109511000001105,322250004,VMP,0407010H0AABUBU
322254008,VMP previous to 42108711000001109,322254008,VMP,0407010H0AABSBS
322256005,VMP previous to 42108211000001102,322256005,VMP,0407010H0AABQBQ
322257001,VMP previous to 42108811000001101,322257001,VMP,0407010H0AACBCB
322258006,VMP previous to 42109711000001100,322258006,VMP,0407010H0AACWCW
322277008,VMP previous to 42108411000001103,322277008,VMP,0407010H0AAAIAI
322278003,VMP previous to 42108511000001104,322278003,VMP,0407010H0AACMCM
322280009,VMP previous to 42109411000001106,322280009,VMP,0407010H0AAAAAA
322281008,VMP previous to 39025411000001104,322281008,VMP,0407010H0AAA7A7
322282001,VMP previous to 39024711000001106,322282001,VMP,0407010H0AAAWAW
322284000,VMP previous to 39024611000001102,322284000,VMP,0407010H0AABGBG
322299000,VMP previous to 42107911000001105,322299000,VMP,100101070AAAAAA
322303005,VMP previous to 42296811000001101,322303005,VMP,0407010P0AAABAB
322304004,VMP previous to 36030511000001102,322304004,VMP,0407010P0AAAAAA
322307006,VMP previous to 42010211000001106,322307006,VMP,0407010F0AAAAAA
322310004,VMP previous to 39695111000001108,322310004,VMP,0407010M0AAABAB
322311000,VMP previous to 42010611000001108,322311000,VMP,0407010N0AAAAAA
322312007,VMP previous to 39690311000001103,322312007,VMP,0407010Q0AAAAAA
322321008,VMP previous to 39695311000001105,322321008,VMP,0407010A0AAABAB
322323006,VMP previous to 42009611000001100,322323006,VMP,0407010F0AAAQAQ
322325004,VMP previous to 42009911000001106,322325004,VMP,0407010F0AAARAR
322341003,VMP previous to 42009811000001101,322341003,VMP,0407010F0AAAHAH
322343000,VMP previous to 42010111000001100,322343000,VMP,0407010F0AAACAC
322344006,VMP previous to 42010011000001101,322344006,VMP,0407010F0AAABAB
322365000,VMP previous to 42009711000001109,322365000,VMP,0407010F0AAAFAF
322366004,VMP previous to 42009511000001104,322366004,VMP,0407010F0AAADAD
322367008,VMP previous to 42010711000001104,322367008,VMP,0407010N0AAAHAH
322368003,VMP previous to 42010811000001107,322368003,VMP,0407010N0AAAIAI
322379008,VMP previous to 42009411000001103,322379008,VMP,0407010F0AAAPAP
322428003,VMP previous to 42015411000001103,322428003,VMP,0407020Q0AAGDGD
322432009,VMP previous to 42015311000001105,322432009,VMP,0407020Q0AACQCQ
322433004,VMP previous to 42015511000001104,322433004,VMP,0407020Q0AACRCR
322440003,VMP previous to 36128311000001101,322440003,VMP,0407020Q0AACNCN
322446009,VMP previous to 42015111000001108,322446009,VMP,0407020P0AAABAB
322447000,VMP previous to 42015211000001102,322447000,VMP,0407020P0AAACAC
322448005,VMP previous to 36128011000001104,322448005,VMP,0407020P0AAADAD
322450002,VMP previous to 36129111000001105,322450002,VMP,0407020Q0AAANAN
322455007,VMP previous to 42015611000001100,322455007,VMP,0407020Q0AAGCGC
322456008,VMP previous to 36022611000001104,322456008,VMP,0407020W0AAAAAA
322486001,VMP previous to 36127911000001101,322486001,VMP,0407020P0AAAIAI
322492007,VMP previous to 42009211000001102,322492007,VMP,0407020B0AAADAD
322498006,VMP previous to 42009011000001107,322498006,VMP,0407020B0AAABAB
322499003,VMP previous to 35913611000001107,322499003,VMP,0407020B0AAAAAA
322502004,VMP previous to 42010311000001103,322502004,VMP,0407020C0AAADAD
322503009,VMP previous to 42010411000001105,322503009,VMP,0407020C0AAAEAE
322504003,VMP previous to 42010511000001109,322504003,VMP,0407020C0AAAFAF
322505002,VMP previous to 36566111000001100,322505002,VMP,0407020C0AAABAB
322506001,VMP previous to 36090011000001104,322506001,VMP,0407020C0AAAAAA
322507005,VMP previous to 36090211000001109,322507005,VMP,0407020C0AAAGAG
322522000,VMP previous to 42011411000001101,322522000,VMP,0407020K0AACBCB
322523005,VMP previous to 34819611000001105,322523005,VMP,0407020K0AAAAAA
322524004,VMP previous to 42011311000001108,322524004,VMP,0407020K0AAABAB
322525003,VMP previous to 42011511000001102,322525003,VMP,0407020K0AAAEAE
322526002,VMP previous to 42011211000001100,322526002,VMP,0407020K0AAAFAF
322527006,VMP previous to 42011611000001103,322527006,VMP,0407020K0AAAGAG
322539003,VMP previous to 39708511000001104,322539003,VMP,0407020G0AAACAC
322540001,VMP previous to 36098611000001109,322540001,VMP,0407020G0AAAAAA
322541002,VMP previous to 36069111000001106,322541002,VMP,0407020G0AAABAB
322546007,VMP previous to 39112411000001109,322546007,VMP,0407020G0AAADAD
322550000,VMP previous to 39112511000001108,322550000,VMP,0407020G0AAAEAE
322551001,VMP previous to 39112611000001107,322551001,VMP,0407020G0AAAFAF
322553003,VMP previous to 39708711000001109,322553003,VMP,0407020G0AAAIAI
322556006,VMP previous to 39689711000001107,322556006,VMP,0407020H0AAABAB
322588003,VMP previous to 36121011000001105,322588003,VMP,0407020M0AAA3A3
322589006,VMP previous to 36123211000001101,322589006,VMP,0407020M0AAATAT
322590002,VMP previous to 36032811000001103,322590002,VMP,0407020M0AAANAN
322591003,VMP previous to 42385311000001106,322591003,VMP,0407020M0AAAEAE
322592005,VMP previous to 36120511000001109,322592005,VMP,0407020M0AAAVAV
322600003,VMP previous to 42016311000001100,322600003,VMP,0407020T0AAAAAA
322601004,VMP previous to 42016211000001108,322601004,VMP,0407020T0AAABAB
322602006,VMP previous to 36027611000001101,322602006,VMP,0407020U0AAAAAA
322603001,VMP previous to 36027711000001105,322603001,VMP,0407020U0AAACAC
322604007,VMP previous to 42016411000001107,322604007,VMP,0407020U0AAABAB
322612004,VMP previous to 39702511000001101,322612004,VMP,0407020V0AAACAC
322622005,VMP previous to 35920411000001105,322622005,VMP,040702040AAABAB
322623000,VMP previous to 42017811000001106,322623000,VMP,040702040AAAAAA
322626008,VMP previous to 35920311000001103,322626008,VMP,040702040AAACAC
322627004,VMP previous to 35920611000001108,322627004,VMP,040702040AAADAD
322628009,VMP previous to 35920811000001107,322628009,VMP,040702040AAAEAE
322633008,VMP previous to 39714911000001102,322633008,VMP,040702040AAAFAF
322636000,VMP previous to 35940111000001103,322636000,VMP,040702040AAAGAG
322637009,VMP previous to 35920211000001106,322637009,VMP,040702040AAAHAH
322638004,VMP previous to 35920511000001109,322638004,VMP,040702040AAAIAI
322639007,VMP previous to 35920711000001104,322639007,VMP,040702040AAAJAJ
322645004,VMP previous to 42017911000001101,322645004,VMP,040702040AAAKAK
322646003,VMP previous to 42017711000001103,322646003,VMP,040702040AAALAL
322662009,VMP previous to 35921211000001100,322662009,VMP,040702040AAAPAP
322663004,VMP previous to 35920911000001102,322663004,VMP,040702040AAAMAM
322664005,VMP previous to 35921011000001105,322664005,VMP,040702040AAANAN
322665006,VMP previous to 42012811000001108,322665006,VMP,040702050AAAEAE
322667003,VMP previous to 42012911000001103,322667003,VMP,040702050AAADAD
322669000,VMP previous to 36057411000001103,322669000,VMP,040702050AAAFAF
322670004,VMP previous to 36057611000001100,322670004,VMP,040702050AAAGAG
322671000,VMP previous to 36057711000001109,322671000,VMP,040702050AAACAC
322672007,VMP previous to 36057211000001102,322672007,VMP,040702050AAAAAA
322673002,VMP previous to 36057311000001105,322673002,VMP,040702050AAABAB
322689004,VMP previous to 36131211000001102,322689004,VMP,0407020ADAAAAAA
322690008,VMP previous to 36130011000001103,322690008,VMP,0407020ADAAABAB
322691007,VMP previous to 42016011000001103,322691007,VMP,0407020ADAAACAC
322692000,VMP previous to 42015811000001101,322692000,VMP,0407020ADAAADAD
322693005,VMP previous to 42015911000001106,322693005,VMP,0407020ADAAAEAE
322694004,VMP previous to 36129511000001101,322694004,VMP,0407020ADAAAFAF
322695003,VMP previous to 36130411000001107,322695003,VMP,0407020ADAAAGAG
322696002,VMP previous to 36130911000001104,322696002,VMP,0407020ADAAAHAH
322697006,VMP previous to 36131511000001104,322697006,VMP,0407020ADAAAIAI
322708003,VMP previous to 42014811000001102,322708003,VMP,0407020Q0AACDCD
322709006,VMP previous to 42014911000001107,322709006,VMP,0407020Q0AACECE
322710001,VMP previous to 36127511000001108,322710001,VMP,0407020Q0AACGCG
322711002,VMP previous to 36126511000001106,322711002,VMP,0407020Q0AAAKAK
322712009,VMP previous to 36126811000001109,322712009,VMP,0407020Q0AACFCF
322713004,VMP previous to 36127311000001102,322713004,VMP,0407020Q0AAALAL
322714005,VMP previous to 36127711000001103,322714005,VMP,0407020Q0AAAIAI
322715006,VMP previous to 36126211000001108,322715006,VMP,0407020Q0AAAHAH
322716007,VMP previous to 36127011000001100,322716007,VMP,0407020Q0AAAGAG
322720006,VMP previous to 36126411000001107,322720006,VMP,0407020Q0AAEFEF
322721005,VMP previous to 36127211000001105,322721005,VMP,0407020Q0AAEGEG
322722003,VMP previous to 36127611000001107,322722003,VMP,0407020Q0AAEHEH
322723008,VMP previous to 36125811000001101,322723008,VMP,0407020Q0AAEBEB
322728004,VMP previous to 42015011000001107,322728004,VMP,0407020Q0AADRDR
322730002,VMP previous to 36127811000001106,322730002,VMP,0407020Q0AADUDU
322731003,VMP previous to 36126611000001105,322731003,VMP,0407020Q0AADVDV
322732005,VMP previous to 36126711000001101,322732005,VMP,0407020Q0AADWDW
322733000,VMP previous to 36126911000001104,322733000,VMP,0407020Q0AAEIEI
322741000,VMP previous to 36127111000001104,322741000,VMP,0407020Q0AADZDZ
322742007,VMP previous to 36127411000001109,322742007,VMP,0407020Q0AAEAEA
322750003,VMP previous to 10189711000001107,322750003,VMP,0407020Q0AAENEN
322751004,VMP previous to 10189611000001103,322751004,VMP,0407020Q0AAELEL
322761006,VMP previous to 36128611000001106,322761006,VMP,0407020Q0AAA6A6
329525004,VMP previous to 42291711000001103,329525004,VMP,0407010B0AAAFAF
329526003,VMP previous to 39695211000001102,329526003,VMP,0407010B0AAAEAE
329556007,VMP previous to 36098111000001101,329556007,VMP,1001010C0AAAAAA
329559000,VMP previous to 37084911000001107,329559000,VMP,1001010C0AAAWAW
329562002,VMP previous to 42101411000001105,329562002,VMP,1001010C0AAATAT
329563007,VMP previous to 42101511000001109,329563007,VMP,1001010C0AAAUAU
329574003,VMP previous to 42102111000001105,329574003,VMP,1001010C0AAARAR
329583008,VMP previous to 42101311000001103,329583008,VMP,1001010C0AAACAC
329584002,VMP previous to 35313311000001107,329584002,VMP,1001010C0AAABAB
329585001,VMP previous to 36563711000001106,329585001,VMP,1001010C0AAAFAF
329586000,VMP previous to 36566511000001109,329586000,VMP,1001010C0AAADAD
329587009,VMP previous to 42101911000001102,329587009,VMP,1001010C0AAAEAE
329591004,VMP previous to 39709911000001103,329591004,VMP,1001010C0AAAJAJ
329598005,VMP previous to 42101811000001107,329598005,VMP,1001010C0AAAMAM
329600004,VMP previous to 37084611000001101,329600004,VMP,1001010C0AAANAN
329602007,VMP previous to 42102011000001109,329602007,VMP,1001010C0AAAXAX
329607001,VMP previous to 39024511000001101,329607001,VMP,1001010C0AAALAL
329616002,VMP previous to 42103011000001100,329616002,VMP,1001010E0AAAAAA
329620003,VMP previous to 42103111000001104,329620003,VMP,1001010E0AAACAC
329622006,VMP previous to 39109711000001107,329622006,VMP,1001010E0AAADAD
329647008,VMP previous to 36059011000001103,329647008,VMP,1001010I0AAADAD
329648003,VMP previous to 42104311000001100,329648003,VMP,1001010I0AAABAB
329649006,VMP previous to 42104211000001108,329649006,VMP,1001010I0AAACAC
329650006,VMP previous to 42104111000001102,329650006,VMP,1001010I0AAAAAA
329652003,VMP previous to 42104811000001109,329652003,VMP,1001010J0AAADAD
329653008,VMP previous to 42104911000001104,329653008,VMP,1001010J0AAAEAE
329654002,VMP previous to 42105311000001101,329654002,VMP,1001010J0AAAFAF
329662005,VMP previous to 39110311000001101,329662005,VMP,1001010J0AAAPAP
329677002,VMP previous to 42105211000001109,329677002,VMP,1001010J0AAANAN
329683004,VMP previous to 42104611000001105,329683004,VMP,1001010J0AAAYAY
329686007,VMP previous to 39108111000001104,329686007,VMP,1001010J0AABHBH
329708004,VMP previous to 42105411000001108,329708004,VMP,1001010J0AAAGAG
329710002,VMP previous to 42104511000001106,329710002,VMP,1001010J0AAACAC
329711003,VMP previous to 36045011000001103,329711003,VMP,1001010J0AABABA
329712005,VMP previous to 36045311000001100,329712005,VMP,1001010J0AAABAB
329713000,VMP previous to 36045211000001108,329713000,VMP,1001010J0AAARAR
329714006,VMP previous to 42105611000001106,329714006,VMP,1001010K0AAAAAA
329715007,VMP previous to 42105811000001105,329715007,VMP,1001010K0AAABAB
329716008,VMP previous to 42105511000001107,329716008,VMP,1001010K0AAAFAF
329723009,VMP previous to 36046911000001106,329723009,VMP,1001010K0AAAJAJ
329726001,VMP previous to 36046711000001109,329726001,VMP,1001010K0AAAKAK
329727005,VMP previous to 36046611000001100,329727005,VMP,1001010K0AAALAL
329756005,VMP previous to 36046811000001101,329756005,VMP,1001010K0AAADAD
329757001,VMP previous to 39024911000001108,329757001,VMP,1001010K0AAACAC
329758006,VMP previous to 42106011000001108,329758006,VMP,1001010L0AAAAAA
329760008,VMP previous to 42105911000001100,329760008,VMP,1001010L0AAAPAP
329785004,VMP previous to 36037211000001101,329785004,VMP,1001010L0AAALAL
329786003,VMP previous to 36037111000001107,329786003,VMP,1001010L0AAAGAG
329787007,VMP previous to 36037011000001106,329787007,VMP,1001010L0AAAIAI
329788002,VMP previous to 36037311000001109,329788002,VMP,1001010L0AAAJAJ
329790001,VMP previous to 42106311000001106,329790001,VMP,1001010N0AAAAAA
329803004,VMP previous to 42106411000001104,329803004,VMP,1001010N0AAADAD
329804005,VMP previous to 35369111000001107,329804005,VMP,1001010N0AAABAB
329806007,VMP previous to 42107511000001103,329806007,VMP,1001010P0AAADAD
329807003,VMP previous to 42107811000001100,329807003,VMP,1001010P0AAAEAE
329838002,VMP previous to 42107411000001102,329838002,VMP,1001010P0AAAHAH
329839005,VMP previous to 42107611000001104,329839005,VMP,1001010P0AAAIAI
329847005,VMP previous to 36030111000001106,329847005,VMP,1001010P0AAAQAQ
329848000,VMP previous to 36030211000001100,329848000,VMP,1001010P0AAALAL
329850008,VMP previous to 36564511000001103,329850008,VMP,1001010P0AAAJAJ
329852000,VMP previous to 42107311000001109,329852000,VMP,1001010P0AAARAR
329853005,VMP previous to 42107711000001108,329853005,VMP,1001010P0AABGBG
329862007,VMP previous to 42110111000001109,329862007,VMP,1001010R0AAAAAA
329863002,VMP previous to 42110211000001103,329863002,VMP,1001010R0AAABAB
329879001,VMP previous to 36017111000001101,329879001,VMP,1001010R0AAAHAH
329880003,VMP previous to 36017011000001102,329880003,VMP,1001010R0AAAGAG
329881004,VMP previous to 39721011000001108,329881004,VMP,1001010R0AAADAD
329882006,VMP previous to 39721211000001103,329882006,VMP,1001010R0AAAEAE
329883001,VMP previous to 42110311000001106,329883001,VMP,1001010R0AAACAC
329887000,VMP previous to 42111611000001106,329887000,VMP,1001010S0AAAAAA
329888005,VMP previous to 42111711000001102,329888005,VMP,1001010S0AAABAB
329894002,VMP previous to 35918311000001105,329894002,VMP,1001010T0AAADAD
329895001,VMP previous to 42112111000001108,329895001,VMP,1001010T0AAABAB
329896000,VMP previous to 42112211000001102,329896000,VMP,1001010T0AAACAC
329910006,VMP previous to 42107211000001101,329910006,VMP,1001010X0AAAAAA
329914002,VMP previous to 42112011000001107,329914002,VMP,100101040AAAAAA
329921002,VMP previous to 35915711000001102,329921002,VMP,100101040AAADAD
329925006,VMP previous to 42099211000001100,329925006,VMP,100101080AAAAAA
329926007,VMP previous to 42106511000001100,329926007,VMP,1001010AAAAACAC
329927003,VMP previous to 42106811000001102,329927003,VMP,1001010AAAAAAAA
329928008,VMP previous to 42106611000001101,329928008,VMP,1001010AAAAABAB
329933007,VMP previous to 42106711000001105,329933007,VMP,1001010AAAAADAD
329963003,VMP previous to 39690211000001106,329963003,VMP,1001010AEAAAAAA
329967002,VMP previous to 42101611000001108,329967002,VMP,1001010AGAAAAAA
329968007,VMP previous to 42101711000001104,329968007,VMP,1001010AGAAABAB
330169002,VMP previous to 42100511000001102,330169002,VMP,1001010AHAAABAB
330170001,VMP previous to 42100411000001101,330170001,VMP,1001010AHAAAAAA
330176007,VMP previous to 14613711000001105,330176007,VMP,1003020N0AAAAAA
330177003,VMP previous to 14611511000001104,330177003,VMP,1003020N0AAABAB
330185007,VMP previous to 41892011000001103,330185007,VMP,1003020F0AAAAAA
330201008,VMP previous to 42103611000001107,330201008,VMP,1003020M0AAABAB
330202001,VMP previous to 41740811000001103,330202001,VMP,1003020P0AAACAC
330203006,VMP previous to 41741511000001108,330203006,VMP,100302010AAAAAA
330206003,VMP previous to 37899511000001101,330206003,VMP,1003020AFAAAAAA
330229006,VMP previous to 41739811000001108,330229006,VMP,1003020M0AAAAAA
330232009,VMP previous to 41901911000001104,330232009,VMP,1003020P0AAAAAA
330233004,VMP previous to 41743811000001105,330233004,VMP,1003020R0AAAAAA
330236007,VMP previous to 41893811000001101,330236007,VMP,1003020AAAAAAAA
330239000,VMP previous to 42105111000001103,330239000,VMP,1003020P0AAADAD
330242006,VMP previous to 14609011000001109,330242006,VMP,1003020I0AAAAAA
330262003,VMP previous to 41893711000001109,330262003,VMP,1003020AAAAABAB
330264002,VMP previous to 42105011000001104,330264002,VMP,1003020P0AAAFAF
330274004,VMP previous to 41740611000001102,330274004,VMP,1003020P0AAAIAI
333913006,VMP previous to 35896411000001108,333913006,VMP,1501043A0AAABAB
333919005,VMP previous to 36120011000001101,333919005,VMP,0407020A0AAAEAE
333920004,VMP previous to 36120211000001106,333920004,VMP,0407020A0AAAFAF
333921000,VMP previous to 36120311000001103,333921000,VMP,0407020A0AAAGAG
333922007,VMP previous to 36119911000001103,333922007,VMP,0407020A0AAAHAH
333928006,VMP previous to 36119811000001108,333928006,VMP,1501043F0AAAAAA
333936002,VMP previous to 39700411000001101,333936002,VMP,0407020L0AAABAB
333937006,VMP previous to 39718711000001107,333937006,VMP,0407020L0AAAAAA
333941005,VMP previous to 36128511000001107,333941005,VMP,0407020Q0AAAFAF
333942003,VMP previous to 36128711000001102,333942003,VMP,0407020Q0AAADAD
333955002,VMP previous to 36025411000001105,333955002,VMP,0407020ABAAAIAI
333960003,VMP previous to 14612711000001102,333960003,VMP,0407020ABAAABAB
333962006,VMP previous to 14615911000001108,333962006,VMP,0407020ABAAAAAA
333967000,VMP previous to 36028411000001100,333967000,VMP,0407020V0AAAPAP
333968005,VMP previous to 36028111000001105,333968005,VMP,0407020V0AAALAL
333969002,VMP previous to 36028311000001107,333969002,VMP,0407020V0AAAAAA
333970001,VMP previous to 36028211000001104,333970001,VMP,0407020V0AAAEAE
3411011000001108,VMP previous to 42103211000001105,3411011000001108,VMP,1001010AJAAACAC
3411111000001109,VMP previous to 42103311000001102,3411111000001109,VMP,1001010AJAAAAAA
3411211000001103,VMP previous to 42103411000001109,3411211000001103,VMP,1001010AJAAABAB
347331004,VMP previous to 41744711000001100,347331004,VMP,100302000AAAAAA
348005009,VMP previous to 35369011000001106,348005009,VMP,0407010H0AAASAS
348125006,VMP previous to 39709111000001101,348125006,VMP,0407020K0AAFPFP
348315009,VMP previous to 42109111000001101,348315009,VMP,0407010U0AAAAAA
3487111000001104,VMP previous to 39719311000001102,3487111000001104,VMP,1001010X0AAACAC
354043009,VMP previous to 36128211000001109,354043009,VMP,0407020Q0AAABAB
354044003,VMP previous to 38895511000001108,354044003,VMP,0407020Q0AAACAC
354046001,VMP previous to 36128911000001100,354046001,VMP,0407020Q0AAAMAM
358501001,VMP previous to 39720511000001107,358501001,VMP,0407010U0AAACAC
35921111000001106,VMP previous to 42017811000001106,35921111000001106,VMP,040702040AAAAAA
3602211000001105,VMP previous to 41740711000001106,3602211000001105,VMP,1003020P0AAAHAH
370195008,VMP previous to 42104711000001101,370195008,VMP,1001010J0AAAAAA
370261003,VMP previous to 42015711000001109,370261003,VMP,0407020Q0AABJBJ
374811009,VMP previous to 36057511000001104,374811009,VMP,040702050AAALAL
374815000,VMP previous to 36057111000001108,374815000,VMP,040702050AAANAN
376491004,VMP previous to 116281000001109,376491004,VMP,1502010J0AAELEL
376878007,VMP previous to 42105711000001102,376878007,VMP,1001010K0AABBBB
3926211000001104,VMP previous to 42104711000001101,3926211000001104,VMP,1001010J0AAAAAA
400480005,VMP previous to 39719311000001102,400480005,VMP,1001010X0AAACAC
400729005,VMP previous to 41740711000001106,400729005,VMP,1003020P0AAAHAH
407895000,VMP previous to 35913711000001103,407895000,VMP,0407020B0AAAEAE
407896004,VMP previous to 35913811000001106,407896004,VMP,0407020B0AAAFAF
407897008,VMP previous to 35913911000001101,407897008,VMP,0407020B0AAAGAG
407904005,VMP previous to 39693611000001104,407904005,VMP,1001010J0AABJBJ
407907003,VMP previous to 42103311000001102,407907003,VMP,1001010AJAAAAAA
407908008,VMP previous to 42103411000001109,407908008,VMP,1001010AJAAABAB
407909000,VMP previous to 42103211000001105,407909000,VMP,1001010AJAAACAC
407919006,VMP previous to 36131011000001107,407919006,VMP,0407020ADAAAKAK
408078009,VMP previous to 36130611000001105,408078009,VMP,0407020ADAAAMAM
408079001,VMP previous to 36129811000001103,408079001,VMP,0407020ADAAALAL
408601001,VMP previous to 42106111000001109,408601001,VMP,1001010AIAAABAB
408602008,VMP previous to 42106211000001103,408602008,VMP,1001010AIAAACAC
412651007,VMP previous to 42106911000001107,412651007,VMP,1001010AAAAAHAH
416946001,VMP previous to 42294211000001107,416946001,VMP,0403040Y0AAABAB
417231005,VMP previous to 42294111000001101,417231005,VMP,0403040Y0AAAAAA
418352003,VMP previous to 42101111000001100,418352003,VMP,1001010AMAAAAAA
418855005,VMP previous to 42101211000001106,418855005,VMP,1001010AMAAABAB
419435005,VMP previous to 36026311000001108,419435005,VMP,0407010H0AADKDK
425685004,VMP previous to 42100611000001103,425685004,VMP,1001010AHAAADAD
4316911000001108,VMP previous to 39709111000001101,4316911000001108,VMP,0407020K0AAFPFP
442341005,VMP previous to 42017611000001107,442341005,VMP,0407020AGAAABAB
442472008,VMP previous to 42017511000001108,442472008,VMP,0407020AGAAAAAA
444885002,VMP previous to 36130711000001101,444885002,VMP,0407020ADAAARAR
444958008,VMP previous to 36130211000001108,444958008,VMP,0407020ADAAASAS
445146000,VMP previous to 36131311000001105,445146000,VMP,0407020ADAAAQAQ
4508611000001100,VMP previous to 42106211000001103,4508611000001100,VMP,1001010AIAAACAC
4508711000001109,VMP previous to 42106111000001109,4508711000001109,VMP,1001010AIAAABAB
4615611000001103,VMP previous to 39693611000001104,4615611000001103,VMP,1001010J0AABJBJ
8561711000001104,VMP previous to 42105711000001102,8561711000001104,VMP,1001010K0AABBBB
9042911000001100,VMP previous to 42294111000001101,9042911000001100,VMP,0403040Y0AAAAAA
9043011000001108,VMP previous to 42294211000001107,9043011000001108,VMP,0403040Y0AAABAB
9467711000001102,VMP previous to 42101111000001100,9467711000001102,VMP,1001010AMAAAAAA
9467811000001105,VMP previous to 42101211000001106,9467811000001105,VMP,1001010AMAAABAB
